#
# There is insufficient memory for the Java Runtime Environment to continue.
# Native memory allocation (mmap) failed to map 452984832 bytes. Error detail: G1 virtual space
# Possible reasons:
#   The system is out of physical RAM or swap space
#   This process is running with CompressedOops enabled, and the Java Heap may be blocking the growth of the native heap
# Possible solutions:
#   Reduce memory load on the system
#   Increase physical memory or swap space
#   Check if swap backing store is full
#   Decrease Java heap size (-Xmx/-Xms)
#   Decrease number of Java threads
#   Decrease Java thread stack sizes (-Xss)
#   Set larger code cache with -XX:ReservedCodeCacheSize=
#   JVM is running with Unscaled Compressed Oops mode in which the Java heap is
#     placed in the first 4GB address space. The Java Heap base address is the
#     maximum limit for the native heap growth. Please use -XX:HeapBaseMinAddress
#     to set the Java Heap base and to place the Java Heap above 4GB virtual address.
# This output file may be truncated or incomplete.
#
#  Out of Memory Error (os_windows.cpp:3686), pid=26776, tid=2584
#
# JRE version: OpenJDK Runtime Environment Temurin-21.0.7+6 (21.0.7+6) (build 21.0.7+6-LTS)
# Java VM: OpenJDK 64-Bit Server VM Temurin-21.0.7+6 (21.0.7+6-LTS, mixed mode, sharing, tiered, compressed oops, compressed class ptrs, g1 gc, windows-amd64)
# No core dump will be written. Minidumps are not enabled by default on client versions of Windows
#

---------------  S U M M A R Y ------------

Command Line: --add-opens=java.base/java.lang=ALL-UNNAMED --add-opens=java.base/java.lang.invoke=ALL-UNNAMED --add-opens=java.base/java.util=ALL-UNNAMED --add-opens=java.prefs/java.util.prefs=ALL-UNNAMED --add-exports=jdk.compiler/com.sun.tools.javac.api=ALL-UNNAMED --add-exports=jdk.compiler/com.sun.tools.javac.util=ALL-UNNAMED --add-opens=java.base/java.util=ALL-UNNAMED --add-opens=java.prefs/java.util.prefs=ALL-UNNAMED --add-opens=java.base/java.nio.charset=ALL-UNNAMED --add-opens=java.base/java.net=ALL-UNNAMED --add-opens=java.base/java.util.concurrent=ALL-UNNAMED --add-opens=java.base/java.util.concurrent.atomic=ALL-UNNAMED --add-opens=java.xml/javax.xml.namespace=ALL-UNNAMED --add-opens=java.base/java.time=ALL-UNNAMED -Xmx2048m -Dfile.encoding=UTF-8 -Duser.country=US -Duser.language=en -Duser.variant -javaagent:C:\Users\rroob\.gradle\wrapper\dists\gradle-9.3.1-bin\23ovyewtku6u96viwx3xl3oks\gradle-9.3.1\lib\agents\gradle-instrumentation-agent-9.3.1.jar org.gradle.launcher.daemon.bootstrap.GradleDaemon 9.3.1

Host: AMD Ryzen 7 5700X 8-Core Processor             , 16 cores, 31G,  Windows 10 , 64 bit Build 19041 (10.0.19041.7181)
Time: Tue May  5 21:04:37 2026 GTB Daylight Time elapsed time: 27.990514 seconds (0d 0h 0m 27s)

---------------  T H R E A D  ---------------

Current thread (0x000001d8df58cfe0):  VMThread "VM Thread"          [id=2584, stack(0x000000831a200000,0x000000831a300000) (1024K)]

Stack: [0x000000831a200000,0x000000831a300000]
Native frames: (J=compiled Java code, j=interpreted, Vv=VM code, C=native code)
V  [jvm.dll+0x6ce119]
V  [jvm.dll+0x8a84a1]
V  [jvm.dll+0x8aa9ce]
V  [jvm.dll+0x8ab0b3]
V  [jvm.dll+0x27f8a6]
V  [jvm.dll+0x6ca945]
V  [jvm.dll+0x6bebea]
V  [jvm.dll+0x355eca]
V  [jvm.dll+0x35da96]
V  [jvm.dll+0x3af72e]
V  [jvm.dll+0x3af9d8]
V  [jvm.dll+0x32a05c]
V  [jvm.dll+0x32a0e7]
V  [jvm.dll+0x36deac]
V  [jvm.dll+0x36c6f8]
V  [jvm.dll+0x329821]
V  [jvm.dll+0x36bd6a]
V  [jvm.dll+0x8b0dcf]
V  [jvm.dll+0x8b2154]
V  [jvm.dll+0x8b2690]
V  [jvm.dll+0x8b2933]
V  [jvm.dll+0x851f6b]
V  [jvm.dll+0x6cc7dd]
C  [ucrtbase.dll+0x21bb2]
C  [KERNEL32.DLL+0x17374]
C  [ntdll.dll+0x4cc91]

VM_Operation (0x000000832a8fd4d0): G1CollectForAllocation, mode: safepoint, requested by thread 0x000001d93e9b6590


---------------  P R O C E S S  ---------------

Threads class SMR info:
_java_thread_list=0x000001d92a71d860, length=273, elements={
0x000001d8c282f4b0, 0x000001d8df59e370, 0x000001d8e0091230, 0x000001d8e0097fb0,
0x000001d8e0099c90, 0x000001d8e009baf0, 0x000001d8e009c540, 0x000001d8e00a92e0,
0x000001d8e00cd280, 0x000001d8df5762c0, 0x000001d8e03f0730, 0x000001d9262dad10,
0x000001d9273913e0, 0x000001d9273a3570, 0x000001d927474d30, 0x000001d927475390,
0x000001d927531570, 0x000001d927639c30, 0x000001d92746b170, 0x000001d92746d8d0,
0x000001d92746df60, 0x000001d92746aae0, 0x000001d92746cbb0, 0x000001d92746c520,
0x000001d92b1e28b0, 0x000001d92b1e8b20, 0x000001d92b1e56a0, 0x000001d92b1e2f40,
0x000001d92b1e70e0, 0x000001d92b1e7770, 0x000001d92b1e6a50, 0x000001d92b1e1b90,
0x000001d92b1e4980, 0x000001d92b1e42f0, 0x000001d92b1e5010, 0x000001d92a871a50,
0x000001d92a8720e0, 0x000001d92a8741b0, 0x000001d92a872e00, 0x000001d92a873b20,
0x000001d92a870d30, 0x000001d92a86f2f0, 0x000001d92a86f980, 0x000001d92a870010,
0x000001d92a874ed0, 0x000001d92a8706a0, 0x000001d92a876280, 0x000001d92a876910,
0x000001d92d1fc0f0, 0x000001d92d1fba60, 0x000001d92d1f5160, 0x000001d92d1fa6b0,
0x000001d92d1f5e80, 0x000001d92d1f57f0, 0x000001d92d1fb3d0, 0x000001d92d1f6ba0,
0x000001d92d1f7230, 0x000001d92d1f9300, 0x000001d92d1f85e0, 0x000001d92d1f6510,
0x000001d92d1f78c0, 0x000001d92d1f7f50, 0x000001d92d1fad40, 0x000001d92d1fa020,
0x000001d92d1f8c70, 0x000001d92d1fc780, 0x000001d929cd92a0, 0x000001d929cd9fc0,
0x000001d929cda650, 0x000001d929cdc720, 0x000001d929cd71d0, 0x000001d929cddad0,
0x000001d929cdace0, 0x000001d929cdc090, 0x000001d929cd8580, 0x000001d929cd7860,
0x000001d929cdcdb0, 0x000001d929cdd440, 0x000001d929cd7ef0, 0x000001d929cd8c10,
0x000001d92b1e8490, 0x000001d92d7d6730, 0x000001d92d7d5380, 0x000001d92d7d5a10,
0x000001d92d7d3940, 0x000001d9267165f0, 0x000001d926713170, 0x000001d926714520,
0x000001d926718030, 0x000001d926714bb0, 0x000001d926715240, 0x000001d926713800,
0x000001d9267186c0, 0x000001d926712ae0, 0x000001d9267193e0, 0x000001d926718d50,
0x000001d926716c80, 0x000001d926713e90, 0x000001d926717310, 0x000001d926719a70,
0x000001d9267158d0, 0x000001d92671a100, 0x000001d926715f60, 0x000001d928eac280,
0x000001d928ea8770, 0x000001d928eae9e0, 0x000001d928ead630, 0x000001d928ea9b20,
0x000001d928ea9490, 0x000001d928eaaed0, 0x000001d928eaf070, 0x000001d928eaa840,
0x000001d928eac910, 0x000001d928eacfa0, 0x000001d928eae350, 0x000001d928eabbf0,
0x000001d928eaf700, 0x000001d928eafd90, 0x000001d928eadcc0, 0x000001d928ea8e00,
0x000001d928eaa1b0, 0x000001d928eab560, 0x000001d92ad1c410, 0x000001d92ad20c40,
0x000001d92ad1f890, 0x000001d92ad1caa0, 0x000001d92ad21960, 0x000001d92ad205b0,
0x000001d92ad212d0, 0x000001d92ad1f200, 0x000001d92ad1e4e0, 0x000001d92ad1ff20,
0x000001d9295defb0, 0x000001d9295de290, 0x000001d9295ddc00, 0x000001d9295dc850,
0x000001d9295d86b0, 0x000001d9295dbb30, 0x000001d9295da0f0, 0x000001d9295d93d0,
0x000001d9295de920, 0x000001d9295dcee0, 0x000001d9295d9a60, 0x000001d9295df640,
0x000001d9295dfcd0, 0x000001d9295dd570, 0x000001d9295d8d40, 0x000001d9295e0360,
0x000001d9295e1710, 0x000001d9295e09f0, 0x000001d9295e1080, 0x000001d9295da780,
0x000001d9295e1da0, 0x000001d9295dae10, 0x000001d9295e2430, 0x000001d9295e2ac0,
0x000001d9295e3150, 0x000001d92ad1d130, 0x000001d92ad22d10, 0x000001d92ad1bd80,
0x000001d92ad233a0, 0x000001d92ad1d7c0, 0x000001d92ad1de50, 0x000001d92b1e63c0,
0x000001d92b1e7e00, 0x000001d92746be90, 0x000001d92d7d4660, 0x000001d92ec73260,
0x000001d92ec71190, 0x000001d92ec71820, 0x000001d92ec6f0c0, 0x000001d92ec71eb0,
0x000001d92ec74ca0, 0x000001d92ec75330, 0x000001d92ec72540, 0x000001d92ec70470,
0x000001d92ec72bd0, 0x000001d92ec6e3a0, 0x000001d92ec70b00, 0x000001d92ec738f0,
0x000001d92ec759c0, 0x000001d92ec6ea30, 0x000001d92ec76050, 0x000001d92ec766e0,
0x000001d92ec6f750, 0x000001d92ec76d70, 0x000001d92ec6fde0, 0x000001d929bc4270,
0x000001d92ec7a880, 0x000001d92ec7af10, 0x000001d92ec77400, 0x000001d92ec7d670,
0x000001d92ec7b5a0, 0x000001d92ec79b60, 0x000001d92ec7cfe0, 0x000001d92ec787b0,
0x000001d92ec7a1f0, 0x000001d92ec7bc30, 0x000001d92ec7c2c0, 0x000001d92ec77a90,
0x000001d92ec7c950, 0x000001d9295e58b0, 0x000001d9295dc1c0, 0x000001d9295e4500,
0x000001d9295e6c60, 0x000001d9295e5220, 0x000001d9295e72f0, 0x000001d9295e5f40,
0x000001d9295e65d0, 0x000001d9295e7980, 0x000001d92ec78120, 0x000001d92ad22680,
0x000001d92ff7d5f0, 0x000001d92ff7c8d0, 0x000001d92ff7dc80, 0x000001d92ff831d0,
0x000001d92ff824b0, 0x000001d92ff80a70, 0x000001d92ff7cf60, 0x000001d92ff81e20,
0x000001d92ff82b40, 0x000001d92ff7c240, 0x000001d92ff7e310, 0x000001d92ff7f6c0,
0x000001d92ff83860, 0x000001d92ff83ef0, 0x000001d92ff7fd50, 0x000001d92ff85930,
0x000001d92ff84580, 0x000001d937de0440, 0x000001d937de0b10, 0x000001d937ddf6a0,
0x000001d937de2650, 0x000001d937de2d20, 0x000001d937de33f0, 0x000001d937de4f30,
0x000001d937de4190, 0x000001d92cf1a220, 0x000001d93e9b7fd0, 0x000001d93e9b8660,
0x000001d93e9b8cf0, 0x000001d93e9b44c0, 0x000001d93e9b4b50, 0x000001d93e9b51e0,
0x000001d93e9b5870, 0x000001d93e9b5f00, 0x000001d93e9b6590, 0x000001d93e9b6c20,
0x000001d93e9bb450, 0x000001d93e9be8d0, 0x000001d93e9bef60, 0x000001d93e9badc0,
0x000001d93e9bbae0, 0x000001d93e9bd520, 0x000001d93e9a3120, 0x000001d93e9a7fe0,
0x000001d93e9a2400, 0x000001d93e9a3e40, 0x000001d93e9a4b60, 0x000001d93e9a51f0,
0x000001d93e9a5880, 0x000001d93e9a1050, 0x000001d93e9a16e0, 0x000001d93e9a37b0,
0x000001d93e9a1d70, 0x000001d93e9a72c0, 0x000001d93e9a5f10, 0x000001d93e9a6c30,
0x000001d93e9a8670, 0x000001d93e9a9a20, 0x000001d940d84c00, 0x000001d940d86640,
0x000001d940d85920
}

Java Threads: ( => current thread )
  0x000001d8c282f4b0 JavaThread "main"                              [_thread_blocked, id=8248, stack(0x0000008319b00000,0x0000008319c00000) (1024K)]
  0x000001d8df59e370 JavaThread "Reference Handler"          daemon [_thread_blocked, id=31824, stack(0x000000831a300000,0x000000831a400000) (1024K)]
  0x000001d8e0091230 JavaThread "Finalizer"                  daemon [_thread_blocked, id=31000, stack(0x000000831a400000,0x000000831a500000) (1024K)]
  0x000001d8e0097fb0 JavaThread "Signal Dispatcher"          daemon [_thread_blocked, id=19940, stack(0x000000831a500000,0x000000831a600000) (1024K)]
  0x000001d8e0099c90 JavaThread "Attach Listener"            daemon [_thread_blocked, id=10432, stack(0x000000831a600000,0x000000831a700000) (1024K)]
  0x000001d8e009baf0 JavaThread "Service Thread"             daemon [_thread_blocked, id=29940, stack(0x000000831a700000,0x000000831a800000) (1024K)]
  0x000001d8e009c540 JavaThread "Monitor Deflation Thread"   daemon [_thread_blocked, id=18868, stack(0x000000831a800000,0x000000831a900000) (1024K)]
  0x000001d8e00a92e0 JavaThread "C2 CompilerThread0"         daemon [_thread_blocked, id=24564, stack(0x000000831a900000,0x000000831aa00000) (1024K)]
  0x000001d8e00cd280 JavaThread "C1 CompilerThread0"         daemon [_thread_blocked, id=9480, stack(0x000000831aa00000,0x000000831ab00000) (1024K)]
  0x000001d8df5762c0 JavaThread "Common-Cleaner"             daemon [_thread_blocked, id=32292, stack(0x000000831ac00000,0x000000831ad00000) (1024K)]
  0x000001d8e03f0730 JavaThread "Notification Thread"        daemon [_thread_blocked, id=21260, stack(0x000000831ae00000,0x000000831af00000) (1024K)]
  0x000001d9262dad10 JavaThread "Daemon health stats"               [_thread_blocked, id=2020, stack(0x000000831be00000,0x000000831bf00000) (1024K)]
  0x000001d9273913e0 JavaThread "Incoming local TCP Connector on port 51102"        [_thread_in_native, id=7900, stack(0x000000831bf00000,0x000000831c000000) (1024K)]
  0x000001d9273a3570 JavaThread "Daemon periodic checks"            [_thread_blocked, id=26400, stack(0x000000831c000000,0x000000831c100000) (1024K)]
  0x000001d927474d30 JavaThread "Daemon"                            [_thread_blocked, id=34584, stack(0x000000831c100000,0x000000831c200000) (1024K)]
  0x000001d927475390 JavaThread "Handler for socket connection from /127.0.0.1:51102 to /127.0.0.1:51103"        [_thread_in_native, id=32308, stack(0x000000831c200000,0x000000831c300000) (1024K)]
  0x000001d927531570 JavaThread "Cancel handler"                    [_thread_blocked, id=28376, stack(0x000000831c300000,0x000000831c400000) (1024K)]
  0x000001d927639c30 JavaThread "Daemon worker"                     [_thread_blocked, id=28844, stack(0x000000831c400000,0x000000831c500000) (1024K)]
  0x000001d92746b170 JavaThread "Asynchronous log dispatcher for DefaultDaemonConnection: socket connection from /127.0.0.1:51102 to /127.0.0.1:51103"        [_thread_blocked, id=17752, stack(0x000000831c500000,0x000000831c600000) (1024K)]
  0x000001d92746d8d0 JavaThread "Stdin handler"                     [_thread_blocked, id=28244, stack(0x000000831c600000,0x000000831c700000) (1024K)]
  0x000001d92746df60 JavaThread "Daemon client event forwarder"        [_thread_blocked, id=32296, stack(0x000000831c700000,0x000000831c800000) (1024K)]
  0x000001d92746aae0 JavaThread "Cache worker for journal cache (C:\Users\rroob\.gradle\caches\journal-1)"        [_thread_blocked, id=31060, stack(0x000000831c800000,0x000000831c900000) (1024K)]
  0x000001d92746cbb0 JavaThread "File lock request listener"        [_thread_in_native, id=13268, stack(0x000000831c900000,0x000000831ca00000) (1024K)]
  0x000001d92746c520 JavaThread "Cache worker for file hash cache (C:\Users\rroob\.gradle\caches\9.3.1\fileHashes)"        [_thread_blocked, id=27936, stack(0x000000831ca00000,0x000000831cb00000) (1024K)]
  0x000001d92b1e28b0 JavaThread "Cache worker for file hash cache (H:\Android_Projects\QAlarm\.gradle\9.3.1\fileHashes)"        [_thread_blocked, id=22892, stack(0x000000831ce00000,0x000000831cf00000) (1024K)]
  0x000001d92b1e8b20 JavaThread "Cache worker for Build Output Cleanup Cache (H:\Android_Projects\QAlarm\.gradle\buildOutputCleanup)"        [_thread_blocked, id=9884, stack(0x000000831cf00000,0x000000831d000000) (1024K)]
  0x000001d92b1e56a0 JavaThread "File watcher server"        daemon [_thread_in_native, id=15932, stack(0x000000831d000000,0x000000831d100000) (1024K)]
  0x000001d92b1e2f40 JavaThread "File watcher consumer"      daemon [_thread_blocked, id=4188, stack(0x000000831d100000,0x000000831d200000) (1024K)]
  0x000001d92b1e70e0 JavaThread "Cache worker for checksums cache (H:\Android_Projects\QAlarm\.gradle\9.3.1\checksums)"        [_thread_blocked, id=32228, stack(0x000000831d200000,0x000000831d300000) (1024K)]
  0x000001d92b1e7770 JavaThread "Cache worker for file content cache (C:\Users\rroob\.gradle\caches\9.3.1\fileContent)"        [_thread_blocked, id=9316, stack(0x000000831d300000,0x000000831d400000) (1024K)]
  0x000001d92b1e6a50 JavaThread "Cache worker for cache directory md-supplier (C:\Users\rroob\.gradle\caches\9.3.1\md-supplier)"        [_thread_blocked, id=32380, stack(0x000000831d400000,0x000000831d500000) (1024K)]
  0x000001d92b1e1b90 JavaThread "Cache worker for cache directory md-rule (C:\Users\rroob\.gradle\caches\9.3.1\md-rule)"        [_thread_blocked, id=7796, stack(0x000000831d500000,0x000000831d600000) (1024K)]
  0x000001d92b1e4980 JavaThread "Unconstrained build operations"        [_thread_blocked, id=13232, stack(0x000000831d700000,0x000000831d800000) (1024K)]
  0x000001d92b1e42f0 JavaThread "Unconstrained build operations Thread 2"        [_thread_blocked, id=14396, stack(0x000000831d800000,0x000000831d900000) (1024K)]
  0x000001d92b1e5010 JavaThread "Unconstrained build operations Thread 3"        [_thread_blocked, id=6984, stack(0x000000831d900000,0x000000831da00000) (1024K)]
  0x000001d92a871a50 JavaThread "Unconstrained build operations Thread 4"        [_thread_blocked, id=21152, stack(0x000000831da00000,0x000000831db00000) (1024K)]
  0x000001d92a8720e0 JavaThread "Unconstrained build operations Thread 5"        [_thread_blocked, id=2860, stack(0x000000831db00000,0x000000831dc00000) (1024K)]
  0x000001d92a8741b0 JavaThread "Unconstrained build operations Thread 6"        [_thread_blocked, id=24224, stack(0x000000831dc00000,0x000000831dd00000) (1024K)]
  0x000001d92a872e00 JavaThread "Unconstrained build operations Thread 7"        [_thread_blocked, id=8424, stack(0x000000831dd00000,0x000000831de00000) (1024K)]
  0x000001d92a873b20 JavaThread "Unconstrained build operations Thread 8"        [_thread_blocked, id=22324, stack(0x000000831de00000,0x000000831df00000) (1024K)]
  0x000001d92a870d30 JavaThread "Unconstrained build operations Thread 9"        [_thread_blocked, id=5876, stack(0x000000831df00000,0x000000831e000000) (1024K)]
  0x000001d92a86f2f0 JavaThread "Unconstrained build operations Thread 10"        [_thread_blocked, id=24408, stack(0x000000831e000000,0x000000831e100000) (1024K)]
  0x000001d92a86f980 JavaThread "Unconstrained build operations Thread 11"        [_thread_blocked, id=22356, stack(0x000000831e100000,0x000000831e200000) (1024K)]
  0x000001d92a870010 JavaThread "Unconstrained build operations Thread 12"        [_thread_blocked, id=1200, stack(0x000000831e200000,0x000000831e300000) (1024K)]
  0x000001d92a874ed0 JavaThread "Unconstrained build operations Thread 13"        [_thread_blocked, id=17788, stack(0x000000831e300000,0x000000831e400000) (1024K)]
  0x000001d92a8706a0 JavaThread "Unconstrained build operations Thread 14"        [_thread_blocked, id=33184, stack(0x000000831e400000,0x000000831e500000) (1024K)]
  0x000001d92a876280 JavaThread "Unconstrained build operations Thread 15"        [_thread_blocked, id=6700, stack(0x000000831e500000,0x000000831e600000) (1024K)]
  0x000001d92a876910 JavaThread "Unconstrained build operations Thread 16"        [_thread_blocked, id=28520, stack(0x000000831e600000,0x000000831e700000) (1024K)]
  0x000001d92d1fc0f0 JavaThread "Unconstrained build operations Thread 17"        [_thread_blocked, id=7468, stack(0x000000831e700000,0x000000831e800000) (1024K)]
  0x000001d92d1fba60 JavaThread "Unconstrained build operations Thread 18"        [_thread_blocked, id=30384, stack(0x000000831e800000,0x000000831e900000) (1024K)]
  0x000001d92d1f5160 JavaThread "Unconstrained build operations Thread 19"        [_thread_blocked, id=3664, stack(0x000000831e900000,0x000000831ea00000) (1024K)]
  0x000001d92d1fa6b0 JavaThread "Unconstrained build operations Thread 20"        [_thread_blocked, id=11600, stack(0x000000831ea00000,0x000000831eb00000) (1024K)]
  0x000001d92d1f5e80 JavaThread "Unconstrained build operations Thread 21"        [_thread_blocked, id=24916, stack(0x000000831eb00000,0x000000831ec00000) (1024K)]
  0x000001d92d1f57f0 JavaThread "Unconstrained build operations Thread 22"        [_thread_blocked, id=27844, stack(0x000000831ec00000,0x000000831ed00000) (1024K)]
  0x000001d92d1fb3d0 JavaThread "Unconstrained build operations Thread 23"        [_thread_blocked, id=22932, stack(0x000000831ed00000,0x000000831ee00000) (1024K)]
  0x000001d92d1f6ba0 JavaThread "Unconstrained build operations Thread 24"        [_thread_blocked, id=25628, stack(0x000000831ee00000,0x000000831ef00000) (1024K)]
  0x000001d92d1f7230 JavaThread "Unconstrained build operations Thread 25"        [_thread_blocked, id=8644, stack(0x000000831ef00000,0x000000831f000000) (1024K)]
  0x000001d92d1f9300 JavaThread "Unconstrained build operations Thread 26"        [_thread_blocked, id=28396, stack(0x000000831f000000,0x000000831f100000) (1024K)]
  0x000001d92d1f85e0 JavaThread "Unconstrained build operations Thread 27"        [_thread_blocked, id=10016, stack(0x000000831f100000,0x000000831f200000) (1024K)]
  0x000001d92d1f6510 JavaThread "Unconstrained build operations Thread 28"        [_thread_blocked, id=29760, stack(0x000000831f200000,0x000000831f300000) (1024K)]
  0x000001d92d1f78c0 JavaThread "Unconstrained build operations Thread 29"        [_thread_blocked, id=3748, stack(0x000000831f300000,0x000000831f400000) (1024K)]
  0x000001d92d1f7f50 JavaThread "Unconstrained build operations Thread 30"        [_thread_blocked, id=3236, stack(0x000000831f400000,0x000000831f500000) (1024K)]
  0x000001d92d1fad40 JavaThread "Unconstrained build operations Thread 31"        [_thread_blocked, id=23508, stack(0x000000831f500000,0x000000831f600000) (1024K)]
  0x000001d92d1fa020 JavaThread "Unconstrained build operations Thread 32"        [_thread_blocked, id=10380, stack(0x000000831f600000,0x000000831f700000) (1024K)]
  0x000001d92d1f8c70 JavaThread "Unconstrained build operations Thread 33"        [_thread_blocked, id=1616, stack(0x000000831f700000,0x000000831f800000) (1024K)]
  0x000001d92d1fc780 JavaThread "Unconstrained build operations Thread 34"        [_thread_blocked, id=28612, stack(0x000000831f800000,0x000000831f900000) (1024K)]
  0x000001d929cd92a0 JavaThread "Unconstrained build operations Thread 35"        [_thread_blocked, id=28556, stack(0x000000831f900000,0x000000831fa00000) (1024K)]
  0x000001d929cd9fc0 JavaThread "Unconstrained build operations Thread 36"        [_thread_blocked, id=33708, stack(0x000000831fa00000,0x000000831fb00000) (1024K)]
  0x000001d929cda650 JavaThread "Unconstrained build operations Thread 37"        [_thread_blocked, id=16040, stack(0x000000831fb00000,0x000000831fc00000) (1024K)]
  0x000001d929cdc720 JavaThread "Unconstrained build operations Thread 38"        [_thread_blocked, id=27016, stack(0x000000831fc00000,0x000000831fd00000) (1024K)]
  0x000001d929cd71d0 JavaThread "Unconstrained build operations Thread 39"        [_thread_blocked, id=24680, stack(0x000000831fd00000,0x000000831fe00000) (1024K)]
  0x000001d929cddad0 JavaThread "Unconstrained build operations Thread 40"        [_thread_blocked, id=23724, stack(0x000000831fe00000,0x000000831ff00000) (1024K)]
  0x000001d929cdace0 JavaThread "Unconstrained build operations Thread 41"        [_thread_blocked, id=2488, stack(0x000000831ff00000,0x0000008320000000) (1024K)]
  0x000001d929cdc090 JavaThread "Unconstrained build operations Thread 42"        [_thread_blocked, id=34156, stack(0x0000008320000000,0x0000008320100000) (1024K)]
  0x000001d929cd8580 JavaThread "Unconstrained build operations Thread 43"        [_thread_blocked, id=32644, stack(0x0000008320100000,0x0000008320200000) (1024K)]
  0x000001d929cd7860 JavaThread "Unconstrained build operations Thread 44"        [_thread_blocked, id=9116, stack(0x0000008320200000,0x0000008320300000) (1024K)]
  0x000001d929cdcdb0 JavaThread "Unconstrained build operations Thread 45"        [_thread_blocked, id=9596, stack(0x0000008320300000,0x0000008320400000) (1024K)]
  0x000001d929cdd440 JavaThread "Unconstrained build operations Thread 46"        [_thread_blocked, id=32588, stack(0x0000008320400000,0x0000008320500000) (1024K)]
  0x000001d929cd7ef0 JavaThread "Unconstrained build operations Thread 47"        [_thread_blocked, id=1724, stack(0x0000008320500000,0x0000008320600000) (1024K)]
  0x000001d929cd8c10 JavaThread "Unconstrained build operations Thread 48"        [_thread_blocked, id=21820, stack(0x0000008320600000,0x0000008320700000) (1024K)]
  0x000001d92b1e8490 JavaThread "Memory manager"                    [_thread_blocked, id=29348, stack(0x0000008320800000,0x0000008320900000) (1024K)]
  0x000001d92d7d6730 JavaThread "build event listener"              [_thread_blocked, id=28184, stack(0x0000008320900000,0x0000008320a00000) (1024K)]
  0x000001d92d7d5380 JavaThread "included builds"                   [_thread_blocked, id=33896, stack(0x0000008320a00000,0x0000008320b00000) (1024K)]
  0x000001d92d7d5a10 JavaThread "Execution worker"                  [_thread_blocked, id=27184, stack(0x0000008320b00000,0x0000008320c00000) (1024K)]
  0x000001d92d7d3940 JavaThread "Execution worker Thread 2"         [_thread_blocked, id=25476, stack(0x0000008320c00000,0x0000008320d00000) (1024K)]
  0x000001d9267165f0 JavaThread "Execution worker Thread 3"         [_thread_blocked, id=20360, stack(0x0000008320d00000,0x0000008320e00000) (1024K)]
  0x000001d926713170 JavaThread "Execution worker Thread 4"         [_thread_blocked, id=9204, stack(0x0000008320e00000,0x0000008320f00000) (1024K)]
  0x000001d926714520 JavaThread "Execution worker Thread 5"         [_thread_blocked, id=27988, stack(0x0000008320f00000,0x0000008321000000) (1024K)]
  0x000001d926718030 JavaThread "Execution worker Thread 6"         [_thread_blocked, id=19752, stack(0x0000008321000000,0x0000008321100000) (1024K)]
  0x000001d926714bb0 JavaThread "Execution worker Thread 7"         [_thread_blocked, id=32244, stack(0x0000008321100000,0x0000008321200000) (1024K)]
  0x000001d926715240 JavaThread "Execution worker Thread 8"         [_thread_blocked, id=18456, stack(0x0000008321200000,0x0000008321300000) (1024K)]
  0x000001d926713800 JavaThread "Execution worker Thread 9"         [_thread_blocked, id=31248, stack(0x0000008321300000,0x0000008321400000) (1024K)]
  0x000001d9267186c0 JavaThread "Execution worker Thread 10"        [_thread_blocked, id=10080, stack(0x0000008321400000,0x0000008321500000) (1024K)]
  0x000001d926712ae0 JavaThread "Execution worker Thread 11"        [_thread_blocked, id=1964, stack(0x0000008321500000,0x0000008321600000) (1024K)]
  0x000001d9267193e0 JavaThread "Execution worker Thread 12"        [_thread_blocked, id=30272, stack(0x0000008321600000,0x0000008321700000) (1024K)]
  0x000001d926718d50 JavaThread "Execution worker Thread 13"        [_thread_blocked, id=33848, stack(0x0000008321700000,0x0000008321800000) (1024K)]
  0x000001d926716c80 JavaThread "Execution worker Thread 14"        [_thread_blocked, id=31768, stack(0x0000008321800000,0x0000008321900000) (1024K)]
  0x000001d926713e90 JavaThread "Execution worker Thread 15"        [_thread_blocked, id=15944, stack(0x0000008321900000,0x0000008321a00000) (1024K)]
  0x000001d926717310 JavaThread "Cache worker for execution history cache (H:\Android_Projects\QAlarm\.gradle\9.3.1\executionHistory)"        [_thread_blocked, id=23348, stack(0x0000008321a00000,0x0000008321b00000) (1024K)]
  0x000001d926719a70 JavaThread "Unconstrained build operations Thread 49"        [_thread_blocked, id=26820, stack(0x0000008321b00000,0x0000008321c00000) (1024K)]
  0x000001d9267158d0 JavaThread "Unconstrained build operations Thread 50"        [_thread_blocked, id=23120, stack(0x0000008321c00000,0x0000008321d00000) (1024K)]
  0x000001d92671a100 JavaThread "Unconstrained build operations Thread 51"        [_thread_blocked, id=27832, stack(0x0000008321d00000,0x0000008321e00000) (1024K)]
  0x000001d926715f60 JavaThread "Unconstrained build operations Thread 52"        [_thread_blocked, id=33324, stack(0x0000008321e00000,0x0000008321f00000) (1024K)]
  0x000001d928eac280 JavaThread "Unconstrained build operations Thread 53"        [_thread_blocked, id=17932, stack(0x0000008321f00000,0x0000008322000000) (1024K)]
  0x000001d928ea8770 JavaThread "Unconstrained build operations Thread 54"        [_thread_blocked, id=21884, stack(0x0000008322000000,0x0000008322100000) (1024K)]
  0x000001d928eae9e0 JavaThread "Unconstrained build operations Thread 55"        [_thread_blocked, id=24380, stack(0x0000008322100000,0x0000008322200000) (1024K)]
  0x000001d928ead630 JavaThread "Unconstrained build operations Thread 56"        [_thread_blocked, id=29772, stack(0x0000008322200000,0x0000008322300000) (1024K)]
  0x000001d928ea9b20 JavaThread "Unconstrained build operations Thread 57"        [_thread_blocked, id=28348, stack(0x0000008322300000,0x0000008322400000) (1024K)]
  0x000001d928ea9490 JavaThread "Unconstrained build operations Thread 58"        [_thread_blocked, id=7968, stack(0x0000008322400000,0x0000008322500000) (1024K)]
  0x000001d928eaaed0 JavaThread "Unconstrained build operations Thread 59"        [_thread_blocked, id=30424, stack(0x0000008322500000,0x0000008322600000) (1024K)]
  0x000001d928eaf070 JavaThread "Unconstrained build operations Thread 60"        [_thread_blocked, id=34372, stack(0x0000008322600000,0x0000008322700000) (1024K)]
  0x000001d928eaa840 JavaThread "Unconstrained build operations Thread 61"        [_thread_blocked, id=21056, stack(0x0000008322700000,0x0000008322800000) (1024K)]
  0x000001d928eac910 JavaThread "Unconstrained build operations Thread 62"        [_thread_blocked, id=28968, stack(0x0000008322800000,0x0000008322900000) (1024K)]
  0x000001d928eacfa0 JavaThread "Unconstrained build operations Thread 63"        [_thread_blocked, id=2816, stack(0x0000008322900000,0x0000008322a00000) (1024K)]
  0x000001d928eae350 JavaThread "Unconstrained build operations Thread 64"        [_thread_blocked, id=29484, stack(0x0000008322a00000,0x0000008322b00000) (1024K)]
  0x000001d928eabbf0 JavaThread "Unconstrained build operations Thread 65"        [_thread_blocked, id=34376, stack(0x0000008322b00000,0x0000008322c00000) (1024K)]
  0x000001d928eaf700 JavaThread "Unconstrained build operations Thread 66"        [_thread_blocked, id=33528, stack(0x0000008322c00000,0x0000008322d00000) (1024K)]
  0x000001d928eafd90 JavaThread "Unconstrained build operations Thread 67"        [_thread_blocked, id=21148, stack(0x0000008322d00000,0x0000008322e00000) (1024K)]
  0x000001d928eadcc0 JavaThread "Unconstrained build operations Thread 68"        [_thread_blocked, id=27664, stack(0x0000008322e00000,0x0000008322f00000) (1024K)]
  0x000001d928ea8e00 JavaThread "Unconstrained build operations Thread 69"        [_thread_blocked, id=6712, stack(0x0000008322f00000,0x0000008323000000) (1024K)]
  0x000001d928eaa1b0 JavaThread "Unconstrained build operations Thread 70"        [_thread_blocked, id=24100, stack(0x0000008323000000,0x0000008323100000) (1024K)]
  0x000001d928eab560 JavaThread "Unconstrained build operations Thread 71"        [_thread_blocked, id=4624, stack(0x0000008323100000,0x0000008323200000) (1024K)]
  0x000001d92ad1c410 JavaThread "Unconstrained build operations Thread 72"        [_thread_blocked, id=24652, stack(0x0000008323200000,0x0000008323300000) (1024K)]
  0x000001d92ad20c40 JavaThread "Unconstrained build operations Thread 73"        [_thread_blocked, id=1568, stack(0x0000008323300000,0x0000008323400000) (1024K)]
  0x000001d92ad1f890 JavaThread "Unconstrained build operations Thread 74"        [_thread_blocked, id=22440, stack(0x0000008323400000,0x0000008323500000) (1024K)]
  0x000001d92ad1caa0 JavaThread "Unconstrained build operations Thread 75"        [_thread_blocked, id=22396, stack(0x0000008323500000,0x0000008323600000) (1024K)]
  0x000001d92ad21960 JavaThread "Unconstrained build operations Thread 76"        [_thread_blocked, id=27928, stack(0x0000008323600000,0x0000008323700000) (1024K)]
  0x000001d92ad205b0 JavaThread "Unconstrained build operations Thread 77"        [_thread_blocked, id=8924, stack(0x0000008323700000,0x0000008323800000) (1024K)]
  0x000001d92ad212d0 JavaThread "Unconstrained build operations Thread 78"        [_thread_blocked, id=22568, stack(0x0000008323800000,0x0000008323900000) (1024K)]
  0x000001d92ad1f200 JavaThread "Unconstrained build operations Thread 79"        [_thread_blocked, id=8768, stack(0x0000008323900000,0x0000008323a00000) (1024K)]
  0x000001d92ad1e4e0 JavaThread "Unconstrained build operations Thread 80"        [_thread_blocked, id=6776, stack(0x0000008323a00000,0x0000008323b00000) (1024K)]
  0x000001d92ad1ff20 JavaThread "Unconstrained build operations Thread 81"        [_thread_blocked, id=4576, stack(0x0000008323b00000,0x0000008323c00000) (1024K)]
  0x000001d9295defb0 JavaThread "Unconstrained build operations Thread 82"        [_thread_blocked, id=29516, stack(0x0000008323c00000,0x0000008323d00000) (1024K)]
  0x000001d9295de290 JavaThread "Unconstrained build operations Thread 83"        [_thread_blocked, id=20872, stack(0x0000008323d00000,0x0000008323e00000) (1024K)]
  0x000001d9295ddc00 JavaThread "Unconstrained build operations Thread 84"        [_thread_blocked, id=23876, stack(0x0000008323e00000,0x0000008323f00000) (1024K)]
  0x000001d9295dc850 JavaThread "Unconstrained build operations Thread 85"        [_thread_blocked, id=23128, stack(0x0000008323f00000,0x0000008324000000) (1024K)]
  0x000001d9295d86b0 JavaThread "Unconstrained build operations Thread 86"        [_thread_blocked, id=16092, stack(0x0000008324000000,0x0000008324100000) (1024K)]
  0x000001d9295dbb30 JavaThread "Unconstrained build operations Thread 87"        [_thread_blocked, id=29036, stack(0x0000008324100000,0x0000008324200000) (1024K)]
  0x000001d9295da0f0 JavaThread "Unconstrained build operations Thread 88"        [_thread_blocked, id=20816, stack(0x0000008324200000,0x0000008324300000) (1024K)]
  0x000001d9295d93d0 JavaThread "Unconstrained build operations Thread 89"        [_thread_blocked, id=18092, stack(0x0000008324300000,0x0000008324400000) (1024K)]
  0x000001d9295de920 JavaThread "Unconstrained build operations Thread 90"        [_thread_blocked, id=26360, stack(0x0000008324400000,0x0000008324500000) (1024K)]
  0x000001d9295dcee0 JavaThread "Unconstrained build operations Thread 91"        [_thread_blocked, id=28284, stack(0x0000008324500000,0x0000008324600000) (1024K)]
  0x000001d9295d9a60 JavaThread "Unconstrained build operations Thread 92"        [_thread_blocked, id=17756, stack(0x0000008324600000,0x0000008324700000) (1024K)]
  0x000001d9295df640 JavaThread "Unconstrained build operations Thread 93"        [_thread_blocked, id=2756, stack(0x0000008324700000,0x0000008324800000) (1024K)]
  0x000001d9295dfcd0 JavaThread "Unconstrained build operations Thread 94"        [_thread_blocked, id=22428, stack(0x0000008324800000,0x0000008324900000) (1024K)]
  0x000001d9295dd570 JavaThread "Unconstrained build operations Thread 95"        [_thread_blocked, id=6404, stack(0x0000008324900000,0x0000008324a00000) (1024K)]
  0x000001d9295d8d40 JavaThread "Unconstrained build operations Thread 96"        [_thread_blocked, id=1604, stack(0x0000008324a00000,0x0000008324b00000) (1024K)]
  0x000001d9295e0360 JavaThread "Unconstrained build operations Thread 97"        [_thread_blocked, id=12096, stack(0x0000008324b00000,0x0000008324c00000) (1024K)]
  0x000001d9295e1710 JavaThread "Unconstrained build operations Thread 98"        [_thread_blocked, id=23980, stack(0x0000008324c00000,0x0000008324d00000) (1024K)]
  0x000001d9295e09f0 JavaThread "Unconstrained build operations Thread 99"        [_thread_blocked, id=9072, stack(0x0000008324d00000,0x0000008324e00000) (1024K)]
  0x000001d9295e1080 JavaThread "Unconstrained build operations Thread 100"        [_thread_blocked, id=26088, stack(0x0000008324e00000,0x0000008324f00000) (1024K)]
  0x000001d9295da780 JavaThread "Unconstrained build operations Thread 101"        [_thread_blocked, id=33152, stack(0x0000008324f00000,0x0000008325000000) (1024K)]
  0x000001d9295e1da0 JavaThread "Unconstrained build operations Thread 102"        [_thread_blocked, id=25572, stack(0x0000008325000000,0x0000008325100000) (1024K)]
  0x000001d9295dae10 JavaThread "Unconstrained build operations Thread 103"        [_thread_blocked, id=33060, stack(0x0000008325100000,0x0000008325200000) (1024K)]
  0x000001d9295e2430 JavaThread "Unconstrained build operations Thread 104"        [_thread_blocked, id=17284, stack(0x0000008325200000,0x0000008325300000) (1024K)]
  0x000001d9295e2ac0 JavaThread "Unconstrained build operations Thread 105"        [_thread_blocked, id=8164, stack(0x0000008325300000,0x0000008325400000) (1024K)]
  0x000001d9295e3150 JavaThread "Cache worker for Java compile cache (C:\Users\rroob\.gradle\caches\9.3.1\javaCompile)"        [_thread_blocked, id=6024, stack(0x0000008325400000,0x0000008325500000) (1024K)]
  0x000001d92ad1d130 JavaThread "Build operations"                  [_thread_blocked, id=3056, stack(0x0000008325700000,0x0000008325800000) (1024K)]
  0x000001d92ad22d10 JavaThread "Build operations Thread 2"         [_thread_blocked, id=29764, stack(0x0000008325800000,0x0000008325900000) (1024K)]
  0x000001d92ad1bd80 JavaThread "Build operations Thread 3"         [_thread_blocked, id=32032, stack(0x0000008325900000,0x0000008325a00000) (1024K)]
  0x000001d92ad233a0 JavaThread "Build operations Thread 4"         [_thread_blocked, id=34192, stack(0x0000008325a00000,0x0000008325b00000) (1024K)]
  0x000001d92ad1d7c0 JavaThread "Build operations Thread 5"         [_thread_blocked, id=29124, stack(0x0000008325b00000,0x0000008325c00000) (1024K)]
  0x000001d92ad1de50 JavaThread "Build operations Thread 6"         [_thread_blocked, id=21124, stack(0x0000008325c00000,0x0000008325d00000) (1024K)]
  0x000001d92b1e63c0 JavaThread "Build operations Thread 7"         [_thread_blocked, id=32428, stack(0x0000008325d00000,0x0000008325e00000) (1024K)]
  0x000001d92b1e7e00 JavaThread "Build operations Thread 8"         [_thread_blocked, id=27656, stack(0x0000008325e00000,0x0000008325f00000) (1024K)]
  0x000001d92746be90 JavaThread "Build operations Thread 9"         [_thread_blocked, id=27712, stack(0x0000008325f00000,0x0000008326000000) (1024K)]
  0x000001d92d7d4660 JavaThread "Build operations Thread 10"        [_thread_blocked, id=30620, stack(0x0000008326000000,0x0000008326100000) (1024K)]
  0x000001d92ec73260 JavaThread "Build operations Thread 11"        [_thread_blocked, id=27824, stack(0x0000008326100000,0x0000008326200000) (1024K)]
  0x000001d92ec71190 JavaThread "Build operations Thread 12"        [_thread_blocked, id=6316, stack(0x0000008326200000,0x0000008326300000) (1024K)]
  0x000001d92ec71820 JavaThread "Build operations Thread 13"        [_thread_blocked, id=27284, stack(0x0000008326300000,0x0000008326400000) (1024K)]
  0x000001d92ec6f0c0 JavaThread "Build operations Thread 14"        [_thread_blocked, id=4832, stack(0x0000008326400000,0x0000008326500000) (1024K)]
  0x000001d92ec71eb0 JavaThread "Build operations Thread 15"        [_thread_blocked, id=26748, stack(0x0000008326500000,0x0000008326600000) (1024K)]
  0x000001d92ec74ca0 JavaThread "Unconstrained build operations Thread 106"        [_thread_blocked, id=34552, stack(0x000000831ab00000,0x000000831ac00000) (1024K)]
  0x000001d92ec75330 JavaThread "Unconstrained build operations Thread 107"        [_thread_blocked, id=27660, stack(0x000000831ad00000,0x000000831ae00000) (1024K)]
  0x000001d92ec72540 JavaThread "Unconstrained build operations Thread 108"        [_thread_blocked, id=31832, stack(0x000000831bd00000,0x000000831be00000) (1024K)]
  0x000001d92ec70470 JavaThread "Unconstrained build operations Thread 109"        [_thread_blocked, id=20368, stack(0x0000008326600000,0x0000008326700000) (1024K)]
  0x000001d92ec72bd0 JavaThread "Unconstrained build operations Thread 110"        [_thread_blocked, id=17216, stack(0x0000008326700000,0x0000008326800000) (1024K)]
  0x000001d92ec6e3a0 JavaThread "Unconstrained build operations Thread 111"        [_thread_blocked, id=30432, stack(0x0000008326800000,0x0000008326900000) (1024K)]
  0x000001d92ec70b00 JavaThread "Unconstrained build operations Thread 112"        [_thread_blocked, id=18836, stack(0x0000008326900000,0x0000008326a00000) (1024K)]
  0x000001d92ec738f0 JavaThread "Unconstrained build operations Thread 113"        [_thread_blocked, id=22012, stack(0x0000008326a00000,0x0000008326b00000) (1024K)]
  0x000001d92ec759c0 JavaThread "Unconstrained build operations Thread 114"        [_thread_blocked, id=32972, stack(0x0000008326b00000,0x0000008326c00000) (1024K)]
  0x000001d92ec6ea30 JavaThread "Unconstrained build operations Thread 115"        [_thread_blocked, id=11368, stack(0x0000008326c00000,0x0000008326d00000) (1024K)]
  0x000001d92ec76050 JavaThread "Unconstrained build operations Thread 116"        [_thread_blocked, id=26172, stack(0x0000008326d00000,0x0000008326e00000) (1024K)]
  0x000001d92ec766e0 JavaThread "Unconstrained build operations Thread 117"        [_thread_blocked, id=28216, stack(0x0000008326e00000,0x0000008326f00000) (1024K)]
  0x000001d92ec6f750 JavaThread "Unconstrained build operations Thread 118"        [_thread_blocked, id=16460, stack(0x0000008326f00000,0x0000008327000000) (1024K)]
  0x000001d92ec76d70 JavaThread "Unconstrained build operations Thread 119"        [_thread_blocked, id=22096, stack(0x0000008327000000,0x0000008327100000) (1024K)]
  0x000001d92ec6fde0 JavaThread "Unconstrained build operations Thread 120"        [_thread_blocked, id=23908, stack(0x0000008327100000,0x0000008327200000) (1024K)]
  0x000001d929bc4270 JavaThread "C1 CompilerThread1"         daemon [_thread_blocked, id=28596, stack(0x0000008327200000,0x0000008327300000) (1024K)]
  0x000001d92ec7a880 JavaThread "Unconstrained build operations Thread 121"        [_thread_blocked, id=3080, stack(0x0000008327300000,0x0000008327400000) (1024K)]
  0x000001d92ec7af10 JavaThread "Unconstrained build operations Thread 122"        [_thread_blocked, id=34776, stack(0x0000008327400000,0x0000008327500000) (1024K)]
  0x000001d92ec77400 JavaThread "Unconstrained build operations Thread 123"        [_thread_blocked, id=23080, stack(0x0000008327500000,0x0000008327600000) (1024K)]
  0x000001d92ec7d670 JavaThread "Unconstrained build operations Thread 124"        [_thread_blocked, id=26616, stack(0x0000008327600000,0x0000008327700000) (1024K)]
  0x000001d92ec7b5a0 JavaThread "Unconstrained build operations Thread 125"        [_thread_blocked, id=11020, stack(0x0000008327700000,0x0000008327800000) (1024K)]
  0x000001d92ec79b60 JavaThread "Unconstrained build operations Thread 126"        [_thread_blocked, id=24672, stack(0x0000008327800000,0x0000008327900000) (1024K)]
  0x000001d92ec7cfe0 JavaThread "Unconstrained build operations Thread 127"        [_thread_blocked, id=29448, stack(0x0000008327900000,0x0000008327a00000) (1024K)]
  0x000001d92ec787b0 JavaThread "Unconstrained build operations Thread 128"        [_thread_blocked, id=20980, stack(0x0000008327a00000,0x0000008327b00000) (1024K)]
  0x000001d92ec7a1f0 JavaThread "Unconstrained build operations Thread 129"        [_thread_blocked, id=5640, stack(0x0000008327b00000,0x0000008327c00000) (1024K)]
  0x000001d92ec7bc30 JavaThread "Unconstrained build operations Thread 130"        [_thread_blocked, id=6152, stack(0x0000008327c00000,0x0000008327d00000) (1024K)]
  0x000001d92ec7c2c0 JavaThread "Unconstrained build operations Thread 131"        [_thread_blocked, id=31620, stack(0x0000008327d00000,0x0000008327e00000) (1024K)]
  0x000001d92ec77a90 JavaThread "Unconstrained build operations Thread 132"        [_thread_blocked, id=3092, stack(0x0000008327e00000,0x0000008327f00000) (1024K)]
  0x000001d92ec7c950 JavaThread "Unconstrained build operations Thread 133"        [_thread_blocked, id=34636, stack(0x0000008327f00000,0x0000008328000000) (1024K)]
  0x000001d9295e58b0 JavaThread "Unconstrained build operations Thread 134"        [_thread_blocked, id=21016, stack(0x0000008328000000,0x0000008328100000) (1024K)]
  0x000001d9295dc1c0 JavaThread "Unconstrained build operations Thread 135"        [_thread_blocked, id=3424, stack(0x0000008328100000,0x0000008328200000) (1024K)]
  0x000001d9295e4500 JavaThread "WorkerExecutor Queue"              [_thread_blocked, id=24416, stack(0x0000008328200000,0x0000008328300000) (1024K)]
  0x000001d9295e6c60 JavaThread "Unconstrained build operations Thread 136"        [_thread_blocked, id=24968, stack(0x0000008328300000,0x0000008328400000) (1024K)]
  0x000001d9295e5220 JavaThread "Unconstrained build operations Thread 137"        [_thread_blocked, id=11140, stack(0x0000008328400000,0x0000008328500000) (1024K)]
  0x000001d9295e72f0 JavaThread "Unconstrained build operations Thread 138"        [_thread_blocked, id=25632, stack(0x0000008328500000,0x0000008328600000) (1024K)]
  0x000001d9295e5f40 JavaThread "Unconstrained build operations Thread 139"        [_thread_blocked, id=32232, stack(0x0000008328600000,0x0000008328700000) (1024K)]
  0x000001d9295e65d0 JavaThread "Unconstrained build operations Thread 140"        [_thread_blocked, id=32892, stack(0x0000008328700000,0x0000008328800000) (1024K)]
  0x000001d9295e7980 JavaThread "Unconstrained build operations Thread 141"        [_thread_blocked, id=1980, stack(0x0000008328800000,0x0000008328900000) (1024K)]
  0x000001d92ec78120 JavaThread "Unconstrained build operations Thread 142"        [_thread_blocked, id=27744, stack(0x0000008328900000,0x0000008328a00000) (1024K)]
  0x000001d92ad22680 JavaThread "Unconstrained build operations Thread 143"        [_thread_blocked, id=19904, stack(0x0000008328a00000,0x0000008328b00000) (1024K)]
  0x000001d92ff7d5f0 JavaThread "Unconstrained build operations Thread 144"        [_thread_blocked, id=4320, stack(0x0000008328b00000,0x0000008328c00000) (1024K)]
  0x000001d92ff7c8d0 JavaThread "Unconstrained build operations Thread 145"        [_thread_blocked, id=13820, stack(0x0000008328c00000,0x0000008328d00000) (1024K)]
  0x000001d92ff7dc80 JavaThread "Unconstrained build operations Thread 146"        [_thread_blocked, id=21896, stack(0x0000008328d00000,0x0000008328e00000) (1024K)]
  0x000001d92ff831d0 JavaThread "Unconstrained build operations Thread 147"        [_thread_blocked, id=28120, stack(0x0000008328e00000,0x0000008328f00000) (1024K)]
  0x000001d92ff824b0 JavaThread "Unconstrained build operations Thread 148"        [_thread_blocked, id=22332, stack(0x0000008328f00000,0x0000008329000000) (1024K)]
  0x000001d92ff80a70 JavaThread "Unconstrained build operations Thread 149"        [_thread_blocked, id=28316, stack(0x0000008329000000,0x0000008329100000) (1024K)]
  0x000001d92ff7cf60 JavaThread "Unconstrained build operations Thread 150"        [_thread_blocked, id=34704, stack(0x0000008329100000,0x0000008329200000) (1024K)]
  0x000001d92ff81e20 JavaThread "Unconstrained build operations Thread 151"        [_thread_blocked, id=28736, stack(0x0000008329200000,0x0000008329300000) (1024K)]
  0x000001d92ff82b40 JavaThread "Unconstrained build operations Thread 152"        [_thread_blocked, id=28632, stack(0x0000008329300000,0x0000008329400000) (1024K)]
  0x000001d92ff7c240 JavaThread "Unconstrained build operations Thread 153"        [_thread_blocked, id=5788, stack(0x0000008329400000,0x0000008329500000) (1024K)]
  0x000001d92ff7e310 JavaThread "Unconstrained build operations Thread 154"        [_thread_blocked, id=28260, stack(0x0000008329500000,0x0000008329600000) (1024K)]
  0x000001d92ff7f6c0 JavaThread "Unconstrained build operations Thread 155"        [_thread_blocked, id=8572, stack(0x0000008329800000,0x0000008329900000) (1024K)]
  0x000001d92ff83860 JavaThread "Unconstrained build operations Thread 156"        [_thread_blocked, id=13092, stack(0x0000008329900000,0x0000008329a00000) (1024K)]
  0x000001d92ff83ef0 JavaThread "Unconstrained build operations Thread 157"        [_thread_blocked, id=3756, stack(0x0000008329a00000,0x0000008329b00000) (1024K)]
  0x000001d92ff7fd50 JavaThread "Unconstrained build operations Thread 158"        [_thread_blocked, id=3476, stack(0x0000008329b00000,0x0000008329c00000) (1024K)]
  0x000001d92ff85930 JavaThread "Unconstrained build operations Thread 159"        [_thread_blocked, id=6672, stack(0x0000008329c00000,0x0000008329d00000) (1024K)]
  0x000001d92ff84580 JavaThread "Unconstrained build operations Thread 160"        [_thread_blocked, id=20868, stack(0x0000008329d00000,0x0000008329e00000) (1024K)]
  0x000001d937de0440 JavaThread "C1 CompilerThread2"         daemon [_thread_blocked, id=14520, stack(0x0000008329e00000,0x0000008329f00000) (1024K)]
  0x000001d937de0b10 JavaThread "C1 CompilerThread3"         daemon [_thread_blocked, id=22352, stack(0x0000008329f00000,0x000000832a000000) (1024K)]
  0x000001d937ddf6a0 JavaThread "C2 CompilerThread1"         daemon [_thread_blocked, id=5368, stack(0x000000831af00000,0x000000831b000000) (1024K)]
  0x000001d937de2650 JavaThread "C2 CompilerThread2"         daemon [_thread_blocked, id=3240, stack(0x000000831b000000,0x000000831b100000) (1024K)]
  0x000001d937de2d20 JavaThread "C2 CompilerThread3"         daemon [_thread_blocked, id=11008, stack(0x000000831b100000,0x000000831b200000) (1024K)]
  0x000001d937de33f0 JavaThread "C2 CompilerThread4"         daemon [_thread_blocked, id=10252, stack(0x000000831d600000,0x000000831d700000) (1024K)]
  0x000001d937de4f30 JavaThread "C2 CompilerThread5"         daemon [_thread_blocked, id=6788, stack(0x0000008320700000,0x0000008320800000) (1024K)]
  0x000001d937de4190 JavaThread "C2 CompilerThread6"         daemon [_thread_blocked, id=10808, stack(0x0000008325500000,0x0000008325600000) (1024K)]
  0x000001d92cf1a220 JavaThread "C2 CompilerThread7"         daemon [_thread_blocked, id=2484, stack(0x0000008325600000,0x0000008325700000) (1024K)]
  0x000001d93e9b7fd0 JavaThread "WorkerExecutor Queue Thread 2"        [_thread_blocked, id=33836, stack(0x000000832a000000,0x000000832a100000) (1024K)]
  0x000001d93e9b8660 JavaThread "WorkerExecutor Queue Thread 3"        [_thread_blocked, id=34512, stack(0x000000832a100000,0x000000832a200000) (1024K)]
  0x000001d93e9b8cf0 JavaThread "WorkerExecutor Queue Thread 4"        [_thread_blocked, id=10396, stack(0x000000832a200000,0x000000832a300000) (1024K)]
  0x000001d93e9b44c0 JavaThread "WorkerExecutor Queue Thread 5"        [_thread_blocked, id=33208, stack(0x000000832a300000,0x000000832a400000) (1024K)]
  0x000001d93e9b4b50 JavaThread "WorkerExecutor Queue Thread 6"        [_thread_blocked, id=22092, stack(0x000000832a400000,0x000000832a500000) (1024K)]
  0x000001d93e9b51e0 JavaThread "WorkerExecutor Queue Thread 7"        [_thread_blocked, id=26120, stack(0x000000832a500000,0x000000832a600000) (1024K)]
  0x000001d93e9b5870 JavaThread "WorkerExecutor Queue Thread 8"        [_thread_blocked, id=33520, stack(0x000000832a600000,0x000000832a700000) (1024K)]
  0x000001d93e9b5f00 JavaThread "WorkerExecutor Queue Thread 9"        [_thread_blocked, id=33448, stack(0x000000832a700000,0x000000832a800000) (1024K)]
  0x000001d93e9b6590 JavaThread "WorkerExecutor Queue Thread 10"        [_thread_blocked, id=10156, stack(0x000000832a800000,0x000000832a900000) (1024K)]
  0x000001d93e9b6c20 JavaThread "WorkerExecutor Queue Thread 11"        [_thread_blocked, id=14040, stack(0x000000832a900000,0x000000832aa00000) (1024K)]
  0x000001d93e9bb450 JavaThread "WorkerExecutor Queue Thread 12"        [_thread_blocked, id=20392, stack(0x000000832aa00000,0x000000832ab00000) (1024K)]
  0x000001d93e9be8d0 JavaThread "WorkerExecutor Queue Thread 13"        [_thread_blocked, id=21956, stack(0x000000832ab00000,0x000000832ac00000) (1024K)]
  0x000001d93e9bef60 JavaThread "WorkerExecutor Queue Thread 14"        [_thread_blocked, id=34032, stack(0x000000832ac00000,0x000000832ad00000) (1024K)]
  0x000001d93e9badc0 JavaThread "WorkerExecutor Queue Thread 15"        [_thread_blocked, id=34160, stack(0x000000832ad00000,0x000000832ae00000) (1024K)]
  0x000001d93e9bbae0 JavaThread "WorkerExecutor Queue Thread 16"        [_thread_blocked, id=34108, stack(0x000000832ae00000,0x000000832af00000) (1024K)]
  0x000001d93e9bd520 JavaThread "WorkerExecutor Queue Thread 17"        [_thread_blocked, id=34576, stack(0x000000832af00000,0x000000832b000000) (1024K)]
  0x000001d93e9a3120 JavaThread "ForkJoinPool-1-worker-1"    daemon [_thread_blocked, id=25224, stack(0x000000832b000000,0x000000832b100000) (1024K)]
  0x000001d93e9a7fe0 JavaThread "ForkJoinPool-1-worker-2"    daemon [_thread_blocked, id=22076, stack(0x000000832b100000,0x000000832b200000) (1024K)]
  0x000001d93e9a2400 JavaThread "ForkJoinPool-1-worker-3"    daemon [_thread_blocked, id=22592, stack(0x000000832b200000,0x000000832b300000) (1024K)]
  0x000001d93e9a3e40 JavaThread "ForkJoinPool-1-worker-4"    daemon [_thread_blocked, id=23752, stack(0x000000832b300000,0x000000832b400000) (1024K)]
  0x000001d93e9a4b60 JavaThread "ForkJoinPool-1-worker-5"    daemon [_thread_blocked, id=28228, stack(0x000000832b400000,0x000000832b500000) (1024K)]
  0x000001d93e9a51f0 JavaThread "ForkJoinPool-1-worker-6"    daemon [_thread_blocked, id=11084, stack(0x000000832b500000,0x000000832b600000) (1024K)]
  0x000001d93e9a5880 JavaThread "ForkJoinPool-1-worker-7"    daemon [_thread_blocked, id=28236, stack(0x000000832b600000,0x000000832b700000) (1024K)]
  0x000001d93e9a1050 JavaThread "ForkJoinPool-1-worker-8"    daemon [_thread_blocked, id=8636, stack(0x000000832b700000,0x000000832b800000) (1024K)]
  0x000001d93e9a16e0 JavaThread "ForkJoinPool-1-worker-9"    daemon [_thread_blocked, id=25660, stack(0x000000832b800000,0x000000832b900000) (1024K)]
  0x000001d93e9a37b0 JavaThread "ForkJoinPool-1-worker-10"   daemon [_thread_blocked, id=18080, stack(0x000000832b900000,0x000000832ba00000) (1024K)]
  0x000001d93e9a1d70 JavaThread "ForkJoinPool-1-worker-11"   daemon [_thread_blocked, id=12712, stack(0x000000832ba00000,0x000000832bb00000) (1024K)]
  0x000001d93e9a72c0 JavaThread "ForkJoinPool-1-worker-12"   daemon [_thread_blocked, id=28288, stack(0x000000832bb00000,0x000000832bc00000) (1024K)]
  0x000001d93e9a5f10 JavaThread "ForkJoinPool-1-worker-13"   daemon [_thread_blocked, id=2660, stack(0x000000832bc00000,0x000000832bd00000) (1024K)]
  0x000001d93e9a6c30 JavaThread "ForkJoinPool-1-worker-14"   daemon [_thread_blocked, id=9460, stack(0x000000832bd00000,0x000000832be00000) (1024K)]
  0x000001d93e9a8670 JavaThread "ForkJoinPool-1-worker-15"   daemon [_thread_blocked, id=8532, stack(0x000000832be00000,0x000000832bf00000) (1024K)]
  0x000001d93e9a9a20 JavaThread "ForkJoinPool-1-worker-16"   daemon [_thread_blocked, id=33400, stack(0x000000832bf00000,0x000000832c000000) (1024K)]
  0x000001d940d84c00 JavaThread "pool-3-thread-1"                   [_thread_blocked, id=21668, stack(0x000000832c000000,0x000000832c100000) (1024K)]
  0x000001d940d86640 JavaThread "stderr"                            [_thread_in_native, id=21336, stack(0x000000832c100000,0x000000832c200000) (1024K)]
  0x000001d940d85920 JavaThread "stdout"                            [_thread_in_native, id=21076, stack(0x000000832c200000,0x000000832c300000) (1024K)]
Total: 273

Other Threads:
=>0x000001d8df58cfe0 VMThread "VM Thread"                           [id=2584, stack(0x000000831a200000,0x000000831a300000) (1024K)]
  0x000001d8df5758d0 WatcherThread "VM Periodic Task Thread"        [id=25260, stack(0x000000831a100000,0x000000831a200000) (1024K)]
  0x000001d8c043d020 WorkerThread "GC Thread#0"                     [id=33252, stack(0x0000008319c00000,0x0000008319d00000) (1024K)]
  0x000001d8e0598230 WorkerThread "GC Thread#1"                     [id=23232, stack(0x000000831b200000,0x000000831b300000) (1024K)]
  0x000001d8e03f3a80 WorkerThread "GC Thread#2"                     [id=9856, stack(0x000000831b300000,0x000000831b400000) (1024K)]
  0x000001d8e03f3e20 WorkerThread "GC Thread#3"                     [id=9416, stack(0x000000831b400000,0x000000831b500000) (1024K)]
  0x000001d8e05963e0 WorkerThread "GC Thread#4"                     [id=1612, stack(0x000000831b500000,0x000000831b600000) (1024K)]
  0x000001d8e05dc970 WorkerThread "GC Thread#5"                     [id=7544, stack(0x000000831b600000,0x000000831b700000) (1024K)]
  0x000001d8e05dcd10 WorkerThread "GC Thread#6"                     [id=10208, stack(0x000000831b700000,0x000000831b800000) (1024K)]
  0x000001d8e05dd0b0 WorkerThread "GC Thread#7"                     [id=24648, stack(0x000000831b800000,0x000000831b900000) (1024K)]
  0x000001d8e05dd860 WorkerThread "GC Thread#8"                     [id=22112, stack(0x000000831b900000,0x000000831ba00000) (1024K)]
  0x000001d8e05ddc00 WorkerThread "GC Thread#9"                     [id=34144, stack(0x000000831ba00000,0x000000831bb00000) (1024K)]
  0x000001d8e049c960 WorkerThread "GC Thread#10"                    [id=27792, stack(0x000000831bb00000,0x000000831bc00000) (1024K)]
  0x000001d8e0469620 WorkerThread "GC Thread#11"                    [id=22976, stack(0x000000831bc00000,0x000000831bd00000) (1024K)]
  0x000001d8e0469280 WorkerThread "GC Thread#12"                    [id=25756, stack(0x000000831cb00000,0x000000831cc00000) (1024K)]
  0x000001d8c2895300 ConcurrentGCThread "G1 Main Marker"            [id=11192, stack(0x0000008319d00000,0x0000008319e00000) (1024K)]
  0x000001d8c28964b0 WorkerThread "G1 Conc#0"                       [id=11840, stack(0x0000008319e00000,0x0000008319f00000) (1024K)]
  0x000001d8e0469d60 WorkerThread "G1 Conc#1"                       [id=8856, stack(0x000000831cc00000,0x000000831cd00000) (1024K)]
  0x000001d929f1e010 WorkerThread "G1 Conc#2"                       [id=28904, stack(0x000000831cd00000,0x000000831ce00000) (1024K)]
  0x000001d8dff72010 ConcurrentGCThread "G1 Refine#0"               [id=1732, stack(0x0000008319f00000,0x000000831a000000) (1024K)]
  0x000001d8dff72990 ConcurrentGCThread "G1 Service"                [id=9144, stack(0x000000831a000000,0x000000831a100000) (1024K)]
Total: 21

Threads with active compile tasks:
C2 CompilerThread0  28028 27717 %     4       java.io.WinNTFileSystem::normalize @ 58 (224 bytes)
C1 CompilerThread0  28028 27813 %     3       com.android.tools.r8.internal.rv::a @ 2725 (4509 bytes)
C1 CompilerThread1  28028 27814   !   3       com.android.tools.r8.graph.m9::a (310 bytes)
C1 CompilerThread2  28028 27836       3       com.android.tools.r8.graph.m9::a (175 bytes)
C1 CompilerThread3  28028 27829       2       com.android.tools.r8.internal.rv::a (157 bytes)
C2 CompilerThread1  28028 27815   !   4       java.util.concurrent.ConcurrentHashMap::clear (176 bytes)
C2 CompilerThread2  28028 27768       4       com.google.common.io.ByteStreams::toByteArrayInternal (152 bytes)
C2 CompilerThread3  28028 27722       4       com.android.utils.FileUtils::toSystemIndependentPath (20 bytes)
C2 CompilerThread4  28028 27617       4       org.objectweb.asm.ClassWriter::visitField (53 bytes)
C2 CompilerThread5  28028 27697       4       java.lang.PublicMethods$MethodList::filter (104 bytes)
C2 CompilerThread6  28028 27748   !   4       sun.nio.fs.WindowsDirectoryStream$WindowsDirectoryIterator::readNextEntry (192 bytes)
C2 CompilerThread7  28028 27732       4       com.android.builder.dexing.ClassFileInput$$Lambda/0x000001d8e2f881e8::test (8 bytes)
Total: 12

VM state: at safepoint (normal execution)

VM Mutex/Monitor currently owned by a thread:  ([mutex/lock_event])
[0x00007ff9b852e308] Threads_lock - owner thread: 0x000001d8df58cfe0
[0x00007ff9b852e408] Heap_lock - owner thread: 0x000001d93e9b6590

Heap address: 0x0000000080000000, size: 2048 MB, Compressed Oops mode: 32-bit

CDS archive(s) mapped at: [0x000001d8e1000000-0x000001d8e1c80000-0x000001d8e1c80000), size 13107200, SharedBaseAddress: 0x000001d8e1000000, ArchiveRelocationMode: 1.
Compressed class space mapped at: 0x000001d8e2000000-0x000001d922000000, reserved size: 1073741824
Narrow klass base: 0x000001d8e1000000, Narrow klass shift: 0, Narrow klass range: 0x100000000

GC Precious Log:
 CardTable entry size: 512
 Card Set container configuration: InlinePtr #cards 5 size 8 Array Of Cards #cards 12 size 40 Howl #buckets 4 coarsen threshold 1843 Howl Bitmap #cards 512 size 80 coarsen threshold 460 Card regions per heap region 1 cards per card region 2048
 CPUs: 16 total, 16 available
 Memory: 32687M
 Large Page Support: Disabled
 NUMA Support: Disabled
 Compressed Oops: Enabled (32-bit)
 Heap Region Size: 1M
 Heap Min Capacity: 8M
 Heap Initial Capacity: 512M
 Heap Max Capacity: 2G
 Pre-touch: Disabled
 Parallel Workers: 13
 Concurrent Workers: 3
 Concurrent Refinement Workers: 13
 Periodic GC: Disabled

Heap:
 garbage-first heap   total 770048K, used 453760K [0x0000000080000000, 0x0000000100000000)
  region size 1024K, 25 young (25600K), 25 survivors (25600K)
 Metaspace       used 134481K, committed 137024K, reserved 1179648K
  class space    used 18142K, committed 19392K, reserved 1048576K

Heap Regions: E=young(eden), S=young(survivor), O=old, HS=humongous(starts), HC=humongous(continues), CS=collection set, F=free, TAMS=top-at-mark-start, PB=parsable bottom
|   0|0x0000000080000000, 0x0000000080100000, 0x0000000080100000|100%|HS|  |TAMS 0x0000000080000000| PB 0x0000000080000000| Complete 
|   1|0x0000000080100000, 0x0000000080200000, 0x0000000080200000|100%|HC|  |TAMS 0x0000000080100000| PB 0x0000000080100000| Complete 
|   2|0x0000000080200000, 0x0000000080300000, 0x0000000080300000|100%|HC|  |TAMS 0x0000000080200000| PB 0x0000000080200000| Complete 
|   3|0x0000000080300000, 0x0000000080400000, 0x0000000080400000|100%|HC|  |TAMS 0x0000000080300000| PB 0x0000000080300000| Complete 
|   4|0x0000000080400000, 0x0000000080500000, 0x0000000080500000|100%| O|  |TAMS 0x0000000080400000| PB 0x0000000080400000| Untracked 
|   5|0x0000000080500000, 0x0000000080600000, 0x0000000080600000|100%| O|  |TAMS 0x0000000080500000| PB 0x0000000080500000| Untracked 
|   6|0x0000000080600000, 0x0000000080700000, 0x0000000080700000|100%| O|  |TAMS 0x0000000080600000| PB 0x0000000080600000| Untracked 
|   7|0x0000000080700000, 0x0000000080800000, 0x0000000080800000|100%|HS|  |TAMS 0x0000000080700000| PB 0x0000000080700000| Complete 
|   8|0x0000000080800000, 0x0000000080900000, 0x0000000080900000|100%| O|  |TAMS 0x0000000080800000| PB 0x0000000080800000| Untracked 
|   9|0x0000000080900000, 0x0000000080a00000, 0x0000000080a00000|100%| O|  |TAMS 0x0000000080900000| PB 0x0000000080900000| Untracked 
|  10|0x0000000080a00000, 0x0000000080b00000, 0x0000000080b00000|100%| O|  |TAMS 0x0000000080a00000| PB 0x0000000080a00000| Untracked 
|  11|0x0000000080b00000, 0x0000000080c00000, 0x0000000080c00000|100%| O|  |TAMS 0x0000000080b00000| PB 0x0000000080b00000| Untracked 
|  12|0x0000000080c00000, 0x0000000080d00000, 0x0000000080d00000|100%| O|  |TAMS 0x0000000080c00000| PB 0x0000000080c00000| Untracked 
|  13|0x0000000080d00000, 0x0000000080e00000, 0x0000000080e00000|100%| O|  |TAMS 0x0000000080d00000| PB 0x0000000080d00000| Untracked 
|  14|0x0000000080e00000, 0x0000000080f00000, 0x0000000080f00000|100%| O|  |TAMS 0x0000000080e00000| PB 0x0000000080e00000| Untracked 
|  15|0x0000000080f00000, 0x0000000081000000, 0x0000000081000000|100%| O|  |TAMS 0x0000000080f00000| PB 0x0000000080f00000| Untracked 
|  16|0x0000000081000000, 0x0000000081100000, 0x0000000081100000|100%| O|  |TAMS 0x0000000081000000| PB 0x0000000081000000| Untracked 
|  17|0x0000000081100000, 0x0000000081200000, 0x0000000081200000|100%| O|  |TAMS 0x0000000081100000| PB 0x0000000081100000| Untracked 
|  18|0x0000000081200000, 0x0000000081300000, 0x0000000081300000|100%| O|  |TAMS 0x0000000081200000| PB 0x0000000081200000| Untracked 
|  19|0x0000000081300000, 0x0000000081400000, 0x0000000081400000|100%| O|  |TAMS 0x0000000081300000| PB 0x0000000081300000| Untracked 
|  20|0x0000000081400000, 0x0000000081500000, 0x0000000081500000|100%| O|  |TAMS 0x0000000081400000| PB 0x0000000081400000| Untracked 
|  21|0x0000000081500000, 0x0000000081600000, 0x0000000081600000|100%| O|  |TAMS 0x0000000081500000| PB 0x0000000081500000| Untracked 
|  22|0x0000000081600000, 0x0000000081700000, 0x0000000081700000|100%| O|  |TAMS 0x0000000081600000| PB 0x0000000081600000| Untracked 
|  23|0x0000000081700000, 0x0000000081800000, 0x0000000081800000|100%|HS|  |TAMS 0x0000000081700000| PB 0x0000000081700000| Complete 
|  24|0x0000000081800000, 0x0000000081900000, 0x0000000081900000|100%| O|  |TAMS 0x0000000081800000| PB 0x0000000081800000| Untracked 
|  25|0x0000000081900000, 0x0000000081a00000, 0x0000000081a00000|100%| O|  |TAMS 0x0000000081900000| PB 0x0000000081900000| Untracked 
|  26|0x0000000081a00000, 0x0000000081b00000, 0x0000000081b00000|100%| O|  |TAMS 0x0000000081a00000| PB 0x0000000081a00000| Untracked 
|  27|0x0000000081b00000, 0x0000000081c00000, 0x0000000081c00000|100%| O|  |TAMS 0x0000000081b00000| PB 0x0000000081b00000| Untracked 
|  28|0x0000000081c00000, 0x0000000081d00000, 0x0000000081d00000|100%| O|  |TAMS 0x0000000081c00000| PB 0x0000000081c00000| Untracked 
|  29|0x0000000081d00000, 0x0000000081e00000, 0x0000000081e00000|100%| O|  |TAMS 0x0000000081d00000| PB 0x0000000081d00000| Untracked 
|  30|0x0000000081e00000, 0x0000000081f00000, 0x0000000081f00000|100%| O|  |TAMS 0x0000000081e00000| PB 0x0000000081e00000| Untracked 
|  31|0x0000000081f00000, 0x0000000082000000, 0x0000000082000000|100%| O|  |TAMS 0x0000000081f00000| PB 0x0000000081f00000| Untracked 
|  32|0x0000000082000000, 0x0000000082100000, 0x0000000082100000|100%|HS|  |TAMS 0x0000000082000000| PB 0x0000000082000000| Complete 
|  33|0x0000000082100000, 0x0000000082200000, 0x0000000082200000|100%|HS|  |TAMS 0x0000000082100000| PB 0x0000000082100000| Complete 
|  34|0x0000000082200000, 0x0000000082300000, 0x0000000082300000|100%|HC|  |TAMS 0x0000000082200000| PB 0x0000000082200000| Complete 
|  35|0x0000000082300000, 0x0000000082400000, 0x0000000082400000|100%|HS|  |TAMS 0x0000000082300000| PB 0x0000000082300000| Complete 
|  36|0x0000000082400000, 0x0000000082500000, 0x0000000082500000|100%|HS|  |TAMS 0x0000000082400000| PB 0x0000000082400000| Complete 
|  37|0x0000000082500000, 0x0000000082600000, 0x0000000082600000|100%| O|  |TAMS 0x0000000082500000| PB 0x0000000082500000| Untracked 
|  38|0x0000000082600000, 0x0000000082700000, 0x0000000082700000|100%|HS|  |TAMS 0x0000000082600000| PB 0x0000000082600000| Complete 
|  39|0x0000000082700000, 0x0000000082800000, 0x0000000082800000|100%|HS|  |TAMS 0x0000000082700000| PB 0x0000000082700000| Complete 
|  40|0x0000000082800000, 0x0000000082900000, 0x0000000082900000|100%| O|  |TAMS 0x0000000082800000| PB 0x0000000082800000| Untracked 
|  41|0x0000000082900000, 0x0000000082a00000, 0x0000000082a00000|100%| O|  |TAMS 0x0000000082900000| PB 0x0000000082900000| Untracked 
|  42|0x0000000082a00000, 0x0000000082b00000, 0x0000000082b00000|100%| O|  |TAMS 0x0000000082a00000| PB 0x0000000082a00000| Untracked 
|  43|0x0000000082b00000, 0x0000000082c00000, 0x0000000082c00000|100%|HS|  |TAMS 0x0000000082b00000| PB 0x0000000082b00000| Complete 
|  44|0x0000000082c00000, 0x0000000082d00000, 0x0000000082d00000|100%|HC|  |TAMS 0x0000000082c00000| PB 0x0000000082c00000| Complete 
|  45|0x0000000082d00000, 0x0000000082e00000, 0x0000000082e00000|100%| O|  |TAMS 0x0000000082d00000| PB 0x0000000082d00000| Untracked 
|  46|0x0000000082e00000, 0x0000000082f00000, 0x0000000082f00000|100%| O|  |TAMS 0x0000000082e00000| PB 0x0000000082e00000| Untracked 
|  47|0x0000000082f00000, 0x0000000083000000, 0x0000000083000000|100%| O|  |TAMS 0x0000000082f00000| PB 0x0000000082f00000| Untracked 
|  48|0x0000000083000000, 0x0000000083100000, 0x0000000083100000|100%|HS|  |TAMS 0x0000000083000000| PB 0x0000000083000000| Complete 
|  49|0x0000000083100000, 0x0000000083200000, 0x0000000083200000|100%| O|  |TAMS 0x0000000083100000| PB 0x0000000083100000| Untracked 
|  50|0x0000000083200000, 0x0000000083300000, 0x0000000083300000|100%| O|  |TAMS 0x0000000083200000| PB 0x0000000083200000| Untracked 
|  51|0x0000000083300000, 0x0000000083400000, 0x0000000083400000|100%| O|  |TAMS 0x0000000083300000| PB 0x0000000083300000| Untracked 
|  52|0x0000000083400000, 0x0000000083500000, 0x0000000083500000|100%| O|  |TAMS 0x0000000083400000| PB 0x0000000083400000| Untracked 
|  53|0x0000000083500000, 0x0000000083600000, 0x0000000083600000|100%| O|  |TAMS 0x0000000083500000| PB 0x0000000083500000| Untracked 
|  54|0x0000000083600000, 0x0000000083700000, 0x0000000083700000|100%| O|  |TAMS 0x0000000083600000| PB 0x0000000083600000| Untracked 
|  55|0x0000000083700000, 0x0000000083800000, 0x0000000083800000|100%| O|  |TAMS 0x0000000083700000| PB 0x0000000083700000| Untracked 
|  56|0x0000000083800000, 0x0000000083900000, 0x0000000083900000|100%| O|  |TAMS 0x0000000083800000| PB 0x0000000083800000| Untracked 
|  57|0x0000000083900000, 0x0000000083a00000, 0x0000000083a00000|100%| O|  |TAMS 0x0000000083900000| PB 0x0000000083900000| Untracked 
|  58|0x0000000083a00000, 0x0000000083b00000, 0x0000000083b00000|100%| O|  |TAMS 0x0000000083a00000| PB 0x0000000083a00000| Untracked 
|  59|0x0000000083b00000, 0x0000000083c00000, 0x0000000083c00000|100%| O|  |TAMS 0x0000000083b00000| PB 0x0000000083b00000| Untracked 
|  60|0x0000000083c00000, 0x0000000083d00000, 0x0000000083d00000|100%| O|  |TAMS 0x0000000083c00000| PB 0x0000000083c00000| Untracked 
|  61|0x0000000083d00000, 0x0000000083e00000, 0x0000000083e00000|100%| O|  |TAMS 0x0000000083d00000| PB 0x0000000083d00000| Untracked 
|  62|0x0000000083e00000, 0x0000000083f00000, 0x0000000083f00000|100%| O|  |TAMS 0x0000000083e00000| PB 0x0000000083e00000| Untracked 
|  63|0x0000000083f00000, 0x0000000084000000, 0x0000000084000000|100%| O|  |TAMS 0x0000000083f00000| PB 0x0000000083f00000| Untracked 
|  64|0x0000000084000000, 0x0000000084100000, 0x0000000084100000|100%| O|  |TAMS 0x0000000084000000| PB 0x0000000084000000| Untracked 
|  65|0x0000000084100000, 0x0000000084100000, 0x0000000084200000|  0%| F|  |TAMS 0x0000000084100000| PB 0x0000000084100000| Untracked 
|  66|0x0000000084200000, 0x0000000084300000, 0x0000000084300000|100%| O|  |TAMS 0x0000000084200000| PB 0x0000000084200000| Untracked 
|  67|0x0000000084300000, 0x0000000084400000, 0x0000000084400000|100%| O|  |TAMS 0x0000000084300000| PB 0x0000000084300000| Untracked 
|  68|0x0000000084400000, 0x0000000084500000, 0x0000000084500000|100%| O|  |TAMS 0x0000000084400000| PB 0x0000000084400000| Untracked 
|  69|0x0000000084500000, 0x0000000084600000, 0x0000000084600000|100%| O|  |TAMS 0x0000000084500000| PB 0x0000000084500000| Untracked 
|  70|0x0000000084600000, 0x0000000084700000, 0x0000000084700000|100%| O|  |TAMS 0x0000000084600000| PB 0x0000000084600000| Untracked 
|  71|0x0000000084700000, 0x0000000084800000, 0x0000000084800000|100%| O|  |TAMS 0x0000000084700000| PB 0x0000000084700000| Untracked 
|  72|0x0000000084800000, 0x0000000084900000, 0x0000000084900000|100%| O|  |TAMS 0x0000000084800000| PB 0x0000000084800000| Untracked 
|  73|0x0000000084900000, 0x0000000084a00000, 0x0000000084a00000|100%| O|  |TAMS 0x0000000084900000| PB 0x0000000084900000| Untracked 
|  74|0x0000000084a00000, 0x0000000084b00000, 0x0000000084b00000|100%| O|  |TAMS 0x0000000084a00000| PB 0x0000000084a00000| Untracked 
|  75|0x0000000084b00000, 0x0000000084c00000, 0x0000000084c00000|100%| O|  |TAMS 0x0000000084b00000| PB 0x0000000084b00000| Untracked 
|  76|0x0000000084c00000, 0x0000000084d00000, 0x0000000084d00000|100%| O|  |TAMS 0x0000000084c00000| PB 0x0000000084c00000| Untracked 
|  77|0x0000000084d00000, 0x0000000084e00000, 0x0000000084e00000|100%| O|  |TAMS 0x0000000084d00000| PB 0x0000000084d00000| Untracked 
|  78|0x0000000084e00000, 0x0000000084f00000, 0x0000000084f00000|100%| O|  |TAMS 0x0000000084e00000| PB 0x0000000084e00000| Untracked 
|  79|0x0000000084f00000, 0x0000000085000000, 0x0000000085000000|100%| O|  |TAMS 0x0000000084f00000| PB 0x0000000084f00000| Untracked 
|  80|0x0000000085000000, 0x0000000085100000, 0x0000000085100000|100%| O|  |TAMS 0x0000000085000000| PB 0x0000000085000000| Untracked 
|  81|0x0000000085100000, 0x0000000085200000, 0x0000000085200000|100%| O|  |TAMS 0x0000000085100000| PB 0x0000000085100000| Untracked 
|  82|0x0000000085200000, 0x0000000085300000, 0x0000000085300000|100%| O|  |TAMS 0x0000000085200000| PB 0x0000000085200000| Untracked 
|  83|0x0000000085300000, 0x0000000085400000, 0x0000000085400000|100%| O|  |TAMS 0x0000000085300000| PB 0x0000000085300000| Untracked 
|  84|0x0000000085400000, 0x0000000085400000, 0x0000000085500000|  0%| F|  |TAMS 0x0000000085400000| PB 0x0000000085400000| Untracked 
|  85|0x0000000085500000, 0x0000000085600000, 0x0000000085600000|100%| O|  |TAMS 0x0000000085500000| PB 0x0000000085500000| Untracked 
|  86|0x0000000085600000, 0x0000000085700000, 0x0000000085700000|100%| O|  |TAMS 0x0000000085600000| PB 0x0000000085600000| Untracked 
|  87|0x0000000085700000, 0x0000000085800000, 0x0000000085800000|100%| O|  |TAMS 0x0000000085700000| PB 0x0000000085700000| Untracked 
|  88|0x0000000085800000, 0x0000000085900000, 0x0000000085900000|100%| O|  |TAMS 0x0000000085800000| PB 0x0000000085800000| Untracked 
|  89|0x0000000085900000, 0x0000000085a00000, 0x0000000085a00000|100%| O|  |TAMS 0x0000000085900000| PB 0x0000000085900000| Untracked 
|  90|0x0000000085a00000, 0x0000000085b00000, 0x0000000085b00000|100%| O|  |TAMS 0x0000000085a00000| PB 0x0000000085a00000| Untracked 
|  91|0x0000000085b00000, 0x0000000085c00000, 0x0000000085c00000|100%| O|  |TAMS 0x0000000085b00000| PB 0x0000000085b00000| Untracked 
|  92|0x0000000085c00000, 0x0000000085d00000, 0x0000000085d00000|100%| O|  |TAMS 0x0000000085c00000| PB 0x0000000085c00000| Untracked 
|  93|0x0000000085d00000, 0x0000000085e00000, 0x0000000085e00000|100%| O|  |TAMS 0x0000000085d00000| PB 0x0000000085d00000| Untracked 
|  94|0x0000000085e00000, 0x0000000085f00000, 0x0000000085f00000|100%| O|  |TAMS 0x0000000085e00000| PB 0x0000000085e00000| Untracked 
|  95|0x0000000085f00000, 0x0000000086000000, 0x0000000086000000|100%| O|  |TAMS 0x0000000085f00000| PB 0x0000000085f00000| Untracked 
|  96|0x0000000086000000, 0x0000000086100000, 0x0000000086100000|100%| O|  |TAMS 0x0000000086000000| PB 0x0000000086000000| Untracked 
|  97|0x0000000086100000, 0x0000000086200000, 0x0000000086200000|100%| O|  |TAMS 0x0000000086100000| PB 0x0000000086100000| Untracked 
|  98|0x0000000086200000, 0x0000000086300000, 0x0000000086300000|100%| O|  |TAMS 0x0000000086200000| PB 0x0000000086200000| Untracked 
|  99|0x0000000086300000, 0x0000000086400000, 0x0000000086400000|100%| O|  |TAMS 0x0000000086300000| PB 0x0000000086300000| Untracked 
| 100|0x0000000086400000, 0x0000000086500000, 0x0000000086500000|100%| O|  |TAMS 0x0000000086400000| PB 0x0000000086400000| Untracked 
| 101|0x0000000086500000, 0x0000000086600000, 0x0000000086600000|100%| O|  |TAMS 0x0000000086500000| PB 0x0000000086500000| Untracked 
| 102|0x0000000086600000, 0x0000000086700000, 0x0000000086700000|100%| O|  |TAMS 0x0000000086600000| PB 0x0000000086600000| Untracked 
| 103|0x0000000086700000, 0x0000000086800000, 0x0000000086800000|100%| O|  |TAMS 0x0000000086700000| PB 0x0000000086700000| Untracked 
| 104|0x0000000086800000, 0x0000000086900000, 0x0000000086900000|100%| O|  |TAMS 0x0000000086800000| PB 0x0000000086800000| Untracked 
| 105|0x0000000086900000, 0x0000000086a00000, 0x0000000086a00000|100%| O|  |TAMS 0x0000000086900000| PB 0x0000000086900000| Untracked 
| 106|0x0000000086a00000, 0x0000000086b00000, 0x0000000086b00000|100%| O|  |TAMS 0x0000000086a00000| PB 0x0000000086a00000| Untracked 
| 107|0x0000000086b00000, 0x0000000086c00000, 0x0000000086c00000|100%| O|  |TAMS 0x0000000086b00000| PB 0x0000000086b00000| Untracked 
| 108|0x0000000086c00000, 0x0000000086d00000, 0x0000000086d00000|100%| O|  |TAMS 0x0000000086c00000| PB 0x0000000086c00000| Untracked 
| 109|0x0000000086d00000, 0x0000000086e00000, 0x0000000086e00000|100%| O|  |TAMS 0x0000000086d00000| PB 0x0000000086d00000| Untracked 
| 110|0x0000000086e00000, 0x0000000086f00000, 0x0000000086f00000|100%| O|  |TAMS 0x0000000086e00000| PB 0x0000000086e00000| Untracked 
| 111|0x0000000086f00000, 0x0000000087000000, 0x0000000087000000|100%| O|  |TAMS 0x0000000086f00000| PB 0x0000000086f00000| Untracked 
| 112|0x0000000087000000, 0x0000000087100000, 0x0000000087100000|100%| O|  |TAMS 0x0000000087000000| PB 0x0000000087000000| Untracked 
| 113|0x0000000087100000, 0x0000000087200000, 0x0000000087200000|100%| O|  |TAMS 0x0000000087100000| PB 0x0000000087100000| Untracked 
| 114|0x0000000087200000, 0x0000000087300000, 0x0000000087300000|100%| O|  |TAMS 0x0000000087200000| PB 0x0000000087200000| Untracked 
| 115|0x0000000087300000, 0x0000000087400000, 0x0000000087400000|100%| O|  |TAMS 0x0000000087300000| PB 0x0000000087300000| Untracked 
| 116|0x0000000087400000, 0x0000000087400000, 0x0000000087500000|  0%| F|  |TAMS 0x0000000087400000| PB 0x0000000087400000| Untracked 
| 117|0x0000000087500000, 0x0000000087600000, 0x0000000087600000|100%| O|  |TAMS 0x0000000087500000| PB 0x0000000087500000| Untracked 
| 118|0x0000000087600000, 0x0000000087700000, 0x0000000087700000|100%| O|  |TAMS 0x0000000087600000| PB 0x0000000087600000| Untracked 
| 119|0x0000000087700000, 0x0000000087800000, 0x0000000087800000|100%| O|  |TAMS 0x0000000087700000| PB 0x0000000087700000| Untracked 
| 120|0x0000000087800000, 0x0000000087900000, 0x0000000087900000|100%| O|  |TAMS 0x0000000087800000| PB 0x0000000087800000| Untracked 
| 121|0x0000000087900000, 0x0000000087a00000, 0x0000000087a00000|100%| O|  |TAMS 0x0000000087900000| PB 0x0000000087900000| Untracked 
| 122|0x0000000087a00000, 0x0000000087a00000, 0x0000000087b00000|  0%| F|  |TAMS 0x0000000087a00000| PB 0x0000000087a00000| Untracked 
| 123|0x0000000087b00000, 0x0000000087c00000, 0x0000000087c00000|100%| O|  |TAMS 0x0000000087b00000| PB 0x0000000087b00000| Untracked 
| 124|0x0000000087c00000, 0x0000000087c00000, 0x0000000087d00000|  0%| F|  |TAMS 0x0000000087c00000| PB 0x0000000087c00000| Untracked 
| 125|0x0000000087d00000, 0x0000000087e00000, 0x0000000087e00000|100%| O|  |TAMS 0x0000000087d00000| PB 0x0000000087d00000| Untracked 
| 126|0x0000000087e00000, 0x0000000087e00000, 0x0000000087f00000|  0%| F|  |TAMS 0x0000000087e00000| PB 0x0000000087e00000| Untracked 
| 127|0x0000000087f00000, 0x0000000088000000, 0x0000000088000000|100%| O|  |TAMS 0x0000000087f00000| PB 0x0000000087f00000| Untracked 
| 128|0x0000000088000000, 0x0000000088100000, 0x0000000088100000|100%| O|  |TAMS 0x0000000088000000| PB 0x0000000088000000| Untracked 
| 129|0x0000000088100000, 0x0000000088200000, 0x0000000088200000|100%| O|  |TAMS 0x0000000088100000| PB 0x0000000088100000| Untracked 
| 130|0x0000000088200000, 0x0000000088300000, 0x0000000088300000|100%| O|  |TAMS 0x0000000088200000| PB 0x0000000088200000| Untracked 
| 131|0x0000000088300000, 0x0000000088400000, 0x0000000088400000|100%| O|  |TAMS 0x0000000088300000| PB 0x0000000088300000| Untracked 
| 132|0x0000000088400000, 0x0000000088400000, 0x0000000088500000|  0%| F|  |TAMS 0x0000000088400000| PB 0x0000000088400000| Untracked 
| 133|0x0000000088500000, 0x0000000088500000, 0x0000000088600000|  0%| F|  |TAMS 0x0000000088500000| PB 0x0000000088500000| Untracked 
| 134|0x0000000088600000, 0x0000000088600000, 0x0000000088700000|  0%| F|  |TAMS 0x0000000088600000| PB 0x0000000088600000| Untracked 
| 135|0x0000000088700000, 0x0000000088700000, 0x0000000088800000|  0%| F|  |TAMS 0x0000000088700000| PB 0x0000000088700000| Untracked 
| 136|0x0000000088800000, 0x0000000088800000, 0x0000000088900000|  0%| F|  |TAMS 0x0000000088800000| PB 0x0000000088800000| Untracked 
| 137|0x0000000088900000, 0x0000000088a00000, 0x0000000088a00000|100%| O|  |TAMS 0x0000000088900000| PB 0x0000000088900000| Untracked 
| 138|0x0000000088a00000, 0x0000000088b00000, 0x0000000088b00000|100%| O|  |TAMS 0x0000000088a00000| PB 0x0000000088a00000| Untracked 
| 139|0x0000000088b00000, 0x0000000088c00000, 0x0000000088c00000|100%| O|  |TAMS 0x0000000088b00000| PB 0x0000000088b00000| Untracked 
| 140|0x0000000088c00000, 0x0000000088d00000, 0x0000000088d00000|100%| O|  |TAMS 0x0000000088c00000| PB 0x0000000088c00000| Untracked 
| 141|0x0000000088d00000, 0x0000000088e00000, 0x0000000088e00000|100%| O|  |TAMS 0x0000000088d00000| PB 0x0000000088d00000| Untracked 
| 142|0x0000000088e00000, 0x0000000088f00000, 0x0000000088f00000|100%| O|  |TAMS 0x0000000088e00000| PB 0x0000000088e00000| Untracked 
| 143|0x0000000088f00000, 0x0000000089000000, 0x0000000089000000|100%| O|  |TAMS 0x0000000088f00000| PB 0x0000000088f00000| Untracked 
| 144|0x0000000089000000, 0x0000000089100000, 0x0000000089100000|100%| O|  |TAMS 0x0000000089000000| PB 0x0000000089000000| Untracked 
| 145|0x0000000089100000, 0x0000000089200000, 0x0000000089200000|100%| O|  |TAMS 0x0000000089100000| PB 0x0000000089100000| Untracked 
| 146|0x0000000089200000, 0x0000000089300000, 0x0000000089300000|100%| O|  |TAMS 0x0000000089200000| PB 0x0000000089200000| Untracked 
| 147|0x0000000089300000, 0x0000000089400000, 0x0000000089400000|100%| O|  |TAMS 0x0000000089300000| PB 0x0000000089300000| Untracked 
| 148|0x0000000089400000, 0x0000000089500000, 0x0000000089500000|100%| O|  |TAMS 0x0000000089400000| PB 0x0000000089400000| Untracked 
| 149|0x0000000089500000, 0x0000000089600000, 0x0000000089600000|100%| O|  |TAMS 0x0000000089500000| PB 0x0000000089500000| Untracked 
| 150|0x0000000089600000, 0x0000000089700000, 0x0000000089700000|100%| O|  |TAMS 0x0000000089600000| PB 0x0000000089600000| Untracked 
| 151|0x0000000089700000, 0x0000000089800000, 0x0000000089800000|100%| O|  |TAMS 0x0000000089700000| PB 0x0000000089700000| Untracked 
| 152|0x0000000089800000, 0x0000000089900000, 0x0000000089900000|100%| O|  |TAMS 0x0000000089800000| PB 0x0000000089800000| Untracked 
| 153|0x0000000089900000, 0x0000000089a00000, 0x0000000089a00000|100%| O|  |TAMS 0x0000000089900000| PB 0x0000000089900000| Untracked 
| 154|0x0000000089a00000, 0x0000000089b00000, 0x0000000089b00000|100%| O|  |TAMS 0x0000000089a00000| PB 0x0000000089a00000| Untracked 
| 155|0x0000000089b00000, 0x0000000089c00000, 0x0000000089c00000|100%| O|  |TAMS 0x0000000089b00000| PB 0x0000000089b00000| Untracked 
| 156|0x0000000089c00000, 0x0000000089d00000, 0x0000000089d00000|100%| O|  |TAMS 0x0000000089c00000| PB 0x0000000089c00000| Untracked 
| 157|0x0000000089d00000, 0x0000000089d00000, 0x0000000089e00000|  0%| F|  |TAMS 0x0000000089d00000| PB 0x0000000089d00000| Untracked 
| 158|0x0000000089e00000, 0x0000000089e00000, 0x0000000089f00000|  0%| F|  |TAMS 0x0000000089e00000| PB 0x0000000089e00000| Untracked 
| 159|0x0000000089f00000, 0x0000000089f00000, 0x000000008a000000|  0%| F|  |TAMS 0x0000000089f00000| PB 0x0000000089f00000| Untracked 
| 160|0x000000008a000000, 0x000000008a100000, 0x000000008a100000|100%|HS|  |TAMS 0x000000008a000000| PB 0x000000008a000000| Complete 
| 161|0x000000008a100000, 0x000000008a200000, 0x000000008a200000|100%| O|  |TAMS 0x000000008a100000| PB 0x000000008a100000| Untracked 
| 162|0x000000008a200000, 0x000000008a300000, 0x000000008a300000|100%| O|  |TAMS 0x000000008a200000| PB 0x000000008a200000| Untracked 
| 163|0x000000008a300000, 0x000000008a400000, 0x000000008a400000|100%| O|  |TAMS 0x000000008a300000| PB 0x000000008a300000| Untracked 
| 164|0x000000008a400000, 0x000000008a500000, 0x000000008a500000|100%| O|  |TAMS 0x000000008a400000| PB 0x000000008a400000| Untracked 
| 165|0x000000008a500000, 0x000000008a600000, 0x000000008a600000|100%| O|  |TAMS 0x000000008a500000| PB 0x000000008a500000| Untracked 
| 166|0x000000008a600000, 0x000000008a700000, 0x000000008a700000|100%| O|  |TAMS 0x000000008a600000| PB 0x000000008a600000| Untracked 
| 167|0x000000008a700000, 0x000000008a800000, 0x000000008a800000|100%| O|  |TAMS 0x000000008a700000| PB 0x000000008a700000| Untracked 
| 168|0x000000008a800000, 0x000000008a800000, 0x000000008a900000|  0%| F|  |TAMS 0x000000008a800000| PB 0x000000008a800000| Untracked 
| 169|0x000000008a900000, 0x000000008aa00000, 0x000000008aa00000|100%| O|  |TAMS 0x000000008a900000| PB 0x000000008a900000| Untracked 
| 170|0x000000008aa00000, 0x000000008ab00000, 0x000000008ab00000|100%| O|  |TAMS 0x000000008aa00000| PB 0x000000008aa00000| Untracked 
| 171|0x000000008ab00000, 0x000000008ac00000, 0x000000008ac00000|100%|HS|  |TAMS 0x000000008ab00000| PB 0x000000008ab00000| Complete 
| 172|0x000000008ac00000, 0x000000008ad00000, 0x000000008ad00000|100%|HS|  |TAMS 0x000000008ac00000| PB 0x000000008ac00000| Complete 
| 173|0x000000008ad00000, 0x000000008ae00000, 0x000000008ae00000|100%|HS|  |TAMS 0x000000008ad00000| PB 0x000000008ad00000| Complete 
| 174|0x000000008ae00000, 0x000000008af00000, 0x000000008af00000|100%|HS|  |TAMS 0x000000008ae00000| PB 0x000000008ae00000| Complete 
| 175|0x000000008af00000, 0x000000008b000000, 0x000000008b000000|100%| O|  |TAMS 0x000000008af00000| PB 0x000000008af00000| Untracked 
| 176|0x000000008b000000, 0x000000008b100000, 0x000000008b100000|100%| O|  |TAMS 0x000000008b000000| PB 0x000000008b000000| Untracked 
| 177|0x000000008b100000, 0x000000008b200000, 0x000000008b200000|100%| O|  |TAMS 0x000000008b100000| PB 0x000000008b100000| Untracked 
| 178|0x000000008b200000, 0x000000008b300000, 0x000000008b300000|100%| O|  |TAMS 0x000000008b200000| PB 0x000000008b200000| Untracked 
| 179|0x000000008b300000, 0x000000008b400000, 0x000000008b400000|100%| O|  |TAMS 0x000000008b300000| PB 0x000000008b300000| Untracked 
| 180|0x000000008b400000, 0x000000008b500000, 0x000000008b500000|100%| O|  |TAMS 0x000000008b400000| PB 0x000000008b400000| Untracked 
| 181|0x000000008b500000, 0x000000008b600000, 0x000000008b600000|100%| O|  |TAMS 0x000000008b500000| PB 0x000000008b500000| Untracked 
| 182|0x000000008b600000, 0x000000008b700000, 0x000000008b700000|100%| O|  |TAMS 0x000000008b600000| PB 0x000000008b600000| Untracked 
| 183|0x000000008b700000, 0x000000008b800000, 0x000000008b800000|100%| O|  |TAMS 0x000000008b700000| PB 0x000000008b700000| Untracked 
| 184|0x000000008b800000, 0x000000008b900000, 0x000000008b900000|100%| O|  |TAMS 0x000000008b800000| PB 0x000000008b800000| Untracked 
| 185|0x000000008b900000, 0x000000008ba00000, 0x000000008ba00000|100%| O|  |TAMS 0x000000008b900000| PB 0x000000008b900000| Untracked 
| 186|0x000000008ba00000, 0x000000008bb00000, 0x000000008bb00000|100%| O|  |TAMS 0x000000008ba00000| PB 0x000000008ba00000| Untracked 
| 187|0x000000008bb00000, 0x000000008bc00000, 0x000000008bc00000|100%| O|  |TAMS 0x000000008bb00000| PB 0x000000008bb00000| Untracked 
| 188|0x000000008bc00000, 0x000000008bd00000, 0x000000008bd00000|100%| O|  |TAMS 0x000000008bc00000| PB 0x000000008bc00000| Untracked 
| 189|0x000000008bd00000, 0x000000008be00000, 0x000000008be00000|100%| O|  |TAMS 0x000000008bd00000| PB 0x000000008bd00000| Untracked 
| 190|0x000000008be00000, 0x000000008bf00000, 0x000000008bf00000|100%| O|  |TAMS 0x000000008be00000| PB 0x000000008be00000| Untracked 
| 191|0x000000008bf00000, 0x000000008c000000, 0x000000008c000000|100%| O|  |TAMS 0x000000008bf00000| PB 0x000000008bf00000| Untracked 
| 192|0x000000008c000000, 0x000000008c100000, 0x000000008c100000|100%| O|  |TAMS 0x000000008c000000| PB 0x000000008c000000| Untracked 
| 193|0x000000008c100000, 0x000000008c200000, 0x000000008c200000|100%| O|  |TAMS 0x000000008c100000| PB 0x000000008c100000| Untracked 
| 194|0x000000008c200000, 0x000000008c300000, 0x000000008c300000|100%|HS|  |TAMS 0x000000008c200000| PB 0x000000008c200000| Complete 
| 195|0x000000008c300000, 0x000000008c400000, 0x000000008c400000|100%| O|  |TAMS 0x000000008c300000| PB 0x000000008c300000| Untracked 
| 196|0x000000008c400000, 0x000000008c500000, 0x000000008c500000|100%|HS|  |TAMS 0x000000008c400000| PB 0x000000008c400000| Complete 
| 197|0x000000008c500000, 0x000000008c600000, 0x000000008c600000|100%|HS|  |TAMS 0x000000008c500000| PB 0x000000008c500000| Complete 
| 198|0x000000008c600000, 0x000000008c700000, 0x000000008c700000|100%|HS|  |TAMS 0x000000008c600000| PB 0x000000008c600000| Complete 
| 199|0x000000008c700000, 0x000000008c700000, 0x000000008c800000|  0%| F|  |TAMS 0x000000008c700000| PB 0x000000008c700000| Untracked 
| 200|0x000000008c800000, 0x000000008c900000, 0x000000008c900000|100%| O|  |TAMS 0x000000008c800000| PB 0x000000008c800000| Untracked 
| 201|0x000000008c900000, 0x000000008ca00000, 0x000000008ca00000|100%| O|  |TAMS 0x000000008c900000| PB 0x000000008c900000| Untracked 
| 202|0x000000008ca00000, 0x000000008cb00000, 0x000000008cb00000|100%|HS|  |TAMS 0x000000008ca00000| PB 0x000000008ca00000| Complete 
| 203|0x000000008cb00000, 0x000000008cc00000, 0x000000008cc00000|100%| O|  |TAMS 0x000000008cb00000| PB 0x000000008cb00000| Untracked 
| 204|0x000000008cc00000, 0x000000008cd00000, 0x000000008cd00000|100%| O|  |TAMS 0x000000008cc00000| PB 0x000000008cc00000| Untracked 
| 205|0x000000008cd00000, 0x000000008cd00000, 0x000000008ce00000|  0%| F|  |TAMS 0x000000008cd00000| PB 0x000000008cd00000| Untracked 
| 206|0x000000008ce00000, 0x000000008ce00000, 0x000000008cf00000|  0%| F|  |TAMS 0x000000008ce00000| PB 0x000000008ce00000| Untracked 
| 207|0x000000008cf00000, 0x000000008d000000, 0x000000008d000000|100%| O|  |TAMS 0x000000008cf00000| PB 0x000000008cf00000| Untracked 
| 208|0x000000008d000000, 0x000000008d100000, 0x000000008d100000|100%| O|  |TAMS 0x000000008d000000| PB 0x000000008d000000| Untracked 
| 209|0x000000008d100000, 0x000000008d200000, 0x000000008d200000|100%| O|  |TAMS 0x000000008d100000| PB 0x000000008d100000| Untracked 
| 210|0x000000008d200000, 0x000000008d300000, 0x000000008d300000|100%|HS|  |TAMS 0x000000008d200000| PB 0x000000008d200000| Complete 
| 211|0x000000008d300000, 0x000000008d400000, 0x000000008d400000|100%|HC|  |TAMS 0x000000008d300000| PB 0x000000008d300000| Complete 
| 212|0x000000008d400000, 0x000000008d500000, 0x000000008d500000|100%|HS|  |TAMS 0x000000008d400000| PB 0x000000008d400000| Complete 
| 213|0x000000008d500000, 0x000000008d600000, 0x000000008d600000|100%|HC|  |TAMS 0x000000008d500000| PB 0x000000008d500000| Complete 
| 214|0x000000008d600000, 0x000000008d700000, 0x000000008d700000|100%| O|  |TAMS 0x000000008d600000| PB 0x000000008d600000| Untracked 
| 215|0x000000008d700000, 0x000000008d800000, 0x000000008d800000|100%|HS|  |TAMS 0x000000008d700000| PB 0x000000008d700000| Complete 
| 216|0x000000008d800000, 0x000000008d900000, 0x000000008d900000|100%|HS|  |TAMS 0x000000008d800000| PB 0x000000008d800000| Complete 
| 217|0x000000008d900000, 0x000000008da00000, 0x000000008da00000|100%|HS|  |TAMS 0x000000008d900000| PB 0x000000008d900000| Complete 
| 218|0x000000008da00000, 0x000000008db00000, 0x000000008db00000|100%|HC|  |TAMS 0x000000008da00000| PB 0x000000008da00000| Complete 
| 219|0x000000008db00000, 0x000000008dc00000, 0x000000008dc00000|100%|HS|  |TAMS 0x000000008db00000| PB 0x000000008db00000| Complete 
| 220|0x000000008dc00000, 0x000000008dd00000, 0x000000008dd00000|100%|HC|  |TAMS 0x000000008dc00000| PB 0x000000008dc00000| Complete 
| 221|0x000000008dd00000, 0x000000008de00000, 0x000000008de00000|100%| O|  |TAMS 0x000000008dd00000| PB 0x000000008dd00000| Untracked 
| 222|0x000000008de00000, 0x000000008df00000, 0x000000008df00000|100%|HS|  |TAMS 0x000000008de00000| PB 0x000000008de00000| Complete 
| 223|0x000000008df00000, 0x000000008e000000, 0x000000008e000000|100%|HC|  |TAMS 0x000000008df00000| PB 0x000000008df00000| Complete 
| 224|0x000000008e000000, 0x000000008e100000, 0x000000008e100000|100%| O|  |TAMS 0x000000008e000000| PB 0x000000008e000000| Untracked 
| 225|0x000000008e100000, 0x000000008e200000, 0x000000008e200000|100%| O|  |TAMS 0x000000008e100000| PB 0x000000008e100000| Untracked 
| 226|0x000000008e200000, 0x000000008e300000, 0x000000008e300000|100%|HS|  |TAMS 0x000000008e200000| PB 0x000000008e200000| Complete 
| 227|0x000000008e300000, 0x000000008e300000, 0x000000008e400000|  0%| F|  |TAMS 0x000000008e300000| PB 0x000000008e300000| Untracked 
| 228|0x000000008e400000, 0x000000008e400000, 0x000000008e500000|  0%| F|  |TAMS 0x000000008e400000| PB 0x000000008e400000| Untracked 
| 229|0x000000008e500000, 0x000000008e500000, 0x000000008e600000|  0%| F|  |TAMS 0x000000008e500000| PB 0x000000008e500000| Untracked 
| 230|0x000000008e600000, 0x000000008e700000, 0x000000008e700000|100%|HS|  |TAMS 0x000000008e600000| PB 0x000000008e600000| Complete 
| 231|0x000000008e700000, 0x000000008e800000, 0x000000008e800000|100%|HC|  |TAMS 0x000000008e700000| PB 0x000000008e700000| Complete 
| 232|0x000000008e800000, 0x000000008e900000, 0x000000008e900000|100%|HS|  |TAMS 0x000000008e800000| PB 0x000000008e800000| Complete 
| 233|0x000000008e900000, 0x000000008ea00000, 0x000000008ea00000|100%|HS|  |TAMS 0x000000008e900000| PB 0x000000008e900000| Complete 
| 234|0x000000008ea00000, 0x000000008eb00000, 0x000000008eb00000|100%|HC|  |TAMS 0x000000008ea00000| PB 0x000000008ea00000| Complete 
| 235|0x000000008eb00000, 0x000000008ec00000, 0x000000008ec00000|100%|HS|  |TAMS 0x000000008eb00000| PB 0x000000008eb00000| Complete 
| 236|0x000000008ec00000, 0x000000008ed00000, 0x000000008ed00000|100%|HS|  |TAMS 0x000000008ec00000| PB 0x000000008ec00000| Complete 
| 237|0x000000008ed00000, 0x000000008ee00000, 0x000000008ee00000|100%|HC|  |TAMS 0x000000008ed00000| PB 0x000000008ed00000| Complete 
| 238|0x000000008ee00000, 0x000000008ef00000, 0x000000008ef00000|100%|HS|  |TAMS 0x000000008ee00000| PB 0x000000008ee00000| Complete 
| 239|0x000000008ef00000, 0x000000008f000000, 0x000000008f000000|100%|HC|  |TAMS 0x000000008ef00000| PB 0x000000008ef00000| Complete 
| 240|0x000000008f000000, 0x000000008f100000, 0x000000008f100000|100%|HS|  |TAMS 0x000000008f000000| PB 0x000000008f000000| Complete 
| 241|0x000000008f100000, 0x000000008f200000, 0x000000008f200000|100%|HS|  |TAMS 0x000000008f100000| PB 0x000000008f100000| Complete 
| 242|0x000000008f200000, 0x000000008f300000, 0x000000008f300000|100%| O|  |TAMS 0x000000008f200000| PB 0x000000008f200000| Untracked 
| 243|0x000000008f300000, 0x000000008f400000, 0x000000008f400000|100%|HS|  |TAMS 0x000000008f300000| PB 0x000000008f300000| Complete 
| 244|0x000000008f400000, 0x000000008f500000, 0x000000008f500000|100%|HC|  |TAMS 0x000000008f400000| PB 0x000000008f400000| Complete 
| 245|0x000000008f500000, 0x000000008f600000, 0x000000008f600000|100%|HC|  |TAMS 0x000000008f500000| PB 0x000000008f500000| Complete 
| 246|0x000000008f600000, 0x000000008f700000, 0x000000008f700000|100%|HS|  |TAMS 0x000000008f600000| PB 0x000000008f600000| Complete 
| 247|0x000000008f700000, 0x000000008f800000, 0x000000008f800000|100%|HC|  |TAMS 0x000000008f700000| PB 0x000000008f700000| Complete 
| 248|0x000000008f800000, 0x000000008f900000, 0x000000008f900000|100%|HC|  |TAMS 0x000000008f800000| PB 0x000000008f800000| Complete 
| 249|0x000000008f900000, 0x000000008fa00000, 0x000000008fa00000|100%|HC|  |TAMS 0x000000008f900000| PB 0x000000008f900000| Complete 
| 250|0x000000008fa00000, 0x000000008fb00000, 0x000000008fb00000|100%|HC|  |TAMS 0x000000008fa00000| PB 0x000000008fa00000| Complete 
| 251|0x000000008fb00000, 0x000000008fc00000, 0x000000008fc00000|100%|HC|  |TAMS 0x000000008fb00000| PB 0x000000008fb00000| Complete 
| 252|0x000000008fc00000, 0x000000008fd00000, 0x000000008fd00000|100%|HS|  |TAMS 0x000000008fc00000| PB 0x000000008fc00000| Complete 
| 253|0x000000008fd00000, 0x000000008fe00000, 0x000000008fe00000|100%|HC|  |TAMS 0x000000008fd00000| PB 0x000000008fd00000| Complete 
| 254|0x000000008fe00000, 0x000000008ff00000, 0x000000008ff00000|100%|HC|  |TAMS 0x000000008fe00000| PB 0x000000008fe00000| Complete 
| 255|0x000000008ff00000, 0x0000000090000000, 0x0000000090000000|100%|HS|  |TAMS 0x000000008ff00000| PB 0x000000008ff00000| Complete 
| 256|0x0000000090000000, 0x0000000090000000, 0x0000000090100000|  0%| F|  |TAMS 0x0000000090000000| PB 0x0000000090000000| Untracked 
| 257|0x0000000090100000, 0x0000000090100000, 0x0000000090200000|  0%| F|  |TAMS 0x0000000090100000| PB 0x0000000090100000| Untracked 
| 258|0x0000000090200000, 0x0000000090200000, 0x0000000090300000|  0%| F|  |TAMS 0x0000000090200000| PB 0x0000000090200000| Untracked 
| 259|0x0000000090300000, 0x0000000090400000, 0x0000000090400000|100%| O|  |TAMS 0x0000000090300000| PB 0x0000000090300000| Untracked 
| 260|0x0000000090400000, 0x0000000090500000, 0x0000000090500000|100%| O|  |TAMS 0x0000000090400000| PB 0x0000000090400000| Untracked 
| 261|0x0000000090500000, 0x0000000090500000, 0x0000000090600000|  0%| F|  |TAMS 0x0000000090500000| PB 0x0000000090500000| Untracked 
| 262|0x0000000090600000, 0x0000000090700000, 0x0000000090700000|100%| O|  |TAMS 0x0000000090600000| PB 0x0000000090600000| Untracked 
| 263|0x0000000090700000, 0x0000000090800000, 0x0000000090800000|100%| O|  |TAMS 0x0000000090700000| PB 0x0000000090700000| Untracked 
| 264|0x0000000090800000, 0x0000000090900000, 0x0000000090900000|100%| O|  |TAMS 0x0000000090800000| PB 0x0000000090800000| Untracked 
| 265|0x0000000090900000, 0x0000000090900000, 0x0000000090a00000|  0%| F|  |TAMS 0x0000000090900000| PB 0x0000000090900000| Untracked 
| 266|0x0000000090a00000, 0x0000000090b00000, 0x0000000090b00000|100%| O|  |TAMS 0x0000000090a00000| PB 0x0000000090a00000| Untracked 
| 267|0x0000000090b00000, 0x0000000090c00000, 0x0000000090c00000|100%| O|  |TAMS 0x0000000090b00000| PB 0x0000000090b00000| Untracked 
| 268|0x0000000090c00000, 0x0000000090d00000, 0x0000000090d00000|100%| O|  |TAMS 0x0000000090c00000| PB 0x0000000090c00000| Untracked 
| 269|0x0000000090d00000, 0x0000000090e00000, 0x0000000090e00000|100%| O|  |TAMS 0x0000000090d00000| PB 0x0000000090d00000| Untracked 
| 270|0x0000000090e00000, 0x0000000090f00000, 0x0000000090f00000|100%| O|  |TAMS 0x0000000090e00000| PB 0x0000000090e00000| Untracked 
| 271|0x0000000090f00000, 0x0000000091000000, 0x0000000091000000|100%| O|  |TAMS 0x0000000090f00000| PB 0x0000000090f00000| Untracked 
| 272|0x0000000091000000, 0x0000000091100000, 0x0000000091100000|100%| O|  |TAMS 0x0000000091000000| PB 0x0000000091000000| Untracked 
| 273|0x0000000091100000, 0x0000000091200000, 0x0000000091200000|100%| O|  |TAMS 0x0000000091100000| PB 0x0000000091100000| Untracked 
| 274|0x0000000091200000, 0x0000000091300000, 0x0000000091300000|100%| O|  |TAMS 0x0000000091200000| PB 0x0000000091200000| Untracked 
| 275|0x0000000091300000, 0x0000000091400000, 0x0000000091400000|100%| O|  |TAMS 0x0000000091300000| PB 0x0000000091300000| Untracked 
| 276|0x0000000091400000, 0x0000000091500000, 0x0000000091500000|100%| O|  |TAMS 0x0000000091400000| PB 0x0000000091400000| Untracked 
| 277|0x0000000091500000, 0x0000000091600000, 0x0000000091600000|100%| O|  |TAMS 0x0000000091500000| PB 0x0000000091500000| Untracked 
| 278|0x0000000091600000, 0x0000000091700000, 0x0000000091700000|100%| O|  |TAMS 0x0000000091600000| PB 0x0000000091600000| Untracked 
| 279|0x0000000091700000, 0x0000000091800000, 0x0000000091800000|100%| O|  |TAMS 0x0000000091700000| PB 0x0000000091700000| Untracked 
| 280|0x0000000091800000, 0x0000000091900000, 0x0000000091900000|100%| O|  |TAMS 0x0000000091800000| PB 0x0000000091800000| Untracked 
| 281|0x0000000091900000, 0x0000000091a00000, 0x0000000091a00000|100%| O|  |TAMS 0x0000000091900000| PB 0x0000000091900000| Untracked 
| 282|0x0000000091a00000, 0x0000000091b00000, 0x0000000091b00000|100%| O|  |TAMS 0x0000000091a00000| PB 0x0000000091a00000| Untracked 
| 283|0x0000000091b00000, 0x0000000091c00000, 0x0000000091c00000|100%| O|  |TAMS 0x0000000091b00000| PB 0x0000000091b00000| Untracked 
| 284|0x0000000091c00000, 0x0000000091d00000, 0x0000000091d00000|100%| O|  |TAMS 0x0000000091c00000| PB 0x0000000091c00000| Untracked 
| 285|0x0000000091d00000, 0x0000000091e00000, 0x0000000091e00000|100%| O|  |TAMS 0x0000000091d00000| PB 0x0000000091d00000| Untracked 
| 286|0x0000000091e00000, 0x0000000091f00000, 0x0000000091f00000|100%| O|  |TAMS 0x0000000091e00000| PB 0x0000000091e00000| Untracked 
| 287|0x0000000091f00000, 0x0000000092000000, 0x0000000092000000|100%| O|  |TAMS 0x0000000091f00000| PB 0x0000000091f00000| Untracked 
| 288|0x0000000092000000, 0x0000000092100000, 0x0000000092100000|100%| O|  |TAMS 0x0000000092000000| PB 0x0000000092000000| Untracked 
| 289|0x0000000092100000, 0x0000000092200000, 0x0000000092200000|100%| O|  |TAMS 0x0000000092100000| PB 0x0000000092100000| Untracked 
| 290|0x0000000092200000, 0x0000000092300000, 0x0000000092300000|100%| O|  |TAMS 0x0000000092200000| PB 0x0000000092200000| Untracked 
| 291|0x0000000092300000, 0x0000000092400000, 0x0000000092400000|100%| O|  |TAMS 0x0000000092300000| PB 0x0000000092300000| Untracked 
| 292|0x0000000092400000, 0x0000000092500000, 0x0000000092500000|100%| O|  |TAMS 0x0000000092400000| PB 0x0000000092400000| Untracked 
| 293|0x0000000092500000, 0x0000000092600000, 0x0000000092600000|100%| O|  |TAMS 0x0000000092500000| PB 0x0000000092500000| Untracked 
| 294|0x0000000092600000, 0x0000000092700000, 0x0000000092700000|100%| O|  |TAMS 0x0000000092600000| PB 0x0000000092600000| Untracked 
| 295|0x0000000092700000, 0x0000000092800000, 0x0000000092800000|100%| O|  |TAMS 0x0000000092700000| PB 0x0000000092700000| Untracked 
| 296|0x0000000092800000, 0x0000000092900000, 0x0000000092900000|100%| O|  |TAMS 0x0000000092800000| PB 0x0000000092800000| Untracked 
| 297|0x0000000092900000, 0x0000000092a00000, 0x0000000092a00000|100%| O|  |TAMS 0x0000000092900000| PB 0x0000000092900000| Untracked 
| 298|0x0000000092a00000, 0x0000000092b00000, 0x0000000092b00000|100%| O|  |TAMS 0x0000000092a00000| PB 0x0000000092a00000| Untracked 
| 299|0x0000000092b00000, 0x0000000092c00000, 0x0000000092c00000|100%| O|  |TAMS 0x0000000092b00000| PB 0x0000000092b00000| Untracked 
| 300|0x0000000092c00000, 0x0000000092d00000, 0x0000000092d00000|100%| O|  |TAMS 0x0000000092c00000| PB 0x0000000092c00000| Untracked 
| 301|0x0000000092d00000, 0x0000000092e00000, 0x0000000092e00000|100%| O|  |TAMS 0x0000000092d00000| PB 0x0000000092d00000| Untracked 
| 302|0x0000000092e00000, 0x0000000092f00000, 0x0000000092f00000|100%| O|  |TAMS 0x0000000092e00000| PB 0x0000000092e00000| Untracked 
| 303|0x0000000092f00000, 0x0000000093000000, 0x0000000093000000|100%| O|  |TAMS 0x0000000092f00000| PB 0x0000000092f00000| Untracked 
| 304|0x0000000093000000, 0x0000000093100000, 0x0000000093100000|100%| O|  |TAMS 0x0000000093000000| PB 0x0000000093000000| Untracked 
| 305|0x0000000093100000, 0x0000000093200000, 0x0000000093200000|100%| O|  |TAMS 0x0000000093100000| PB 0x0000000093100000| Untracked 
| 306|0x0000000093200000, 0x0000000093300000, 0x0000000093300000|100%| O|  |TAMS 0x0000000093200000| PB 0x0000000093200000| Untracked 
| 307|0x0000000093300000, 0x0000000093400000, 0x0000000093400000|100%| O|  |TAMS 0x0000000093300000| PB 0x0000000093300000| Untracked 
| 308|0x0000000093400000, 0x0000000093500000, 0x0000000093500000|100%| O|  |TAMS 0x0000000093400000| PB 0x0000000093400000| Untracked 
| 309|0x0000000093500000, 0x0000000093600000, 0x0000000093600000|100%| O|  |TAMS 0x0000000093500000| PB 0x0000000093500000| Untracked 
| 310|0x0000000093600000, 0x0000000093700000, 0x0000000093700000|100%| O|  |TAMS 0x0000000093600000| PB 0x0000000093600000| Untracked 
| 311|0x0000000093700000, 0x0000000093800000, 0x0000000093800000|100%| O|  |TAMS 0x0000000093700000| PB 0x0000000093700000| Untracked 
| 312|0x0000000093800000, 0x0000000093900000, 0x0000000093900000|100%| O|  |TAMS 0x0000000093800000| PB 0x0000000093800000| Untracked 
| 313|0x0000000093900000, 0x0000000093a00000, 0x0000000093a00000|100%| O|  |TAMS 0x0000000093900000| PB 0x0000000093900000| Untracked 
| 314|0x0000000093a00000, 0x0000000093b00000, 0x0000000093b00000|100%| O|  |TAMS 0x0000000093a00000| PB 0x0000000093a00000| Untracked 
| 315|0x0000000093b00000, 0x0000000093c00000, 0x0000000093c00000|100%| O|  |TAMS 0x0000000093b00000| PB 0x0000000093b00000| Untracked 
| 316|0x0000000093c00000, 0x0000000093d00000, 0x0000000093d00000|100%| O|  |TAMS 0x0000000093c00000| PB 0x0000000093c00000| Untracked 
| 317|0x0000000093d00000, 0x0000000093e00000, 0x0000000093e00000|100%| O|  |TAMS 0x0000000093d00000| PB 0x0000000093d00000| Untracked 
| 318|0x0000000093e00000, 0x0000000093f00000, 0x0000000093f00000|100%| O|  |TAMS 0x0000000093e00000| PB 0x0000000093e00000| Untracked 
| 319|0x0000000093f00000, 0x0000000094000000, 0x0000000094000000|100%| O|  |TAMS 0x0000000093f00000| PB 0x0000000093f00000| Untracked 
| 320|0x0000000094000000, 0x0000000094100000, 0x0000000094100000|100%| O|  |TAMS 0x0000000094000000| PB 0x0000000094000000| Untracked 
| 321|0x0000000094100000, 0x0000000094200000, 0x0000000094200000|100%| O|  |TAMS 0x0000000094100000| PB 0x0000000094100000| Untracked 
| 322|0x0000000094200000, 0x0000000094300000, 0x0000000094300000|100%| O|  |TAMS 0x0000000094200000| PB 0x0000000094200000| Untracked 
| 323|0x0000000094300000, 0x0000000094320018, 0x0000000094400000| 12%| O|  |TAMS 0x0000000094300000| PB 0x0000000094300000| Untracked 
| 324|0x0000000094400000, 0x0000000094400000, 0x0000000094500000|  0%| F|  |TAMS 0x0000000094400000| PB 0x0000000094400000| Untracked 
| 325|0x0000000094500000, 0x0000000094500000, 0x0000000094600000|  0%| F|  |TAMS 0x0000000094500000| PB 0x0000000094500000| Untracked 
| 326|0x0000000094600000, 0x0000000094600000, 0x0000000094700000|  0%| F|  |TAMS 0x0000000094600000| PB 0x0000000094600000| Untracked 
| 327|0x0000000094700000, 0x0000000094700000, 0x0000000094800000|  0%| F|  |TAMS 0x0000000094700000| PB 0x0000000094700000| Untracked 
| 328|0x0000000094800000, 0x0000000094800000, 0x0000000094900000|  0%| F|  |TAMS 0x0000000094800000| PB 0x0000000094800000| Untracked 
| 329|0x0000000094900000, 0x0000000094a00000, 0x0000000094a00000|100%| O|  |TAMS 0x0000000094900000| PB 0x0000000094900000| Untracked 
| 330|0x0000000094a00000, 0x0000000094b00000, 0x0000000094b00000|100%| O|  |TAMS 0x0000000094a00000| PB 0x0000000094a00000| Untracked 
| 331|0x0000000094b00000, 0x0000000094c00000, 0x0000000094c00000|100%| O|  |TAMS 0x0000000094b00000| PB 0x0000000094b00000| Untracked 
| 332|0x0000000094c00000, 0x0000000094d00000, 0x0000000094d00000|100%| O|  |TAMS 0x0000000094c00000| PB 0x0000000094c00000| Untracked 
| 333|0x0000000094d00000, 0x0000000094e00000, 0x0000000094e00000|100%| O|  |TAMS 0x0000000094d00000| PB 0x0000000094d00000| Untracked 
| 334|0x0000000094e00000, 0x0000000094f00000, 0x0000000094f00000|100%| O|  |TAMS 0x0000000094e00000| PB 0x0000000094e00000| Untracked 
| 335|0x0000000094f00000, 0x0000000095000000, 0x0000000095000000|100%| O|  |TAMS 0x0000000094f00000| PB 0x0000000094f00000| Untracked 
| 336|0x0000000095000000, 0x0000000095100000, 0x0000000095100000|100%| O|  |TAMS 0x0000000095000000| PB 0x0000000095000000| Untracked 
| 337|0x0000000095100000, 0x0000000095100000, 0x0000000095200000|  0%| F|  |TAMS 0x0000000095100000| PB 0x0000000095100000| Untracked 
| 338|0x0000000095200000, 0x0000000095300000, 0x0000000095300000|100%| O|  |TAMS 0x0000000095200000| PB 0x0000000095200000| Untracked 
| 339|0x0000000095300000, 0x0000000095300000, 0x0000000095400000|  0%| F|  |TAMS 0x0000000095300000| PB 0x0000000095300000| Untracked 
| 340|0x0000000095400000, 0x0000000095500000, 0x0000000095500000|100%| O|  |TAMS 0x0000000095400000| PB 0x0000000095400000| Untracked 
| 341|0x0000000095500000, 0x0000000095500000, 0x0000000095600000|  0%| F|  |TAMS 0x0000000095500000| PB 0x0000000095500000| Untracked 
| 342|0x0000000095600000, 0x0000000095600000, 0x0000000095700000|  0%| F|  |TAMS 0x0000000095600000| PB 0x0000000095600000| Untracked 
| 343|0x0000000095700000, 0x0000000095700000, 0x0000000095800000|  0%| F|  |TAMS 0x0000000095700000| PB 0x0000000095700000| Untracked 
| 344|0x0000000095800000, 0x0000000095900000, 0x0000000095900000|100%| O|  |TAMS 0x0000000095800000| PB 0x0000000095800000| Untracked 
| 345|0x0000000095900000, 0x0000000095900000, 0x0000000095a00000|  0%| F|  |TAMS 0x0000000095900000| PB 0x0000000095900000| Untracked 
| 346|0x0000000095a00000, 0x0000000095b00000, 0x0000000095b00000|100%| O|  |TAMS 0x0000000095a00000| PB 0x0000000095a00000| Untracked 
| 347|0x0000000095b00000, 0x0000000095c00000, 0x0000000095c00000|100%| O|  |TAMS 0x0000000095b00000| PB 0x0000000095b00000| Untracked 
| 348|0x0000000095c00000, 0x0000000095d00000, 0x0000000095d00000|100%| O|  |TAMS 0x0000000095c00000| PB 0x0000000095c00000| Untracked 
| 349|0x0000000095d00000, 0x0000000095e00000, 0x0000000095e00000|100%| O|  |TAMS 0x0000000095d00000| PB 0x0000000095d00000| Untracked 
| 350|0x0000000095e00000, 0x0000000095f00000, 0x0000000095f00000|100%| O|  |TAMS 0x0000000095e00000| PB 0x0000000095e00000| Untracked 
| 351|0x0000000095f00000, 0x0000000096000000, 0x0000000096000000|100%| O|  |TAMS 0x0000000095f00000| PB 0x0000000095f00000| Untracked 
| 352|0x0000000096000000, 0x0000000096100000, 0x0000000096100000|100%| O|  |TAMS 0x0000000096000000| PB 0x0000000096000000| Untracked 
| 353|0x0000000096100000, 0x0000000096200000, 0x0000000096200000|100%| O|  |TAMS 0x0000000096100000| PB 0x0000000096100000| Untracked 
| 354|0x0000000096200000, 0x0000000096300000, 0x0000000096300000|100%| O|  |TAMS 0x0000000096200000| PB 0x0000000096200000| Untracked 
| 355|0x0000000096300000, 0x0000000096400000, 0x0000000096400000|100%| O|  |TAMS 0x0000000096300000| PB 0x0000000096300000| Untracked 
| 356|0x0000000096400000, 0x0000000096500000, 0x0000000096500000|100%| O|  |TAMS 0x0000000096400000| PB 0x0000000096400000| Untracked 
| 357|0x0000000096500000, 0x0000000096600000, 0x0000000096600000|100%| O|  |TAMS 0x0000000096500000| PB 0x0000000096500000| Untracked 
| 358|0x0000000096600000, 0x0000000096700000, 0x0000000096700000|100%| O|  |TAMS 0x0000000096600000| PB 0x0000000096600000| Untracked 
| 359|0x0000000096700000, 0x0000000096800000, 0x0000000096800000|100%| O|  |TAMS 0x0000000096700000| PB 0x0000000096700000| Untracked 
| 360|0x0000000096800000, 0x0000000096900000, 0x0000000096900000|100%| O|  |TAMS 0x0000000096800000| PB 0x0000000096800000| Untracked 
| 361|0x0000000096900000, 0x0000000096a00000, 0x0000000096a00000|100%| O|  |TAMS 0x0000000096900000| PB 0x0000000096900000| Untracked 
| 362|0x0000000096a00000, 0x0000000096b00000, 0x0000000096b00000|100%| O|  |TAMS 0x0000000096a00000| PB 0x0000000096a00000| Untracked 
| 363|0x0000000096b00000, 0x0000000096c00000, 0x0000000096c00000|100%| O|  |TAMS 0x0000000096b00000| PB 0x0000000096b00000| Untracked 
| 364|0x0000000096c00000, 0x0000000096d00000, 0x0000000096d00000|100%| O|  |TAMS 0x0000000096c00000| PB 0x0000000096c00000| Untracked 
| 365|0x0000000096d00000, 0x0000000096e00000, 0x0000000096e00000|100%| O|  |TAMS 0x0000000096d00000| PB 0x0000000096d00000| Untracked 
| 366|0x0000000096e00000, 0x0000000096e00000, 0x0000000096f00000|  0%| F|  |TAMS 0x0000000096e00000| PB 0x0000000096e00000| Untracked 
| 367|0x0000000096f00000, 0x0000000096f00000, 0x0000000097000000|  0%| F|  |TAMS 0x0000000096f00000| PB 0x0000000096f00000| Untracked 
| 368|0x0000000097000000, 0x0000000097000000, 0x0000000097100000|  0%| F|  |TAMS 0x0000000097000000| PB 0x0000000097000000| Untracked 
| 369|0x0000000097100000, 0x0000000097200000, 0x0000000097200000|100%| O|  |TAMS 0x0000000097100000| PB 0x0000000097100000| Untracked 
| 370|0x0000000097200000, 0x0000000097300000, 0x0000000097300000|100%| O|  |TAMS 0x0000000097200000| PB 0x0000000097200000| Untracked 
| 371|0x0000000097300000, 0x0000000097400000, 0x0000000097400000|100%| O|  |TAMS 0x0000000097300000| PB 0x0000000097300000| Untracked 
| 372|0x0000000097400000, 0x0000000097500000, 0x0000000097500000|100%| O|  |TAMS 0x0000000097400000| PB 0x0000000097400000| Untracked 
| 373|0x0000000097500000, 0x0000000097600000, 0x0000000097600000|100%| O|  |TAMS 0x0000000097500000| PB 0x0000000097500000| Untracked 
| 374|0x0000000097600000, 0x0000000097700000, 0x0000000097700000|100%| O|  |TAMS 0x0000000097600000| PB 0x0000000097600000| Untracked 
| 375|0x0000000097700000, 0x0000000097700000, 0x0000000097800000|  0%| F|  |TAMS 0x0000000097700000| PB 0x0000000097700000| Untracked 
| 376|0x0000000097800000, 0x0000000097800000, 0x0000000097900000|  0%| F|  |TAMS 0x0000000097800000| PB 0x0000000097800000| Untracked 
| 377|0x0000000097900000, 0x0000000097900000, 0x0000000097a00000|  0%| F|  |TAMS 0x0000000097900000| PB 0x0000000097900000| Untracked 
| 378|0x0000000097a00000, 0x0000000097a00000, 0x0000000097b00000|  0%| F|  |TAMS 0x0000000097a00000| PB 0x0000000097a00000| Untracked 
| 379|0x0000000097b00000, 0x0000000097c00000, 0x0000000097c00000|100%|HS|  |TAMS 0x0000000097b00000| PB 0x0000000097b00000| Complete 
| 380|0x0000000097c00000, 0x0000000097d00000, 0x0000000097d00000|100%|HC|  |TAMS 0x0000000097c00000| PB 0x0000000097c00000| Complete 
| 381|0x0000000097d00000, 0x0000000097e00000, 0x0000000097e00000|100%|HS|  |TAMS 0x0000000097d00000| PB 0x0000000097d00000| Complete 
| 382|0x0000000097e00000, 0x0000000097e00000, 0x0000000097f00000|  0%| F|  |TAMS 0x0000000097e00000| PB 0x0000000097e00000| Untracked 
| 383|0x0000000097f00000, 0x0000000098000000, 0x0000000098000000|100%|HS|  |TAMS 0x0000000097f00000| PB 0x0000000097f00000| Complete 
| 384|0x0000000098000000, 0x0000000098100000, 0x0000000098100000|100%|HC|  |TAMS 0x0000000098000000| PB 0x0000000098000000| Complete 
| 385|0x0000000098100000, 0x0000000098200000, 0x0000000098200000|100%|HS|  |TAMS 0x0000000098100000| PB 0x0000000098100000| Complete 
| 386|0x0000000098200000, 0x0000000098300000, 0x0000000098300000|100%| O|  |TAMS 0x0000000098200000| PB 0x0000000098200000| Untracked 
| 387|0x0000000098300000, 0x0000000098400000, 0x0000000098400000|100%| O|  |TAMS 0x0000000098300000| PB 0x0000000098300000| Untracked 
| 388|0x0000000098400000, 0x0000000098500000, 0x0000000098500000|100%| O|  |TAMS 0x0000000098400000| PB 0x0000000098400000| Untracked 
| 389|0x0000000098500000, 0x0000000098600000, 0x0000000098600000|100%| O|  |TAMS 0x0000000098500000| PB 0x0000000098500000| Untracked 
| 390|0x0000000098600000, 0x0000000098700000, 0x0000000098700000|100%| O|  |TAMS 0x0000000098600000| PB 0x0000000098600000| Untracked 
| 391|0x0000000098700000, 0x0000000098800000, 0x0000000098800000|100%| O|  |TAMS 0x0000000098700000| PB 0x0000000098700000| Untracked 
| 392|0x0000000098800000, 0x0000000098900000, 0x0000000098900000|100%| O|  |TAMS 0x0000000098800000| PB 0x0000000098800000| Untracked 
| 393|0x0000000098900000, 0x0000000098a00000, 0x0000000098a00000|100%| O|  |TAMS 0x0000000098900000| PB 0x0000000098900000| Untracked 
| 394|0x0000000098a00000, 0x0000000098b00000, 0x0000000098b00000|100%| O|  |TAMS 0x0000000098a00000| PB 0x0000000098a00000| Untracked 
| 395|0x0000000098b00000, 0x0000000098c00000, 0x0000000098c00000|100%| O|  |TAMS 0x0000000098b00000| PB 0x0000000098b00000| Untracked 
| 396|0x0000000098c00000, 0x0000000098d00000, 0x0000000098d00000|100%| O|  |TAMS 0x0000000098c00000| PB 0x0000000098c00000| Untracked 
| 397|0x0000000098d00000, 0x0000000098e00000, 0x0000000098e00000|100%| O|  |TAMS 0x0000000098d00000| PB 0x0000000098d00000| Untracked 
| 398|0x0000000098e00000, 0x0000000098e00000, 0x0000000098f00000|  0%| F|  |TAMS 0x0000000098e00000| PB 0x0000000098e00000| Untracked 
| 399|0x0000000098f00000, 0x0000000099000000, 0x0000000099000000|100%| O|  |TAMS 0x0000000098f00000| PB 0x0000000098f00000| Untracked 
| 400|0x0000000099000000, 0x0000000099100000, 0x0000000099100000|100%| O|  |TAMS 0x0000000099000000| PB 0x0000000099000000| Untracked 
| 401|0x0000000099100000, 0x0000000099200000, 0x0000000099200000|100%| O|  |TAMS 0x0000000099100000| PB 0x0000000099100000| Untracked 
| 402|0x0000000099200000, 0x0000000099300000, 0x0000000099300000|100%| O|  |TAMS 0x0000000099200000| PB 0x0000000099200000| Untracked 
| 403|0x0000000099300000, 0x0000000099400000, 0x0000000099400000|100%| O|  |TAMS 0x0000000099300000| PB 0x0000000099300000| Untracked 
| 404|0x0000000099400000, 0x0000000099500000, 0x0000000099500000|100%| O|  |TAMS 0x0000000099400000| PB 0x0000000099400000| Untracked 
| 405|0x0000000099500000, 0x0000000099500000, 0x0000000099600000|  0%| F|  |TAMS 0x0000000099500000| PB 0x0000000099500000| Untracked 
| 406|0x0000000099600000, 0x0000000099700000, 0x0000000099700000|100%| O|  |TAMS 0x0000000099600000| PB 0x0000000099600000| Untracked 
| 407|0x0000000099700000, 0x0000000099700000, 0x0000000099800000|  0%| F|  |TAMS 0x0000000099700000| PB 0x0000000099700000| Untracked 
| 408|0x0000000099800000, 0x0000000099900000, 0x0000000099900000|100%| O|  |TAMS 0x0000000099800000| PB 0x0000000099800000| Untracked 
| 409|0x0000000099900000, 0x0000000099a00000, 0x0000000099a00000|100%| O|  |TAMS 0x0000000099900000| PB 0x0000000099900000| Untracked 
| 410|0x0000000099a00000, 0x0000000099b00000, 0x0000000099b00000|100%| O|  |TAMS 0x0000000099a00000| PB 0x0000000099a00000| Untracked 
| 411|0x0000000099b00000, 0x0000000099c00000, 0x0000000099c00000|100%| O|  |TAMS 0x0000000099b00000| PB 0x0000000099b00000| Untracked 
| 412|0x0000000099c00000, 0x0000000099d00000, 0x0000000099d00000|100%| O|  |TAMS 0x0000000099c00000| PB 0x0000000099c00000| Untracked 
| 413|0x0000000099d00000, 0x0000000099e00000, 0x0000000099e00000|100%| O|  |TAMS 0x0000000099d00000| PB 0x0000000099d00000| Untracked 
| 414|0x0000000099e00000, 0x0000000099e00000, 0x0000000099f00000|  0%| F|  |TAMS 0x0000000099e00000| PB 0x0000000099e00000| Untracked 
| 415|0x0000000099f00000, 0x0000000099f00000, 0x000000009a000000|  0%| F|  |TAMS 0x0000000099f00000| PB 0x0000000099f00000| Untracked 
| 416|0x000000009a000000, 0x000000009a000000, 0x000000009a100000|  0%| F|  |TAMS 0x000000009a000000| PB 0x000000009a000000| Untracked 
| 417|0x000000009a100000, 0x000000009a100000, 0x000000009a200000|  0%| F|  |TAMS 0x000000009a100000| PB 0x000000009a100000| Untracked 
| 418|0x000000009a200000, 0x000000009a200000, 0x000000009a300000|  0%| F|  |TAMS 0x000000009a200000| PB 0x000000009a200000| Untracked 
| 419|0x000000009a300000, 0x000000009a300000, 0x000000009a400000|  0%| F|  |TAMS 0x000000009a300000| PB 0x000000009a300000| Untracked 
| 420|0x000000009a400000, 0x000000009a400000, 0x000000009a500000|  0%| F|  |TAMS 0x000000009a400000| PB 0x000000009a400000| Untracked 
| 421|0x000000009a500000, 0x000000009a500000, 0x000000009a600000|  0%| F|  |TAMS 0x000000009a500000| PB 0x000000009a500000| Untracked 
| 422|0x000000009a600000, 0x000000009a600000, 0x000000009a700000|  0%| F|  |TAMS 0x000000009a600000| PB 0x000000009a600000| Untracked 
| 423|0x000000009a700000, 0x000000009a700000, 0x000000009a800000|  0%| F|  |TAMS 0x000000009a700000| PB 0x000000009a700000| Untracked 
| 424|0x000000009a800000, 0x000000009a800000, 0x000000009a900000|  0%| F|  |TAMS 0x000000009a800000| PB 0x000000009a800000| Untracked 
| 425|0x000000009a900000, 0x000000009a900000, 0x000000009aa00000|  0%| F|  |TAMS 0x000000009a900000| PB 0x000000009a900000| Untracked 
| 426|0x000000009aa00000, 0x000000009aa00000, 0x000000009ab00000|  0%| F|  |TAMS 0x000000009aa00000| PB 0x000000009aa00000| Untracked 
| 427|0x000000009ab00000, 0x000000009ab00000, 0x000000009ac00000|  0%| F|  |TAMS 0x000000009ab00000| PB 0x000000009ab00000| Untracked 
| 428|0x000000009ac00000, 0x000000009ac00000, 0x000000009ad00000|  0%| F|  |TAMS 0x000000009ac00000| PB 0x000000009ac00000| Untracked 
| 429|0x000000009ad00000, 0x000000009ad00000, 0x000000009ae00000|  0%| F|  |TAMS 0x000000009ad00000| PB 0x000000009ad00000| Untracked 
| 430|0x000000009ae00000, 0x000000009ae00000, 0x000000009af00000|  0%| F|  |TAMS 0x000000009ae00000| PB 0x000000009ae00000| Untracked 
| 431|0x000000009af00000, 0x000000009af00000, 0x000000009b000000|  0%| F|  |TAMS 0x000000009af00000| PB 0x000000009af00000| Untracked 
| 432|0x000000009b000000, 0x000000009b000000, 0x000000009b100000|  0%| F|  |TAMS 0x000000009b000000| PB 0x000000009b000000| Untracked 
| 433|0x000000009b100000, 0x000000009b100000, 0x000000009b200000|  0%| F|  |TAMS 0x000000009b100000| PB 0x000000009b100000| Untracked 
| 434|0x000000009b200000, 0x000000009b200000, 0x000000009b300000|  0%| F|  |TAMS 0x000000009b200000| PB 0x000000009b200000| Untracked 
| 435|0x000000009b300000, 0x000000009b300000, 0x000000009b400000|  0%| F|  |TAMS 0x000000009b300000| PB 0x000000009b300000| Untracked 
| 436|0x000000009b400000, 0x000000009b400000, 0x000000009b500000|  0%| F|  |TAMS 0x000000009b400000| PB 0x000000009b400000| Untracked 
| 437|0x000000009b500000, 0x000000009b500000, 0x000000009b600000|  0%| F|  |TAMS 0x000000009b500000| PB 0x000000009b500000| Untracked 
| 438|0x000000009b600000, 0x000000009b600000, 0x000000009b700000|  0%| F|  |TAMS 0x000000009b600000| PB 0x000000009b600000| Untracked 
| 439|0x000000009b700000, 0x000000009b700000, 0x000000009b800000|  0%| F|  |TAMS 0x000000009b700000| PB 0x000000009b700000| Untracked 
| 440|0x000000009b800000, 0x000000009b800000, 0x000000009b900000|  0%| F|  |TAMS 0x000000009b800000| PB 0x000000009b800000| Untracked 
| 441|0x000000009b900000, 0x000000009b900000, 0x000000009ba00000|  0%| F|  |TAMS 0x000000009b900000| PB 0x000000009b900000| Untracked 
| 442|0x000000009ba00000, 0x000000009ba00000, 0x000000009bb00000|  0%| F|  |TAMS 0x000000009ba00000| PB 0x000000009ba00000| Untracked 
| 443|0x000000009bb00000, 0x000000009bb00000, 0x000000009bc00000|  0%| F|  |TAMS 0x000000009bb00000| PB 0x000000009bb00000| Untracked 
| 444|0x000000009bc00000, 0x000000009bc00000, 0x000000009bd00000|  0%| F|  |TAMS 0x000000009bc00000| PB 0x000000009bc00000| Untracked 
| 445|0x000000009bd00000, 0x000000009bd00000, 0x000000009be00000|  0%| F|  |TAMS 0x000000009bd00000| PB 0x000000009bd00000| Untracked 
| 446|0x000000009be00000, 0x000000009be00000, 0x000000009bf00000|  0%| F|  |TAMS 0x000000009be00000| PB 0x000000009be00000| Untracked 
| 447|0x000000009bf00000, 0x000000009bf00000, 0x000000009c000000|  0%| F|  |TAMS 0x000000009bf00000| PB 0x000000009bf00000| Untracked 
| 448|0x000000009c000000, 0x000000009c000000, 0x000000009c100000|  0%| F|  |TAMS 0x000000009c000000| PB 0x000000009c000000| Untracked 
| 449|0x000000009c100000, 0x000000009c100000, 0x000000009c200000|  0%| F|  |TAMS 0x000000009c100000| PB 0x000000009c100000| Untracked 
| 450|0x000000009c200000, 0x000000009c200000, 0x000000009c300000|  0%| F|  |TAMS 0x000000009c200000| PB 0x000000009c200000| Untracked 
| 451|0x000000009c300000, 0x000000009c300000, 0x000000009c400000|  0%| F|  |TAMS 0x000000009c300000| PB 0x000000009c300000| Untracked 
| 452|0x000000009c400000, 0x000000009c400000, 0x000000009c500000|  0%| F|  |TAMS 0x000000009c400000| PB 0x000000009c400000| Untracked 
| 453|0x000000009c500000, 0x000000009c500000, 0x000000009c600000|  0%| F|  |TAMS 0x000000009c500000| PB 0x000000009c500000| Untracked 
| 454|0x000000009c600000, 0x000000009c600000, 0x000000009c700000|  0%| F|  |TAMS 0x000000009c600000| PB 0x000000009c600000| Untracked 
| 455|0x000000009c700000, 0x000000009c700000, 0x000000009c800000|  0%| F|  |TAMS 0x000000009c700000| PB 0x000000009c700000| Untracked 
| 456|0x000000009c800000, 0x000000009c800000, 0x000000009c900000|  0%| F|  |TAMS 0x000000009c800000| PB 0x000000009c800000| Untracked 
| 457|0x000000009c900000, 0x000000009c900000, 0x000000009ca00000|  0%| F|  |TAMS 0x000000009c900000| PB 0x000000009c900000| Untracked 
| 458|0x000000009ca00000, 0x000000009ca00000, 0x000000009cb00000|  0%| F|  |TAMS 0x000000009ca00000| PB 0x000000009ca00000| Untracked 
| 459|0x000000009cb00000, 0x000000009cb00000, 0x000000009cc00000|  0%| F|  |TAMS 0x000000009cb00000| PB 0x000000009cb00000| Untracked 
| 460|0x000000009cc00000, 0x000000009cd00000, 0x000000009cd00000|100%| S|CS|TAMS 0x000000009cc00000| PB 0x000000009cc00000| Complete 
| 461|0x000000009cd00000, 0x000000009ce00000, 0x000000009ce00000|100%| S|CS|TAMS 0x000000009cd00000| PB 0x000000009cd00000| Complete 
| 462|0x000000009ce00000, 0x000000009cf00000, 0x000000009cf00000|100%| S|CS|TAMS 0x000000009ce00000| PB 0x000000009ce00000| Complete 
| 463|0x000000009cf00000, 0x000000009d000000, 0x000000009d000000|100%| S|CS|TAMS 0x000000009cf00000| PB 0x000000009cf00000| Complete 
| 464|0x000000009d000000, 0x000000009d100000, 0x000000009d100000|100%| S|CS|TAMS 0x000000009d000000| PB 0x000000009d000000| Complete 
| 465|0x000000009d100000, 0x000000009d200000, 0x000000009d200000|100%| S|CS|TAMS 0x000000009d100000| PB 0x000000009d100000| Complete 
| 466|0x000000009d200000, 0x000000009d300000, 0x000000009d300000|100%| S|CS|TAMS 0x000000009d200000| PB 0x000000009d200000| Complete 
| 467|0x000000009d300000, 0x000000009d400000, 0x000000009d400000|100%| S|CS|TAMS 0x000000009d300000| PB 0x000000009d300000| Complete 
| 468|0x000000009d400000, 0x000000009d500000, 0x000000009d500000|100%| S|CS|TAMS 0x000000009d400000| PB 0x000000009d400000| Complete 
| 469|0x000000009d500000, 0x000000009d600000, 0x000000009d600000|100%| S|CS|TAMS 0x000000009d500000| PB 0x000000009d500000| Complete 
| 470|0x000000009d600000, 0x000000009d700000, 0x000000009d700000|100%| S|CS|TAMS 0x000000009d600000| PB 0x000000009d600000| Complete 
| 471|0x000000009d700000, 0x000000009d800000, 0x000000009d800000|100%| S|CS|TAMS 0x000000009d700000| PB 0x000000009d700000| Complete 
| 472|0x000000009d800000, 0x000000009d900000, 0x000000009d900000|100%| S|CS|TAMS 0x000000009d800000| PB 0x000000009d800000| Complete 
| 473|0x000000009d900000, 0x000000009da00000, 0x000000009da00000|100%| S|CS|TAMS 0x000000009d900000| PB 0x000000009d900000| Complete 
| 474|0x000000009da00000, 0x000000009db00000, 0x000000009db00000|100%| S|CS|TAMS 0x000000009da00000| PB 0x000000009da00000| Complete 
| 475|0x000000009db00000, 0x000000009dc00000, 0x000000009dc00000|100%| S|CS|TAMS 0x000000009db00000| PB 0x000000009db00000| Complete 
| 476|0x000000009dc00000, 0x000000009dd00000, 0x000000009dd00000|100%| S|CS|TAMS 0x000000009dc00000| PB 0x000000009dc00000| Complete 
| 477|0x000000009dd00000, 0x000000009de00000, 0x000000009de00000|100%| S|CS|TAMS 0x000000009dd00000| PB 0x000000009dd00000| Complete 
| 478|0x000000009de00000, 0x000000009df00000, 0x000000009df00000|100%| S|CS|TAMS 0x000000009de00000| PB 0x000000009de00000| Complete 
| 479|0x000000009df00000, 0x000000009e000000, 0x000000009e000000|100%| S|CS|TAMS 0x000000009df00000| PB 0x000000009df00000| Complete 
| 480|0x000000009e000000, 0x000000009e100000, 0x000000009e100000|100%| S|CS|TAMS 0x000000009e000000| PB 0x000000009e000000| Complete 
| 481|0x000000009e100000, 0x000000009e200000, 0x000000009e200000|100%| S|CS|TAMS 0x000000009e100000| PB 0x000000009e100000| Complete 
| 482|0x000000009e200000, 0x000000009e300000, 0x000000009e300000|100%| S|CS|TAMS 0x000000009e200000| PB 0x000000009e200000| Complete 
| 483|0x000000009e300000, 0x000000009e400000, 0x000000009e400000|100%| S|CS|TAMS 0x000000009e300000| PB 0x000000009e300000| Complete 
| 484|0x000000009e400000, 0x000000009e500000, 0x000000009e500000|100%| S|CS|TAMS 0x000000009e400000| PB 0x000000009e400000| Complete 
| 485|0x000000009e500000, 0x000000009e500000, 0x000000009e600000|  0%| F|  |TAMS 0x000000009e500000| PB 0x000000009e500000| Untracked 
| 486|0x000000009e600000, 0x000000009e600000, 0x000000009e700000|  0%| F|  |TAMS 0x000000009e600000| PB 0x000000009e600000| Untracked 
| 487|0x000000009e700000, 0x000000009e700000, 0x000000009e800000|  0%| F|  |TAMS 0x000000009e700000| PB 0x000000009e700000| Untracked 
| 488|0x000000009e800000, 0x000000009e800000, 0x000000009e900000|  0%| F|  |TAMS 0x000000009e800000| PB 0x000000009e800000| Untracked 
| 489|0x000000009e900000, 0x000000009e900000, 0x000000009ea00000|  0%| F|  |TAMS 0x000000009e900000| PB 0x000000009e900000| Untracked 
| 490|0x000000009ea00000, 0x000000009ea00000, 0x000000009eb00000|  0%| F|  |TAMS 0x000000009ea00000| PB 0x000000009ea00000| Untracked 
| 491|0x000000009eb00000, 0x000000009eb00000, 0x000000009ec00000|  0%| F|  |TAMS 0x000000009eb00000| PB 0x000000009eb00000| Untracked 
| 492|0x000000009ec00000, 0x000000009ec00000, 0x000000009ed00000|  0%| F|  |TAMS 0x000000009ec00000| PB 0x000000009ec00000| Untracked 
| 493|0x000000009ed00000, 0x000000009ed00000, 0x000000009ee00000|  0%| F|  |TAMS 0x000000009ed00000| PB 0x000000009ed00000| Untracked 
| 494|0x000000009ee00000, 0x000000009ee00000, 0x000000009ef00000|  0%| F|  |TAMS 0x000000009ee00000| PB 0x000000009ee00000| Untracked 
| 495|0x000000009ef00000, 0x000000009ef00000, 0x000000009f000000|  0%| F|  |TAMS 0x000000009ef00000| PB 0x000000009ef00000| Untracked 
| 496|0x000000009f000000, 0x000000009f000000, 0x000000009f100000|  0%| F|  |TAMS 0x000000009f000000| PB 0x000000009f000000| Untracked 
| 497|0x000000009f100000, 0x000000009f100000, 0x000000009f200000|  0%| F|  |TAMS 0x000000009f100000| PB 0x000000009f100000| Untracked 
| 498|0x000000009f200000, 0x000000009f200000, 0x000000009f300000|  0%| F|  |TAMS 0x000000009f200000| PB 0x000000009f200000| Untracked 
| 499|0x000000009f300000, 0x000000009f300000, 0x000000009f400000|  0%| F|  |TAMS 0x000000009f300000| PB 0x000000009f300000| Untracked 
| 500|0x000000009f400000, 0x000000009f400000, 0x000000009f500000|  0%| F|  |TAMS 0x000000009f400000| PB 0x000000009f400000| Untracked 
| 501|0x000000009f500000, 0x000000009f500000, 0x000000009f600000|  0%| F|  |TAMS 0x000000009f500000| PB 0x000000009f500000| Untracked 
| 502|0x000000009f600000, 0x000000009f600000, 0x000000009f700000|  0%| F|  |TAMS 0x000000009f600000| PB 0x000000009f600000| Untracked 
| 503|0x000000009f700000, 0x000000009f700000, 0x000000009f800000|  0%| F|  |TAMS 0x000000009f700000| PB 0x000000009f700000| Untracked 
| 504|0x000000009f800000, 0x000000009f800000, 0x000000009f900000|  0%| F|  |TAMS 0x000000009f800000| PB 0x000000009f800000| Untracked 
| 505|0x000000009f900000, 0x000000009f900000, 0x000000009fa00000|  0%| F|  |TAMS 0x000000009f900000| PB 0x000000009f900000| Untracked 
| 506|0x000000009fa00000, 0x000000009fa00000, 0x000000009fb00000|  0%| F|  |TAMS 0x000000009fa00000| PB 0x000000009fa00000| Untracked 
| 507|0x000000009fb00000, 0x000000009fb00000, 0x000000009fc00000|  0%| F|  |TAMS 0x000000009fb00000| PB 0x000000009fb00000| Untracked 
| 508|0x000000009fc00000, 0x000000009fc00000, 0x000000009fd00000|  0%| F|  |TAMS 0x000000009fc00000| PB 0x000000009fc00000| Untracked 
| 509|0x000000009fd00000, 0x000000009fd00000, 0x000000009fe00000|  0%| F|  |TAMS 0x000000009fd00000| PB 0x000000009fd00000| Untracked 
| 510|0x000000009fe00000, 0x000000009fe00000, 0x000000009ff00000|  0%| F|  |TAMS 0x000000009fe00000| PB 0x000000009fe00000| Untracked 
| 511|0x000000009ff00000, 0x000000009ff00000, 0x00000000a0000000|  0%| F|  |TAMS 0x000000009ff00000| PB 0x000000009ff00000| Untracked 
| 512|0x00000000a0000000, 0x00000000a0000000, 0x00000000a0100000|  0%| F|  |TAMS 0x00000000a0000000| PB 0x00000000a0000000| Untracked 
| 513|0x00000000a0100000, 0x00000000a0100000, 0x00000000a0200000|  0%| F|  |TAMS 0x00000000a0100000| PB 0x00000000a0100000| Untracked 
| 514|0x00000000a0200000, 0x00000000a0200000, 0x00000000a0300000|  0%| F|  |TAMS 0x00000000a0200000| PB 0x00000000a0200000| Untracked 
| 515|0x00000000a0300000, 0x00000000a0300000, 0x00000000a0400000|  0%| F|  |TAMS 0x00000000a0300000| PB 0x00000000a0300000| Untracked 
| 516|0x00000000a0400000, 0x00000000a0400000, 0x00000000a0500000|  0%| F|  |TAMS 0x00000000a0400000| PB 0x00000000a0400000| Untracked 
| 517|0x00000000a0500000, 0x00000000a0500000, 0x00000000a0600000|  0%| F|  |TAMS 0x00000000a0500000| PB 0x00000000a0500000| Untracked 
| 518|0x00000000a0600000, 0x00000000a0600000, 0x00000000a0700000|  0%| F|  |TAMS 0x00000000a0600000| PB 0x00000000a0600000| Untracked 
| 519|0x00000000a0700000, 0x00000000a0700000, 0x00000000a0800000|  0%| F|  |TAMS 0x00000000a0700000| PB 0x00000000a0700000| Untracked 
| 520|0x00000000a0800000, 0x00000000a0800000, 0x00000000a0900000|  0%| F|  |TAMS 0x00000000a0800000| PB 0x00000000a0800000| Untracked 
| 521|0x00000000a0900000, 0x00000000a0900000, 0x00000000a0a00000|  0%| F|  |TAMS 0x00000000a0900000| PB 0x00000000a0900000| Untracked 
| 522|0x00000000a0a00000, 0x00000000a0a00000, 0x00000000a0b00000|  0%| F|  |TAMS 0x00000000a0a00000| PB 0x00000000a0a00000| Untracked 
| 523|0x00000000a0b00000, 0x00000000a0b00000, 0x00000000a0c00000|  0%| F|  |TAMS 0x00000000a0b00000| PB 0x00000000a0b00000| Untracked 
| 524|0x00000000a0c00000, 0x00000000a0c00000, 0x00000000a0d00000|  0%| F|  |TAMS 0x00000000a0c00000| PB 0x00000000a0c00000| Untracked 
| 525|0x00000000a0d00000, 0x00000000a0d00000, 0x00000000a0e00000|  0%| F|  |TAMS 0x00000000a0d00000| PB 0x00000000a0d00000| Untracked 
| 526|0x00000000a0e00000, 0x00000000a0e00000, 0x00000000a0f00000|  0%| F|  |TAMS 0x00000000a0e00000| PB 0x00000000a0e00000| Untracked 
| 527|0x00000000a0f00000, 0x00000000a0f00000, 0x00000000a1000000|  0%| F|  |TAMS 0x00000000a0f00000| PB 0x00000000a0f00000| Untracked 
| 528|0x00000000a1000000, 0x00000000a1000000, 0x00000000a1100000|  0%| F|  |TAMS 0x00000000a1000000| PB 0x00000000a1000000| Untracked 
| 529|0x00000000a1100000, 0x00000000a1100000, 0x00000000a1200000|  0%| F|  |TAMS 0x00000000a1100000| PB 0x00000000a1100000| Untracked 
| 530|0x00000000a1200000, 0x00000000a1200000, 0x00000000a1300000|  0%| F|  |TAMS 0x00000000a1200000| PB 0x00000000a1200000| Untracked 
| 531|0x00000000a1300000, 0x00000000a1300000, 0x00000000a1400000|  0%| F|  |TAMS 0x00000000a1300000| PB 0x00000000a1300000| Untracked 
| 532|0x00000000a1400000, 0x00000000a1400000, 0x00000000a1500000|  0%| F|  |TAMS 0x00000000a1400000| PB 0x00000000a1400000| Untracked 
| 533|0x00000000a1500000, 0x00000000a1500000, 0x00000000a1600000|  0%| F|  |TAMS 0x00000000a1500000| PB 0x00000000a1500000| Untracked 
| 534|0x00000000a1600000, 0x00000000a1600000, 0x00000000a1700000|  0%| F|  |TAMS 0x00000000a1600000| PB 0x00000000a1600000| Untracked 
| 535|0x00000000a1700000, 0x00000000a1700000, 0x00000000a1800000|  0%| F|  |TAMS 0x00000000a1700000| PB 0x00000000a1700000| Untracked 
| 536|0x00000000a1800000, 0x00000000a1800000, 0x00000000a1900000|  0%| F|  |TAMS 0x00000000a1800000| PB 0x00000000a1800000| Untracked 
| 537|0x00000000a1900000, 0x00000000a1900000, 0x00000000a1a00000|  0%| F|  |TAMS 0x00000000a1900000| PB 0x00000000a1900000| Untracked 
| 538|0x00000000a1a00000, 0x00000000a1a00000, 0x00000000a1b00000|  0%| F|  |TAMS 0x00000000a1a00000| PB 0x00000000a1a00000| Untracked 
| 539|0x00000000a1b00000, 0x00000000a1b00000, 0x00000000a1c00000|  0%| F|  |TAMS 0x00000000a1b00000| PB 0x00000000a1b00000| Untracked 
| 540|0x00000000a1c00000, 0x00000000a1c00000, 0x00000000a1d00000|  0%| F|  |TAMS 0x00000000a1c00000| PB 0x00000000a1c00000| Untracked 
| 541|0x00000000a1d00000, 0x00000000a1d00000, 0x00000000a1e00000|  0%| F|  |TAMS 0x00000000a1d00000| PB 0x00000000a1d00000| Untracked 
| 542|0x00000000a1e00000, 0x00000000a1e00000, 0x00000000a1f00000|  0%| F|  |TAMS 0x00000000a1e00000| PB 0x00000000a1e00000| Untracked 
| 543|0x00000000a1f00000, 0x00000000a1f00000, 0x00000000a2000000|  0%| F|  |TAMS 0x00000000a1f00000| PB 0x00000000a1f00000| Untracked 
| 544|0x00000000a2000000, 0x00000000a2000000, 0x00000000a2100000|  0%| F|  |TAMS 0x00000000a2000000| PB 0x00000000a2000000| Untracked 
| 545|0x00000000a2100000, 0x00000000a2100000, 0x00000000a2200000|  0%| F|  |TAMS 0x00000000a2100000| PB 0x00000000a2100000| Untracked 
| 546|0x00000000a2200000, 0x00000000a2200000, 0x00000000a2300000|  0%| F|  |TAMS 0x00000000a2200000| PB 0x00000000a2200000| Untracked 
| 547|0x00000000a2300000, 0x00000000a2300000, 0x00000000a2400000|  0%| F|  |TAMS 0x00000000a2300000| PB 0x00000000a2300000| Untracked 
| 548|0x00000000a2400000, 0x00000000a2400000, 0x00000000a2500000|  0%| F|  |TAMS 0x00000000a2400000| PB 0x00000000a2400000| Untracked 
| 549|0x00000000a2500000, 0x00000000a2500000, 0x00000000a2600000|  0%| F|  |TAMS 0x00000000a2500000| PB 0x00000000a2500000| Untracked 
| 550|0x00000000a2600000, 0x00000000a2600000, 0x00000000a2700000|  0%| F|  |TAMS 0x00000000a2600000| PB 0x00000000a2600000| Untracked 
| 551|0x00000000a2700000, 0x00000000a2700000, 0x00000000a2800000|  0%| F|  |TAMS 0x00000000a2700000| PB 0x00000000a2700000| Untracked 
| 552|0x00000000a2800000, 0x00000000a2800000, 0x00000000a2900000|  0%| F|  |TAMS 0x00000000a2800000| PB 0x00000000a2800000| Untracked 
| 553|0x00000000a2900000, 0x00000000a2900000, 0x00000000a2a00000|  0%| F|  |TAMS 0x00000000a2900000| PB 0x00000000a2900000| Untracked 
| 554|0x00000000a2a00000, 0x00000000a2a00000, 0x00000000a2b00000|  0%| F|  |TAMS 0x00000000a2a00000| PB 0x00000000a2a00000| Untracked 
| 555|0x00000000a2b00000, 0x00000000a2b00000, 0x00000000a2c00000|  0%| F|  |TAMS 0x00000000a2b00000| PB 0x00000000a2b00000| Untracked 
| 556|0x00000000a2c00000, 0x00000000a2c00000, 0x00000000a2d00000|  0%| F|  |TAMS 0x00000000a2c00000| PB 0x00000000a2c00000| Untracked 
| 557|0x00000000a2d00000, 0x00000000a2d00000, 0x00000000a2e00000|  0%| F|  |TAMS 0x00000000a2d00000| PB 0x00000000a2d00000| Untracked 
| 558|0x00000000a2e00000, 0x00000000a2e00000, 0x00000000a2f00000|  0%| F|  |TAMS 0x00000000a2e00000| PB 0x00000000a2e00000| Untracked 
| 559|0x00000000a2f00000, 0x00000000a2f00000, 0x00000000a3000000|  0%| F|  |TAMS 0x00000000a2f00000| PB 0x00000000a2f00000| Untracked 
| 560|0x00000000a3000000, 0x00000000a3000000, 0x00000000a3100000|  0%| F|  |TAMS 0x00000000a3000000| PB 0x00000000a3000000| Untracked 
| 561|0x00000000a3100000, 0x00000000a3100000, 0x00000000a3200000|  0%| F|  |TAMS 0x00000000a3100000| PB 0x00000000a3100000| Untracked 
| 562|0x00000000a3200000, 0x00000000a3200000, 0x00000000a3300000|  0%| F|  |TAMS 0x00000000a3200000| PB 0x00000000a3200000| Untracked 
| 563|0x00000000a3300000, 0x00000000a3300000, 0x00000000a3400000|  0%| F|  |TAMS 0x00000000a3300000| PB 0x00000000a3300000| Untracked 
| 564|0x00000000a3400000, 0x00000000a3400000, 0x00000000a3500000|  0%| F|  |TAMS 0x00000000a3400000| PB 0x00000000a3400000| Untracked 
| 565|0x00000000a3500000, 0x00000000a3500000, 0x00000000a3600000|  0%| F|  |TAMS 0x00000000a3500000| PB 0x00000000a3500000| Untracked 
| 566|0x00000000a3600000, 0x00000000a3600000, 0x00000000a3700000|  0%| F|  |TAMS 0x00000000a3600000| PB 0x00000000a3600000| Untracked 
| 567|0x00000000a3700000, 0x00000000a3700000, 0x00000000a3800000|  0%| F|  |TAMS 0x00000000a3700000| PB 0x00000000a3700000| Untracked 
| 568|0x00000000a3800000, 0x00000000a3800000, 0x00000000a3900000|  0%| F|  |TAMS 0x00000000a3800000| PB 0x00000000a3800000| Untracked 
| 569|0x00000000a3900000, 0x00000000a3900000, 0x00000000a3a00000|  0%| F|  |TAMS 0x00000000a3900000| PB 0x00000000a3900000| Untracked 
| 570|0x00000000a3a00000, 0x00000000a3a00000, 0x00000000a3b00000|  0%| F|  |TAMS 0x00000000a3a00000| PB 0x00000000a3a00000| Untracked 
| 571|0x00000000a3b00000, 0x00000000a3b00000, 0x00000000a3c00000|  0%| F|  |TAMS 0x00000000a3b00000| PB 0x00000000a3b00000| Untracked 
| 572|0x00000000a3c00000, 0x00000000a3c00000, 0x00000000a3d00000|  0%| F|  |TAMS 0x00000000a3c00000| PB 0x00000000a3c00000| Untracked 
| 573|0x00000000a3d00000, 0x00000000a3d00000, 0x00000000a3e00000|  0%| F|  |TAMS 0x00000000a3d00000| PB 0x00000000a3d00000| Untracked 
| 574|0x00000000a3e00000, 0x00000000a3e00000, 0x00000000a3f00000|  0%| F|  |TAMS 0x00000000a3e00000| PB 0x00000000a3e00000| Untracked 
| 575|0x00000000a3f00000, 0x00000000a3f00000, 0x00000000a4000000|  0%| F|  |TAMS 0x00000000a3f00000| PB 0x00000000a3f00000| Untracked 
| 576|0x00000000a4000000, 0x00000000a4000000, 0x00000000a4100000|  0%| F|  |TAMS 0x00000000a4000000| PB 0x00000000a4000000| Untracked 
| 577|0x00000000a4100000, 0x00000000a4100000, 0x00000000a4200000|  0%| F|  |TAMS 0x00000000a4100000| PB 0x00000000a4100000| Untracked 
| 578|0x00000000a4200000, 0x00000000a4200000, 0x00000000a4300000|  0%| F|  |TAMS 0x00000000a4200000| PB 0x00000000a4200000| Untracked 
| 579|0x00000000a4300000, 0x00000000a4300000, 0x00000000a4400000|  0%| F|  |TAMS 0x00000000a4300000| PB 0x00000000a4300000| Untracked 
| 580|0x00000000a4400000, 0x00000000a4400000, 0x00000000a4500000|  0%| F|  |TAMS 0x00000000a4400000| PB 0x00000000a4400000| Untracked 
| 581|0x00000000a4500000, 0x00000000a4500000, 0x00000000a4600000|  0%| F|  |TAMS 0x00000000a4500000| PB 0x00000000a4500000| Untracked 
| 582|0x00000000a4600000, 0x00000000a4600000, 0x00000000a4700000|  0%| F|  |TAMS 0x00000000a4600000| PB 0x00000000a4600000| Untracked 
| 583|0x00000000a4700000, 0x00000000a4700000, 0x00000000a4800000|  0%| F|  |TAMS 0x00000000a4700000| PB 0x00000000a4700000| Untracked 
| 584|0x00000000a4800000, 0x00000000a4800000, 0x00000000a4900000|  0%| F|  |TAMS 0x00000000a4800000| PB 0x00000000a4800000| Untracked 
| 585|0x00000000a4900000, 0x00000000a4900000, 0x00000000a4a00000|  0%| F|  |TAMS 0x00000000a4900000| PB 0x00000000a4900000| Untracked 
| 586|0x00000000a4a00000, 0x00000000a4a00000, 0x00000000a4b00000|  0%| F|  |TAMS 0x00000000a4a00000| PB 0x00000000a4a00000| Untracked 
| 587|0x00000000a4b00000, 0x00000000a4b00000, 0x00000000a4c00000|  0%| F|  |TAMS 0x00000000a4b00000| PB 0x00000000a4b00000| Untracked 
| 588|0x00000000a4c00000, 0x00000000a4c00000, 0x00000000a4d00000|  0%| F|  |TAMS 0x00000000a4c00000| PB 0x00000000a4c00000| Untracked 
| 589|0x00000000a4d00000, 0x00000000a4d00000, 0x00000000a4e00000|  0%| F|  |TAMS 0x00000000a4d00000| PB 0x00000000a4d00000| Untracked 
| 590|0x00000000a4e00000, 0x00000000a4e00000, 0x00000000a4f00000|  0%| F|  |TAMS 0x00000000a4e00000| PB 0x00000000a4e00000| Untracked 
| 591|0x00000000a4f00000, 0x00000000a4f00000, 0x00000000a5000000|  0%| F|  |TAMS 0x00000000a4f00000| PB 0x00000000a4f00000| Untracked 
| 592|0x00000000a5000000, 0x00000000a5000000, 0x00000000a5100000|  0%| F|  |TAMS 0x00000000a5000000| PB 0x00000000a5000000| Untracked 
| 593|0x00000000a5100000, 0x00000000a5100000, 0x00000000a5200000|  0%| F|  |TAMS 0x00000000a5100000| PB 0x00000000a5100000| Untracked 
| 594|0x00000000a5200000, 0x00000000a5200000, 0x00000000a5300000|  0%| F|  |TAMS 0x00000000a5200000| PB 0x00000000a5200000| Untracked 
| 595|0x00000000a5300000, 0x00000000a5300000, 0x00000000a5400000|  0%| F|  |TAMS 0x00000000a5300000| PB 0x00000000a5300000| Untracked 
| 596|0x00000000a5400000, 0x00000000a5400000, 0x00000000a5500000|  0%| F|  |TAMS 0x00000000a5400000| PB 0x00000000a5400000| Untracked 
| 597|0x00000000a5500000, 0x00000000a5500000, 0x00000000a5600000|  0%| F|  |TAMS 0x00000000a5500000| PB 0x00000000a5500000| Untracked 
| 598|0x00000000a5600000, 0x00000000a5600000, 0x00000000a5700000|  0%| F|  |TAMS 0x00000000a5600000| PB 0x00000000a5600000| Untracked 
| 599|0x00000000a5700000, 0x00000000a5700000, 0x00000000a5800000|  0%| F|  |TAMS 0x00000000a5700000| PB 0x00000000a5700000| Untracked 
| 600|0x00000000a5800000, 0x00000000a5800000, 0x00000000a5900000|  0%| F|  |TAMS 0x00000000a5800000| PB 0x00000000a5800000| Untracked 
| 601|0x00000000a5900000, 0x00000000a5900000, 0x00000000a5a00000|  0%| F|  |TAMS 0x00000000a5900000| PB 0x00000000a5900000| Untracked 
| 602|0x00000000a5a00000, 0x00000000a5a00000, 0x00000000a5b00000|  0%| F|  |TAMS 0x00000000a5a00000| PB 0x00000000a5a00000| Untracked 
| 603|0x00000000a5b00000, 0x00000000a5b00000, 0x00000000a5c00000|  0%| F|  |TAMS 0x00000000a5b00000| PB 0x00000000a5b00000| Untracked 
| 604|0x00000000a5c00000, 0x00000000a5c00000, 0x00000000a5d00000|  0%| F|  |TAMS 0x00000000a5c00000| PB 0x00000000a5c00000| Untracked 
| 605|0x00000000a5d00000, 0x00000000a5d00000, 0x00000000a5e00000|  0%| F|  |TAMS 0x00000000a5d00000| PB 0x00000000a5d00000| Untracked 
| 606|0x00000000a5e00000, 0x00000000a5e00000, 0x00000000a5f00000|  0%| F|  |TAMS 0x00000000a5e00000| PB 0x00000000a5e00000| Untracked 
| 607|0x00000000a5f00000, 0x00000000a5f00000, 0x00000000a6000000|  0%| F|  |TAMS 0x00000000a5f00000| PB 0x00000000a5f00000| Untracked 
| 608|0x00000000a6000000, 0x00000000a6000000, 0x00000000a6100000|  0%| F|  |TAMS 0x00000000a6000000| PB 0x00000000a6000000| Untracked 
| 609|0x00000000a6100000, 0x00000000a6100000, 0x00000000a6200000|  0%| F|  |TAMS 0x00000000a6100000| PB 0x00000000a6100000| Untracked 
| 610|0x00000000a6200000, 0x00000000a6200000, 0x00000000a6300000|  0%| F|  |TAMS 0x00000000a6200000| PB 0x00000000a6200000| Untracked 
| 611|0x00000000a6300000, 0x00000000a6300000, 0x00000000a6400000|  0%| F|  |TAMS 0x00000000a6300000| PB 0x00000000a6300000| Untracked 
| 612|0x00000000a6400000, 0x00000000a6400000, 0x00000000a6500000|  0%| F|  |TAMS 0x00000000a6400000| PB 0x00000000a6400000| Untracked 
| 613|0x00000000a6500000, 0x00000000a6500000, 0x00000000a6600000|  0%| F|  |TAMS 0x00000000a6500000| PB 0x00000000a6500000| Untracked 
| 614|0x00000000a6600000, 0x00000000a6600000, 0x00000000a6700000|  0%| F|  |TAMS 0x00000000a6600000| PB 0x00000000a6600000| Untracked 
| 615|0x00000000a6700000, 0x00000000a6700000, 0x00000000a6800000|  0%| F|  |TAMS 0x00000000a6700000| PB 0x00000000a6700000| Untracked 
| 616|0x00000000a6800000, 0x00000000a6800000, 0x00000000a6900000|  0%| F|  |TAMS 0x00000000a6800000| PB 0x00000000a6800000| Untracked 
| 617|0x00000000a6900000, 0x00000000a6900000, 0x00000000a6a00000|  0%| F|  |TAMS 0x00000000a6900000| PB 0x00000000a6900000| Untracked 
| 618|0x00000000a6a00000, 0x00000000a6a00000, 0x00000000a6b00000|  0%| F|  |TAMS 0x00000000a6a00000| PB 0x00000000a6a00000| Untracked 
| 619|0x00000000a6b00000, 0x00000000a6b00000, 0x00000000a6c00000|  0%| F|  |TAMS 0x00000000a6b00000| PB 0x00000000a6b00000| Untracked 
| 620|0x00000000a6c00000, 0x00000000a6c00000, 0x00000000a6d00000|  0%| F|  |TAMS 0x00000000a6c00000| PB 0x00000000a6c00000| Untracked 
| 621|0x00000000a6d00000, 0x00000000a6d00000, 0x00000000a6e00000|  0%| F|  |TAMS 0x00000000a6d00000| PB 0x00000000a6d00000| Untracked 
| 622|0x00000000a6e00000, 0x00000000a6e00000, 0x00000000a6f00000|  0%| F|  |TAMS 0x00000000a6e00000| PB 0x00000000a6e00000| Untracked 
| 623|0x00000000a6f00000, 0x00000000a6f00000, 0x00000000a7000000|  0%| F|  |TAMS 0x00000000a6f00000| PB 0x00000000a6f00000| Untracked 
| 624|0x00000000a7000000, 0x00000000a7000000, 0x00000000a7100000|  0%| F|  |TAMS 0x00000000a7000000| PB 0x00000000a7000000| Untracked 
| 625|0x00000000a7100000, 0x00000000a7100000, 0x00000000a7200000|  0%| F|  |TAMS 0x00000000a7100000| PB 0x00000000a7100000| Untracked 
| 626|0x00000000a7200000, 0x00000000a7200000, 0x00000000a7300000|  0%| F|  |TAMS 0x00000000a7200000| PB 0x00000000a7200000| Untracked 
| 627|0x00000000a7300000, 0x00000000a7300000, 0x00000000a7400000|  0%| F|  |TAMS 0x00000000a7300000| PB 0x00000000a7300000| Untracked 
| 628|0x00000000a7400000, 0x00000000a7400000, 0x00000000a7500000|  0%| F|  |TAMS 0x00000000a7400000| PB 0x00000000a7400000| Untracked 
| 629|0x00000000a7500000, 0x00000000a7500000, 0x00000000a7600000|  0%| F|  |TAMS 0x00000000a7500000| PB 0x00000000a7500000| Untracked 
| 630|0x00000000a7600000, 0x00000000a7600000, 0x00000000a7700000|  0%| F|  |TAMS 0x00000000a7600000| PB 0x00000000a7600000| Untracked 
| 631|0x00000000a7700000, 0x00000000a7700000, 0x00000000a7800000|  0%| F|  |TAMS 0x00000000a7700000| PB 0x00000000a7700000| Untracked 
| 632|0x00000000a7800000, 0x00000000a7800000, 0x00000000a7900000|  0%| F|  |TAMS 0x00000000a7800000| PB 0x00000000a7800000| Untracked 
| 633|0x00000000a7900000, 0x00000000a7900000, 0x00000000a7a00000|  0%| F|  |TAMS 0x00000000a7900000| PB 0x00000000a7900000| Untracked 
| 634|0x00000000a7a00000, 0x00000000a7a00000, 0x00000000a7b00000|  0%| F|  |TAMS 0x00000000a7a00000| PB 0x00000000a7a00000| Untracked 
| 635|0x00000000a7b00000, 0x00000000a7b00000, 0x00000000a7c00000|  0%| F|  |TAMS 0x00000000a7b00000| PB 0x00000000a7b00000| Untracked 
| 636|0x00000000a7c00000, 0x00000000a7c00000, 0x00000000a7d00000|  0%| F|  |TAMS 0x00000000a7c00000| PB 0x00000000a7c00000| Untracked 
| 637|0x00000000a7d00000, 0x00000000a7d00000, 0x00000000a7e00000|  0%| F|  |TAMS 0x00000000a7d00000| PB 0x00000000a7d00000| Untracked 
| 638|0x00000000a7e00000, 0x00000000a7e00000, 0x00000000a7f00000|  0%| F|  |TAMS 0x00000000a7e00000| PB 0x00000000a7e00000| Untracked 
| 639|0x00000000a7f00000, 0x00000000a7f00000, 0x00000000a8000000|  0%| F|  |TAMS 0x00000000a7f00000| PB 0x00000000a7f00000| Untracked 
| 640|0x00000000a8000000, 0x00000000a8000000, 0x00000000a8100000|  0%| F|  |TAMS 0x00000000a8000000| PB 0x00000000a8000000| Untracked 
| 641|0x00000000a8100000, 0x00000000a8100000, 0x00000000a8200000|  0%| F|  |TAMS 0x00000000a8100000| PB 0x00000000a8100000| Untracked 
| 642|0x00000000a8200000, 0x00000000a8200000, 0x00000000a8300000|  0%| F|  |TAMS 0x00000000a8200000| PB 0x00000000a8200000| Untracked 
| 643|0x00000000a8300000, 0x00000000a8300000, 0x00000000a8400000|  0%| F|  |TAMS 0x00000000a8300000| PB 0x00000000a8300000| Untracked 
| 644|0x00000000a8400000, 0x00000000a8400000, 0x00000000a8500000|  0%| F|  |TAMS 0x00000000a8400000| PB 0x00000000a8400000| Untracked 
| 645|0x00000000a8500000, 0x00000000a8500000, 0x00000000a8600000|  0%| F|  |TAMS 0x00000000a8500000| PB 0x00000000a8500000| Untracked 
| 646|0x00000000a8600000, 0x00000000a8600000, 0x00000000a8700000|  0%| F|  |TAMS 0x00000000a8600000| PB 0x00000000a8600000| Untracked 
| 647|0x00000000a8700000, 0x00000000a8700000, 0x00000000a8800000|  0%| F|  |TAMS 0x00000000a8700000| PB 0x00000000a8700000| Untracked 
| 648|0x00000000a8800000, 0x00000000a8800000, 0x00000000a8900000|  0%| F|  |TAMS 0x00000000a8800000| PB 0x00000000a8800000| Untracked 
| 649|0x00000000a8900000, 0x00000000a8900000, 0x00000000a8a00000|  0%| F|  |TAMS 0x00000000a8900000| PB 0x00000000a8900000| Untracked 
| 650|0x00000000a8a00000, 0x00000000a8a00000, 0x00000000a8b00000|  0%| F|  |TAMS 0x00000000a8a00000| PB 0x00000000a8a00000| Untracked 
| 651|0x00000000a8b00000, 0x00000000a8b00000, 0x00000000a8c00000|  0%| F|  |TAMS 0x00000000a8b00000| PB 0x00000000a8b00000| Untracked 
| 652|0x00000000a8c00000, 0x00000000a8c00000, 0x00000000a8d00000|  0%| F|  |TAMS 0x00000000a8c00000| PB 0x00000000a8c00000| Untracked 
| 653|0x00000000a8d00000, 0x00000000a8d00000, 0x00000000a8e00000|  0%| F|  |TAMS 0x00000000a8d00000| PB 0x00000000a8d00000| Untracked 
| 654|0x00000000a8e00000, 0x00000000a8e00000, 0x00000000a8f00000|  0%| F|  |TAMS 0x00000000a8e00000| PB 0x00000000a8e00000| Untracked 
| 655|0x00000000a8f00000, 0x00000000a8f00000, 0x00000000a9000000|  0%| F|  |TAMS 0x00000000a8f00000| PB 0x00000000a8f00000| Untracked 
| 656|0x00000000a9000000, 0x00000000a9000000, 0x00000000a9100000|  0%| F|  |TAMS 0x00000000a9000000| PB 0x00000000a9000000| Untracked 
| 657|0x00000000a9100000, 0x00000000a9100000, 0x00000000a9200000|  0%| F|  |TAMS 0x00000000a9100000| PB 0x00000000a9100000| Untracked 
| 658|0x00000000a9200000, 0x00000000a9200000, 0x00000000a9300000|  0%| F|  |TAMS 0x00000000a9200000| PB 0x00000000a9200000| Untracked 
| 659|0x00000000a9300000, 0x00000000a9300000, 0x00000000a9400000|  0%| F|  |TAMS 0x00000000a9300000| PB 0x00000000a9300000| Untracked 
| 660|0x00000000a9400000, 0x00000000a9400000, 0x00000000a9500000|  0%| F|  |TAMS 0x00000000a9400000| PB 0x00000000a9400000| Untracked 
| 661|0x00000000a9500000, 0x00000000a9500000, 0x00000000a9600000|  0%| F|  |TAMS 0x00000000a9500000| PB 0x00000000a9500000| Untracked 
| 662|0x00000000a9600000, 0x00000000a9600000, 0x00000000a9700000|  0%| F|  |TAMS 0x00000000a9600000| PB 0x00000000a9600000| Untracked 
| 663|0x00000000a9700000, 0x00000000a9700000, 0x00000000a9800000|  0%| F|  |TAMS 0x00000000a9700000| PB 0x00000000a9700000| Untracked 
| 664|0x00000000a9800000, 0x00000000a9800000, 0x00000000a9900000|  0%| F|  |TAMS 0x00000000a9800000| PB 0x00000000a9800000| Untracked 
| 665|0x00000000a9900000, 0x00000000a9900000, 0x00000000a9a00000|  0%| F|  |TAMS 0x00000000a9900000| PB 0x00000000a9900000| Untracked 
| 666|0x00000000a9a00000, 0x00000000a9a00000, 0x00000000a9b00000|  0%| F|  |TAMS 0x00000000a9a00000| PB 0x00000000a9a00000| Untracked 
| 667|0x00000000a9b00000, 0x00000000a9b00000, 0x00000000a9c00000|  0%| F|  |TAMS 0x00000000a9b00000| PB 0x00000000a9b00000| Untracked 
| 668|0x00000000a9c00000, 0x00000000a9c00000, 0x00000000a9d00000|  0%| F|  |TAMS 0x00000000a9c00000| PB 0x00000000a9c00000| Untracked 
| 669|0x00000000a9d00000, 0x00000000a9d00000, 0x00000000a9e00000|  0%| F|  |TAMS 0x00000000a9d00000| PB 0x00000000a9d00000| Untracked 
|1966|0x00000000fae00000, 0x00000000faf00000, 0x00000000faf00000|100%| O|  |TAMS 0x00000000fae00000| PB 0x00000000fae00000| Untracked 
|1967|0x00000000faf00000, 0x00000000faf00000, 0x00000000fb000000|  0%| F|  |TAMS 0x00000000faf00000| PB 0x00000000faf00000| Untracked 
|1968|0x00000000fb000000, 0x00000000fb000000, 0x00000000fb100000|  0%| F|  |TAMS 0x00000000fb000000| PB 0x00000000fb000000| Untracked 
|1969|0x00000000fb100000, 0x00000000fb200000, 0x00000000fb200000|100%| O|  |TAMS 0x00000000fb100000| PB 0x00000000fb100000| Untracked 
|1970|0x00000000fb200000, 0x00000000fb300000, 0x00000000fb300000|100%| O|  |TAMS 0x00000000fb200000| PB 0x00000000fb200000| Untracked 
|1971|0x00000000fb300000, 0x00000000fb400000, 0x00000000fb400000|100%| O|  |TAMS 0x00000000fb300000| PB 0x00000000fb300000| Untracked 
|1972|0x00000000fb400000, 0x00000000fb500000, 0x00000000fb500000|100%| O|  |TAMS 0x00000000fb400000| PB 0x00000000fb400000| Untracked 
|1973|0x00000000fb500000, 0x00000000fb600000, 0x00000000fb600000|100%| O|  |TAMS 0x00000000fb500000| PB 0x00000000fb500000| Untracked 
|1974|0x00000000fb600000, 0x00000000fb700000, 0x00000000fb700000|100%| O|  |TAMS 0x00000000fb600000| PB 0x00000000fb600000| Untracked 
|1975|0x00000000fb700000, 0x00000000fb800000, 0x00000000fb800000|100%| O|  |TAMS 0x00000000fb700000| PB 0x00000000fb700000| Untracked 
|1976|0x00000000fb800000, 0x00000000fb900000, 0x00000000fb900000|100%| O|  |TAMS 0x00000000fb800000| PB 0x00000000fb800000| Untracked 
|1977|0x00000000fb900000, 0x00000000fba00000, 0x00000000fba00000|100%| O|  |TAMS 0x00000000fb900000| PB 0x00000000fb900000| Untracked 
|1978|0x00000000fba00000, 0x00000000fbb00000, 0x00000000fbb00000|100%| O|  |TAMS 0x00000000fba00000| PB 0x00000000fba00000| Untracked 
|1979|0x00000000fbb00000, 0x00000000fbc00000, 0x00000000fbc00000|100%| O|  |TAMS 0x00000000fbb00000| PB 0x00000000fbb00000| Untracked 
|1980|0x00000000fbc00000, 0x00000000fbd00000, 0x00000000fbd00000|100%| O|  |TAMS 0x00000000fbc00000| PB 0x00000000fbc00000| Untracked 
|1981|0x00000000fbd00000, 0x00000000fbe00000, 0x00000000fbe00000|100%| O|  |TAMS 0x00000000fbd00000| PB 0x00000000fbd00000| Untracked 
|1982|0x00000000fbe00000, 0x00000000fbf00000, 0x00000000fbf00000|100%| O|  |TAMS 0x00000000fbe00000| PB 0x00000000fbe00000| Untracked 
|1983|0x00000000fbf00000, 0x00000000fc000000, 0x00000000fc000000|100%| O|  |TAMS 0x00000000fbf00000| PB 0x00000000fbf00000| Untracked 
|1984|0x00000000fc000000, 0x00000000fc100000, 0x00000000fc100000|100%| O|  |TAMS 0x00000000fc000000| PB 0x00000000fc000000| Untracked 
|1985|0x00000000fc100000, 0x00000000fc200000, 0x00000000fc200000|100%| O|  |TAMS 0x00000000fc100000| PB 0x00000000fc100000| Untracked 
|1986|0x00000000fc200000, 0x00000000fc300000, 0x00000000fc300000|100%| O|  |TAMS 0x00000000fc200000| PB 0x00000000fc200000| Untracked 
|1987|0x00000000fc300000, 0x00000000fc400000, 0x00000000fc400000|100%| O|  |TAMS 0x00000000fc300000| PB 0x00000000fc300000| Untracked 
|1988|0x00000000fc400000, 0x00000000fc500000, 0x00000000fc500000|100%| O|  |TAMS 0x00000000fc400000| PB 0x00000000fc400000| Untracked 
|1989|0x00000000fc500000, 0x00000000fc600000, 0x00000000fc600000|100%| O|  |TAMS 0x00000000fc500000| PB 0x00000000fc500000| Untracked 
|1990|0x00000000fc600000, 0x00000000fc700000, 0x00000000fc700000|100%| O|  |TAMS 0x00000000fc600000| PB 0x00000000fc600000| Untracked 
|1991|0x00000000fc700000, 0x00000000fc800000, 0x00000000fc800000|100%| O|  |TAMS 0x00000000fc700000| PB 0x00000000fc700000| Untracked 
|1992|0x00000000fc800000, 0x00000000fc900000, 0x00000000fc900000|100%| O|  |TAMS 0x00000000fc800000| PB 0x00000000fc800000| Untracked 
|1993|0x00000000fc900000, 0x00000000fca00000, 0x00000000fca00000|100%| O|  |TAMS 0x00000000fc900000| PB 0x00000000fc900000| Untracked 
|1994|0x00000000fca00000, 0x00000000fcb00000, 0x00000000fcb00000|100%| O|  |TAMS 0x00000000fca00000| PB 0x00000000fca00000| Untracked 
|1995|0x00000000fcb00000, 0x00000000fcb00000, 0x00000000fcc00000|  0%| F|  |TAMS 0x00000000fcb00000| PB 0x00000000fcb00000| Untracked 
|1996|0x00000000fcc00000, 0x00000000fcc00000, 0x00000000fcd00000|  0%| F|  |TAMS 0x00000000fcc00000| PB 0x00000000fcc00000| Untracked 
|1997|0x00000000fcd00000, 0x00000000fcd00000, 0x00000000fce00000|  0%| F|  |TAMS 0x00000000fcd00000| PB 0x00000000fcd00000| Untracked 
|1998|0x00000000fce00000, 0x00000000fcf00000, 0x00000000fcf00000|100%| O|  |TAMS 0x00000000fce00000| PB 0x00000000fce00000| Untracked 
|1999|0x00000000fcf00000, 0x00000000fcf00000, 0x00000000fd000000|  0%| F|  |TAMS 0x00000000fcf00000| PB 0x00000000fcf00000| Untracked 
|2000|0x00000000fd000000, 0x00000000fd000000, 0x00000000fd100000|  0%| F|  |TAMS 0x00000000fd000000| PB 0x00000000fd000000| Untracked 
|2001|0x00000000fd100000, 0x00000000fd100000, 0x00000000fd200000|  0%| F|  |TAMS 0x00000000fd100000| PB 0x00000000fd100000| Untracked 
|2002|0x00000000fd200000, 0x00000000fd200000, 0x00000000fd300000|  0%| F|  |TAMS 0x00000000fd200000| PB 0x00000000fd200000| Untracked 
|2003|0x00000000fd300000, 0x00000000fd300000, 0x00000000fd400000|  0%| F|  |TAMS 0x00000000fd300000| PB 0x00000000fd300000| Untracked 
|2004|0x00000000fd400000, 0x00000000fd500000, 0x00000000fd500000|100%| O|  |TAMS 0x00000000fd400000| PB 0x00000000fd400000| Untracked 
|2005|0x00000000fd500000, 0x00000000fd500000, 0x00000000fd600000|  0%| F|  |TAMS 0x00000000fd500000| PB 0x00000000fd500000| Untracked 
|2006|0x00000000fd600000, 0x00000000fd600000, 0x00000000fd700000|  0%| F|  |TAMS 0x00000000fd600000| PB 0x00000000fd600000| Untracked 
|2007|0x00000000fd700000, 0x00000000fd700000, 0x00000000fd800000|  0%| F|  |TAMS 0x00000000fd700000| PB 0x00000000fd700000| Untracked 
|2008|0x00000000fd800000, 0x00000000fd800000, 0x00000000fd900000|  0%| F|  |TAMS 0x00000000fd800000| PB 0x00000000fd800000| Untracked 
|2009|0x00000000fd900000, 0x00000000fd900000, 0x00000000fda00000|  0%| F|  |TAMS 0x00000000fd900000| PB 0x00000000fd900000| Untracked 
|2010|0x00000000fda00000, 0x00000000fda00000, 0x00000000fdb00000|  0%| F|  |TAMS 0x00000000fda00000| PB 0x00000000fda00000| Untracked 
|2011|0x00000000fdb00000, 0x00000000fdc00000, 0x00000000fdc00000|100%| O|  |TAMS 0x00000000fdb00000| PB 0x00000000fdb00000| Untracked 
|2012|0x00000000fdc00000, 0x00000000fdc00000, 0x00000000fdd00000|  0%| F|  |TAMS 0x00000000fdc00000| PB 0x00000000fdc00000| Untracked 
|2013|0x00000000fdd00000, 0x00000000fdd00000, 0x00000000fde00000|  0%| F|  |TAMS 0x00000000fdd00000| PB 0x00000000fdd00000| Untracked 
|2014|0x00000000fde00000, 0x00000000fde00000, 0x00000000fdf00000|  0%| F|  |TAMS 0x00000000fde00000| PB 0x00000000fde00000| Untracked 
|2015|0x00000000fdf00000, 0x00000000fdf00000, 0x00000000fe000000|  0%| F|  |TAMS 0x00000000fdf00000| PB 0x00000000fdf00000| Untracked 
|2016|0x00000000fe000000, 0x00000000fe100000, 0x00000000fe100000|100%| O|  |TAMS 0x00000000fe000000| PB 0x00000000fe000000| Untracked 
|2017|0x00000000fe100000, 0x00000000fe200000, 0x00000000fe200000|100%| O|  |TAMS 0x00000000fe100000| PB 0x00000000fe100000| Untracked 
|2018|0x00000000fe200000, 0x00000000fe300000, 0x00000000fe300000|100%| O|  |TAMS 0x00000000fe200000| PB 0x00000000fe200000| Untracked 
|2019|0x00000000fe300000, 0x00000000fe400000, 0x00000000fe400000|100%| O|  |TAMS 0x00000000fe300000| PB 0x00000000fe300000| Untracked 
|2020|0x00000000fe400000, 0x00000000fe500000, 0x00000000fe500000|100%| O|  |TAMS 0x00000000fe400000| PB 0x00000000fe400000| Untracked 
|2021|0x00000000fe500000, 0x00000000fe600000, 0x00000000fe600000|100%| O|  |TAMS 0x00000000fe500000| PB 0x00000000fe500000| Untracked 
|2022|0x00000000fe600000, 0x00000000fe700000, 0x00000000fe700000|100%| O|  |TAMS 0x00000000fe600000| PB 0x00000000fe600000| Untracked 
|2023|0x00000000fe700000, 0x00000000fe800000, 0x00000000fe800000|100%| O|  |TAMS 0x00000000fe700000| PB 0x00000000fe700000| Untracked 
|2024|0x00000000fe800000, 0x00000000fe900000, 0x00000000fe900000|100%| O|  |TAMS 0x00000000fe800000| PB 0x00000000fe800000| Untracked 
|2025|0x00000000fe900000, 0x00000000fea00000, 0x00000000fea00000|100%| O|  |TAMS 0x00000000fe900000| PB 0x00000000fe900000| Untracked 
|2026|0x00000000fea00000, 0x00000000feb00000, 0x00000000feb00000|100%| O|  |TAMS 0x00000000fea00000| PB 0x00000000fea00000| Untracked 
|2027|0x00000000feb00000, 0x00000000fec00000, 0x00000000fec00000|100%| O|  |TAMS 0x00000000feb00000| PB 0x00000000feb00000| Untracked 
|2028|0x00000000fec00000, 0x00000000fed00000, 0x00000000fed00000|100%| O|  |TAMS 0x00000000fec00000| PB 0x00000000fec00000| Untracked 
|2029|0x00000000fed00000, 0x00000000fee00000, 0x00000000fee00000|100%| O|  |TAMS 0x00000000fed00000| PB 0x00000000fed00000| Untracked 
|2030|0x00000000fee00000, 0x00000000fef00000, 0x00000000fef00000|100%| O|  |TAMS 0x00000000fee00000| PB 0x00000000fee00000| Untracked 
|2031|0x00000000fef00000, 0x00000000ff000000, 0x00000000ff000000|100%| O|  |TAMS 0x00000000fef00000| PB 0x00000000fef00000| Untracked 
|2032|0x00000000ff000000, 0x00000000ff100000, 0x00000000ff100000|100%| O|  |TAMS 0x00000000ff000000| PB 0x00000000ff000000| Untracked 
|2033|0x00000000ff100000, 0x00000000ff200000, 0x00000000ff200000|100%| O|  |TAMS 0x00000000ff100000| PB 0x00000000ff100000| Untracked 
|2034|0x00000000ff200000, 0x00000000ff300000, 0x00000000ff300000|100%| O|  |TAMS 0x00000000ff200000| PB 0x00000000ff200000| Untracked 
|2035|0x00000000ff300000, 0x00000000ff400000, 0x00000000ff400000|100%| O|  |TAMS 0x00000000ff300000| PB 0x00000000ff300000| Untracked 
|2036|0x00000000ff400000, 0x00000000ff400000, 0x00000000ff500000|  0%| F|  |TAMS 0x00000000ff400000| PB 0x00000000ff400000| Untracked 
|2037|0x00000000ff500000, 0x00000000ff600000, 0x00000000ff600000|100%| O|  |TAMS 0x00000000ff500000| PB 0x00000000ff500000| Untracked 
|2038|0x00000000ff600000, 0x00000000ff700000, 0x00000000ff700000|100%| O|  |TAMS 0x00000000ff600000| PB 0x00000000ff600000| Untracked 
|2039|0x00000000ff700000, 0x00000000ff700000, 0x00000000ff800000|  0%| F|  |TAMS 0x00000000ff700000| PB 0x00000000ff700000| Untracked 
|2040|0x00000000ff800000, 0x00000000ff800000, 0x00000000ff900000|  0%| F|  |TAMS 0x00000000ff800000| PB 0x00000000ff800000| Untracked 
|2041|0x00000000ff900000, 0x00000000ff900000, 0x00000000ffa00000|  0%| F|  |TAMS 0x00000000ff900000| PB 0x00000000ff900000| Untracked 
|2042|0x00000000ffa00000, 0x00000000ffa00000, 0x00000000ffb00000|  0%| F|  |TAMS 0x00000000ffa00000| PB 0x00000000ffa00000| Untracked 
|2043|0x00000000ffb00000, 0x00000000ffb00000, 0x00000000ffc00000|  0%| F|  |TAMS 0x00000000ffb00000| PB 0x00000000ffb00000| Untracked 
|2044|0x00000000ffc00000, 0x00000000ffc00000, 0x00000000ffd00000|  0%| F|  |TAMS 0x00000000ffc00000| PB 0x00000000ffc00000| Untracked 
|2045|0x00000000ffd00000, 0x00000000ffd00000, 0x00000000ffe00000|  0%| F|  |TAMS 0x00000000ffd00000| PB 0x00000000ffd00000| Untracked 
|2046|0x00000000ffe00000, 0x00000000ffe00000, 0x00000000fff00000|  0%| F|  |TAMS 0x00000000ffe00000| PB 0x00000000ffe00000| Untracked 
|2047|0x00000000fff00000, 0x0000000100000000, 0x0000000100000000|100%| O|  |TAMS 0x00000000fff00000| PB 0x00000000fff00000| Untracked 

Card table byte_map: [0x000001d8dab60000,0x000001d8daf60000] _byte_map_base: 0x000001d8da760000

Marking Bits: (CMBitMap*) 0x000001d8c043d630
 Bits: [0x000001d8daf60000, 0x000001d8dcf60000)

Polling page: 0x000001d8c05a0000

Metaspace:

Usage:
  Non-class:    113.61 MB used.
      Class:     17.72 MB used.
       Both:    131.33 MB used.

Virtual space:
  Non-class space:      128.00 MB reserved,     114.88 MB ( 90%) committed,  2 nodes.
      Class space:        1.00 GB reserved,      18.94 MB (  2%) committed,  1 nodes.
             Both:        1.12 GB reserved,     133.81 MB ( 12%) committed. 

Chunk freelists:
   Non-Class:  12.92 MB
       Class:  12.89 MB
        Both:  25.81 MB

MaxMetaspaceSize: unlimited
CompressedClassSpaceSize: 1.00 GB
Initial GC threshold: 21.00 MB
Current GC threshold: 220.94 MB
CDS: on
 - commit_granule_bytes: 65536.
 - commit_granule_words: 8192.
 - virtual_space_node_default_size: 8388608.
 - enlarge_chunks_in_place: 1.
 - use_allocation_guard: 0.


Internal statistics:

num_allocs_failed_limit: 9.
num_arena_births: 4532.
num_arena_deaths: 2.
num_vsnodes_births: 3.
num_vsnodes_deaths: 0.
num_space_committed: 2142.
num_space_uncommitted: 1.
num_chunks_returned_to_freelist: 26.
num_chunks_taken_from_freelist: 10665.
num_chunk_merges: 9.
num_chunk_splits: 7054.
num_chunks_enlarged: 4555.
num_inconsistent_stats: 0.

CodeHeap 'non-profiled nmethods': size=119168Kb used=19835Kb max_used=20973Kb free=99333Kb
 bounds [0x000001d8d2a80000, 0x000001d8d3f00000, 0x000001d8d9ee0000]
CodeHeap 'profiled nmethods': size=119104Kb used=22698Kb max_used=35263Kb free=96405Kb
 bounds [0x000001d8caee0000, 0x000001d8cd190000, 0x000001d8d2330000]
CodeHeap 'non-nmethods': size=7488Kb used=3946Kb max_used=4023Kb free=3542Kb
 bounds [0x000001d8d2330000, 0x000001d8d2740000, 0x000001d8d2a80000]
 total_blobs=14634 nmethods=13686 adapters=846
 compilation: enabled
              stopped_count=0, restarted_count=0
 full_count=0

Compilation events (20 events):
Event: 27.963 Thread 0x000001d929bc4270 nmethod 27799 0x000001d8cb316290 code [0x000001d8cb316460, 0x000001d8cb3169d0]
Event: 27.963 Thread 0x000001d937de0440 27793       3       com.android.tools.r8.synthesis.s0::<init> (12 bytes)
Event: 27.963 Thread 0x000001d8e00cd280 nmethod 27789 0x000001d8cc229190 code [0x000001d8cc229340, 0x000001d8cc229570]
Event: 27.963 Thread 0x000001d937de0b10 nmethod 27801 0x000001d8cb9be110 code [0x000001d8cb9be2e0, 0x000001d8cb9be7f8]
Event: 27.964 Thread 0x000001d8e00cd280 27813 %     3       com.android.tools.r8.internal.rv::a @ 2725 (4509 bytes)
Event: 27.964 Thread 0x000001d929bc4270 27814   !   3       com.android.tools.r8.graph.m9::a (310 bytes)
Event: 27.964 Thread 0x000001d937de0440 nmethod 27793 0x000001d8cc293410 code [0x000001d8cc2935c0, 0x000001d8cc2937f0]
Event: 27.964 Thread 0x000001d937de0b10 27805       3       org.gradle.internal.configuration.inputs.AccessTrackingProperties$$Lambda/0x000001d8e2f67518::accept (10 bytes)
Event: 27.964 Thread 0x000001d937de0440 27818       2       com.android.tools.r8.internal.eq1$f::b (11 bytes)
Event: 27.965 Thread 0x000001d937de0b10 nmethod 27805 0x000001d8cc2f3c10 code [0x000001d8cc2f3dc0, 0x000001d8cc2f3fb0]
Event: 27.965 Thread 0x000001d937de0440 nmethod 27818 0x000001d8cc376510 code [0x000001d8cc3766c0, 0x000001d8cc376808]
Event: 27.965 Thread 0x000001d937de0b10 27816       3       com.android.tools.r8.internal.eq1::k (42 bytes)
Event: 27.965 Thread 0x000001d937de0440 27827       3       com.android.tools.r8.internal.rv::b (64 bytes)
Event: 27.966 Thread 0x000001d937ddf6a0 27815   !   4       java.util.concurrent.ConcurrentHashMap::clear (176 bytes)
Event: 27.966 Thread 0x000001d937de0b10 nmethod 27816 0x000001d8cbb67c10 code [0x000001d8cbb67de0, 0x000001d8cbb68140]
Event: 27.966 Thread 0x000001d937de0440 nmethod 27827 0x000001d8cb596c90 code [0x000001d8cb596e80, 0x000001d8cb597438]
Event: 27.967 Thread 0x000001d929bc4270 nmethod 27814 0x000001d8cb6a2c10 code [0x000001d8cb6a2f20, 0x000001d8cb6a4260]
Event: 27.967 Thread 0x000001d937de0b10 27829       2       com.android.tools.r8.internal.rv::a (157 bytes)
Event: 27.967 Thread 0x000001d937de0440 27836       3       com.android.tools.r8.graph.m9::a (175 bytes)
Event: 27.968 Thread 0x000001d937de0b10 nmethod 27829 0x000001d8cb98b010 code [0x000001d8cb98b1e0, 0x000001d8cb98b600]

GC Heap History (20 events):
Event: 24.061 GC heap after
{Heap after GC invocations=73 (full 0):
 garbage-first heap   total 595968K, used 239115K [0x0000000080000000, 0x0000000100000000)
  region size 1024K, 21 young (21504K), 21 survivors (21504K)
 Metaspace       used 123910K, committed 126400K, reserved 1179648K
  class space    used 16859K, committed 18112K, reserved 1048576K
}
Event: 24.281 GC heap before
{Heap before GC invocations=73 (full 0):
 garbage-first heap   total 595968K, used 543243K [0x0000000080000000, 0x0000000100000000)
  region size 1024K, 318 young (325632K), 21 survivors (21504K)
 Metaspace       used 123912K, committed 126400K, reserved 1179648K
  class space    used 16859K, committed 18112K, reserved 1048576K
}
Event: 24.290 GC heap after
{Heap after GC invocations=74 (full 0):
 garbage-first heap   total 595968K, used 234919K [0x0000000080000000, 0x0000000100000000)
  region size 1024K, 25 young (25600K), 25 survivors (25600K)
 Metaspace       used 123912K, committed 126400K, reserved 1179648K
  class space    used 16859K, committed 18112K, reserved 1048576K
}
Event: 24.673 GC heap before
{Heap before GC invocations=74 (full 0):
 garbage-first heap   total 595968K, used 389543K [0x0000000080000000, 0x0000000100000000)
  region size 1024K, 178 young (182272K), 25 survivors (25600K)
 Metaspace       used 125010K, committed 127552K, reserved 1179648K
  class space    used 17001K, committed 18240K, reserved 1048576K
}
Event: 24.683 GC heap after
{Heap after GC invocations=75 (full 0):
 garbage-first heap   total 595968K, used 237807K [0x0000000080000000, 0x0000000100000000)
  region size 1024K, 25 young (25600K), 25 survivors (25600K)
 Metaspace       used 125010K, committed 127552K, reserved 1179648K
  class space    used 17001K, committed 18240K, reserved 1048576K
}
Event: 25.702 GC heap before
{Heap before GC invocations=76 (full 0):
 garbage-first heap   total 599040K, used 597231K [0x0000000080000000, 0x0000000100000000)
  region size 1024K, 247 young (252928K), 25 survivors (25600K)
 Metaspace       used 126863K, committed 129280K, reserved 1179648K
  class space    used 17224K, committed 18432K, reserved 1048576K
}
Event: 25.711 GC heap after
{Heap after GC invocations=77 (full 0):
 garbage-first heap   total 626688K, used 309508K [0x0000000080000000, 0x0000000100000000)
  region size 1024K, 26 young (26624K), 26 survivors (26624K)
 Metaspace       used 126863K, committed 129280K, reserved 1179648K
  class space    used 17224K, committed 18432K, reserved 1048576K
}
Event: 26.222 GC heap before
{Heap before GC invocations=77 (full 0):
 garbage-first heap   total 626688K, used 578820K [0x0000000080000000, 0x0000000100000000)
  region size 1024K, 276 young (282624K), 26 survivors (26624K)
 Metaspace       used 130421K, committed 132928K, reserved 1179648K
  class space    used 17633K, committed 18880K, reserved 1048576K
}
Event: 26.268 GC heap after
{Heap after GC invocations=78 (full 0):
 garbage-first heap   total 702464K, used 397264K [0x0000000080000000, 0x0000000100000000)
  region size 1024K, 35 young (35840K), 35 survivors (35840K)
 Metaspace       used 130421K, committed 132928K, reserved 1179648K
  class space    used 17633K, committed 18880K, reserved 1048576K
}
Event: 26.377 GC heap before
{Heap before GC invocations=78 (full 0):
 garbage-first heap   total 702464K, used 514000K [0x0000000080000000, 0x0000000100000000)
  region size 1024K, 151 young (154624K), 35 survivors (35840K)
 Metaspace       used 130648K, committed 133120K, reserved 1179648K
  class space    used 17660K, committed 18880K, reserved 1048576K
}
Event: 26.414 GC heap after
{Heap after GC invocations=79 (full 0):
 garbage-first heap   total 702464K, used 451584K [0x0000000080000000, 0x0000000100000000)
  region size 1024K, 29 young (29696K), 29 survivors (29696K)
 Metaspace       used 130648K, committed 133120K, reserved 1179648K
  class space    used 17660K, committed 18880K, reserved 1048576K
}
Event: 26.629 GC heap before
{Heap before GC invocations=80 (full 0):
 garbage-first heap   total 705536K, used 562176K [0x0000000080000000, 0x0000000100000000)
  region size 1024K, 166 young (169984K), 29 survivors (29696K)
 Metaspace       used 131157K, committed 133696K, reserved 1179648K
  class space    used 17731K, committed 19008K, reserved 1048576K
}
Event: 26.660 GC heap after
{Heap after GC invocations=81 (full 0):
 garbage-first heap   total 705536K, used 485376K [0x0000000080000000, 0x0000000100000000)
  region size 1024K, 21 young (21504K), 21 survivors (21504K)
 Metaspace       used 131157K, committed 133696K, reserved 1179648K
  class space    used 17731K, committed 19008K, reserved 1048576K
}
Event: 26.887 GC heap before
{Heap before GC invocations=81 (full 0):
 garbage-first heap   total 705536K, used 607232K [0x0000000080000000, 0x0000000100000000)
  region size 1024K, 133 young (136192K), 21 survivors (21504K)
 Metaspace       used 132484K, committed 135040K, reserved 1179648K
  class space    used 17878K, committed 19136K, reserved 1048576K
}
Event: 26.905 GC heap after
{Heap after GC invocations=82 (full 0):
 garbage-first heap   total 705536K, used 480768K [0x0000000080000000, 0x0000000100000000)
  region size 1024K, 17 young (17408K), 17 survivors (17408K)
 Metaspace       used 132484K, committed 135040K, reserved 1179648K
  class space    used 17878K, committed 19136K, reserved 1048576K
}
Event: 27.231 GC heap before
{Heap before GC invocations=82 (full 0):
 garbage-first heap   total 705536K, used 542208K [0x0000000080000000, 0x0000000100000000)
  region size 1024K, 79 young (80896K), 17 survivors (17408K)
 Metaspace       used 133146K, committed 135680K, reserved 1179648K
  class space    used 17982K, committed 19264K, reserved 1048576K
}
Event: 27.240 GC heap after
{Heap after GC invocations=83 (full 0):
 garbage-first heap   total 705536K, used 495663K [0x0000000080000000, 0x0000000100000000)
  region size 1024K, 11 young (11264K), 11 survivors (11264K)
 Metaspace       used 133146K, committed 135680K, reserved 1179648K
  class space    used 17982K, committed 19264K, reserved 1048576K
}
Event: 27.575 GC heap before
{Heap before GC invocations=84 (full 0):
 garbage-first heap   total 770048K, used 581679K [0x0000000080000000, 0x0000000100000000)
  region size 1024K, 128 young (131072K), 11 survivors (11264K)
 Metaspace       used 133236K, committed 135744K, reserved 1179648K
  class space    used 17996K, committed 19264K, reserved 1048576K
}
Event: 27.582 GC heap after
{Heap after GC invocations=85 (full 0):
 garbage-first heap   total 770048K, used 472720K [0x0000000080000000, 0x0000000100000000)
  region size 1024K, 13 young (13312K), 13 survivors (13312K)
 Metaspace       used 133236K, committed 135744K, reserved 1179648K
  class space    used 17996K, committed 19264K, reserved 1048576K
}
Event: 27.968 GC heap before
{Heap before GC invocations=85 (full 0):
 garbage-first heap   total 770048K, used 664208K [0x0000000080000000, 0x0000000100000000)
  region size 1024K, 193 young (197632K), 13 survivors (13312K)
 Metaspace       used 134481K, committed 137024K, reserved 1179648K
  class space    used 18142K, committed 19392K, reserved 1048576K
}

Dll operation events (15 events):
Event: 0.004 Loaded shared library C:\Users\rroob\.gradle\jdks\eclipse_adoptium-21-amd64-windows.2\bin\java.dll
Event: 0.022 Loaded shared library C:\Users\rroob\.gradle\jdks\eclipse_adoptium-21-amd64-windows.2\bin\jsvml.dll
Event: 0.045 Loaded shared library C:\Users\rroob\.gradle\jdks\eclipse_adoptium-21-amd64-windows.2\bin\zip.dll
Event: 0.047 Loaded shared library C:\Users\rroob\.gradle\jdks\eclipse_adoptium-21-amd64-windows.2\bin\instrument.dll
Event: 0.049 Loaded shared library C:\Users\rroob\.gradle\jdks\eclipse_adoptium-21-amd64-windows.2\bin\net.dll
Event: 0.050 Loaded shared library C:\Users\rroob\.gradle\jdks\eclipse_adoptium-21-amd64-windows.2\bin\nio.dll
Event: 0.052 Loaded shared library C:\Users\rroob\.gradle\jdks\eclipse_adoptium-21-amd64-windows.2\bin\zip.dll
Event: 0.207 Loaded shared library C:\Users\rroob\.gradle\jdks\eclipse_adoptium-21-amd64-windows.2\bin\jimage.dll
Event: 0.313 Loaded shared library C:\Users\rroob\.gradle\jdks\eclipse_adoptium-21-amd64-windows.2\bin\verify.dll
Event: 0.329 Loaded shared library C:\Users\rroob\.gradle\native\660c5614fbf4a5f2a75b1949f50a0caf5cd603558e7d8a26e50b933a0cfb79d1\windows-amd64\native-platform.dll
Event: 0.334 Loaded shared library C:\Users\rroob\.gradle\native\0.2.8\x86_64-windows-gnu\gradle-fileevents.dll
Event: 0.942 Loaded shared library C:\Users\rroob\.gradle\jdks\eclipse_adoptium-21-amd64-windows.2\bin\management.dll
Event: 0.943 Loaded shared library C:\Users\rroob\.gradle\jdks\eclipse_adoptium-21-amd64-windows.2\bin\management_ext.dll
Event: 1.020 Loaded shared library C:\Users\rroob\.gradle\jdks\eclipse_adoptium-21-amd64-windows.2\bin\extnet.dll
Event: 1.206 Loaded shared library C:\Users\rroob\.gradle\jdks\eclipse_adoptium-21-amd64-windows.2\bin\sunmscapi.dll

Deoptimization events (20 events):
Event: 27.967 Thread 0x000001d93e9be8d0 DEOPT PACKING pc=0x000001d8d346613c sp=0x000000832abfd6c0
Event: 27.967 Thread 0x000001d93e9be8d0 DEOPT UNPACKING pc=0x000001d8d23846a2 sp=0x000000832abfd630 mode 2
Event: 27.967 Thread 0x000001d93e9be8d0 Uncommon trap: trap_request=0xffffff45 fr.pc=0x000001d8d3282bd4 relative=0x0000000000000454
Event: 27.967 Thread 0x000001d93e9badc0 Uncommon trap: trap_request=0xffffff45 fr.pc=0x000001d8d3282bd4 relative=0x0000000000000454
Event: 27.967 Thread 0x000001d93e9be8d0 Uncommon trap: reason=unstable_if action=reinterpret pc=0x000001d8d3282bd4 method=com.android.tools.r8.graph.h6.a(Ljava/lang/String;)[B @ 19 c2
Event: 27.967 Thread 0x000001d93e9badc0 Uncommon trap: reason=unstable_if action=reinterpret pc=0x000001d8d3282bd4 method=com.android.tools.r8.graph.h6.a(Ljava/lang/String;)[B @ 19 c2
Event: 27.967 Thread 0x000001d93e9be8d0 DEOPT PACKING pc=0x000001d8d3282bd4 sp=0x000000832abfd1b0
Event: 27.967 Thread 0x000001d93e9be8d0 DEOPT UNPACKING pc=0x000001d8d23846a2 sp=0x000000832abfd158 mode 2
Event: 27.967 Thread 0x000001d93e9badc0 DEOPT PACKING pc=0x000001d8d3282bd4 sp=0x000000832adfcc70
Event: 27.967 Thread 0x000001d93e9badc0 DEOPT UNPACKING pc=0x000001d8d23846a2 sp=0x000000832adfcc18 mode 2
Event: 27.967 Thread 0x000001d93e9b5870 Uncommon trap: trap_request=0xffffff45 fr.pc=0x000001d8d2eb3478 relative=0x00000000000008b8
Event: 27.967 Thread 0x000001d93e9bd520 Uncommon trap: trap_request=0xffffff45 fr.pc=0x000001d8d2eb3478 relative=0x00000000000008b8
Event: 27.967 Thread 0x000001d93e9bef60 Uncommon trap: trap_request=0xffffff45 fr.pc=0x000001d8d2eb3478 relative=0x00000000000008b8
Event: 27.967 Thread 0x000001d93e9bbae0 Uncommon trap: trap_request=0xffffff45 fr.pc=0x000001d8d2eb3478 relative=0x00000000000008b8
Event: 27.968 Thread 0x000001d93e9b5870 Uncommon trap: reason=unstable_if action=reinterpret pc=0x000001d8d2eb3478 method=com.android.tools.r8.internal.cc1.c()Lcom/android/tools/r8/internal/dc1; @ 4 c2
Event: 27.968 Thread 0x000001d93e9bd520 Uncommon trap: reason=unstable_if action=reinterpret pc=0x000001d8d2eb3478 method=com.android.tools.r8.internal.cc1.c()Lcom/android/tools/r8/internal/dc1; @ 4 c2
Event: 27.968 Thread 0x000001d93e9bef60 Uncommon trap: reason=unstable_if action=reinterpret pc=0x000001d8d2eb3478 method=com.android.tools.r8.internal.cc1.c()Lcom/android/tools/r8/internal/dc1; @ 4 c2
Event: 27.968 Thread 0x000001d93e9bbae0 Uncommon trap: reason=unstable_if action=reinterpret pc=0x000001d8d2eb3478 method=com.android.tools.r8.internal.cc1.c()Lcom/android/tools/r8/internal/dc1; @ 4 c2
Event: 27.968 Thread 0x000001d93e9b5870 DEOPT PACKING pc=0x000001d8d2eb3478 sp=0x000000832a6fdac0
Event: 27.968 Thread 0x000001d93e9b5870 DEOPT UNPACKING pc=0x000001d8d23846a2 sp=0x000000832a6fda68 mode 2

Classes loaded (20 events):
Event: 26.832 Loading class java/nio/channels/Channels$WritableByteChannelImpl
Event: 26.832 Loading class java/nio/channels/Channels$WritableByteChannelImpl done
Event: 26.835 Loading class java/lang/ProcessImpl
Event: 26.835 Loading class java/lang/ProcessImpl done
Event: 26.841 Loading class java/lang/ProcessHandleImpl
Event: 26.841 Loading class java/lang/ProcessHandleImpl done
Event: 26.842 Loading class java/lang/ProcessImpl$2
Event: 26.842 Loading class java/lang/ProcessImpl$2 done
Event: 26.842 Loading class java/lang/Process$PipeInputStream
Event: 26.842 Loading class java/lang/Process$PipeInputStream done
Event: 26.846 Loading class jdk/internal/event/ProcessStartEvent
Event: 26.846 Loading class jdk/internal/event/ProcessStartEvent done
Event: 27.735 Loading class java/nio/file/FileChannelLinesSpliterator
Event: 27.735 Loading class java/nio/file/FileChannelLinesSpliterator done
Event: 27.736 Loading class java/util/stream/Streams$1
Event: 27.736 Loading class java/util/stream/Streams$1 done
Event: 27.740 Loading class java/nio/file/FileChannelLinesSpliterator$1
Event: 27.740 Loading class java/nio/file/FileChannelLinesSpliterator$1 done
Event: 27.921 Loading class java/util/zip/ZipOutputStream
Event: 27.921 Loading class java/util/zip/ZipOutputStream done

Classes unloaded (20 events):
Event: 9.515 Thread 0x000001d8df58cfe0 Unloading class 0x000001d8e2f02dd0 'jdk/internal/jimage/ImageHeader'
Event: 9.515 Thread 0x000001d8df58cfe0 Unloading class 0x000001d8e2f02ba8 'jdk/internal/jimage/BasicImageReader$2'
Event: 9.515 Thread 0x000001d8df58cfe0 Unloading class 0x000001d8e2f02980 'jdk/internal/jimage/BasicImageReader$1'
Event: 9.515 Thread 0x000001d8df58cfe0 Unloading class 0x000001d8e2f02720 'jdk/internal/jimage/ImageReader$Resource'
Event: 9.515 Thread 0x000001d8df58cfe0 Unloading class 0x000001d8e2f024c0 'jdk/internal/jimage/ImageReader$LinkNode'
Event: 9.515 Thread 0x000001d8df58cfe0 Unloading class 0x000001d8e2f02260 'jdk/internal/jimage/ImageReader$Directory'
Event: 9.515 Thread 0x000001d8df58cfe0 Unloading class 0x000001d8e2f02000 'jdk/internal/jimage/ImageReader$Node'
Event: 9.515 Thread 0x000001d8df58cfe0 Unloading class 0x000001d8e2f01de0 'jdk/internal/jimage/ImageStrings'
Event: 9.515 Thread 0x000001d8df58cfe0 Unloading class 0x000001d8e2f01b28 'jdk/internal/jimage/ImageReader$SharedImageReader'
Event: 9.515 Thread 0x000001d8df58cfe0 Unloading class 0x000001d8e2f01870 'jdk/internal/jimage/BasicImageReader'
Event: 9.515 Thread 0x000001d8df58cfe0 Unloading class 0x000001d8e2f01658 'jdk/internal/jimage/ImageReader'
Event: 9.515 Thread 0x000001d8df58cfe0 Unloading class 0x000001d8e2f01438 'jdk/internal/jrtfs/SystemImage$2'
Event: 9.515 Thread 0x000001d8df58cfe0 Unloading class 0x000001d8e2f01228 'jdk/internal/jrtfs/SystemImage$$Lambda+0x000001d8e2f01228'
Event: 9.515 Thread 0x000001d8df58cfe0 Unloading class 0x000001d8e2f01000 'jdk/internal/jrtfs/ExplodedImage'
Event: 9.515 Thread 0x000001d8df58cfe0 Unloading class 0x000001d8e2f00db0 'jdk/internal/jrtfs/SystemImage$1'
Event: 9.515 Thread 0x000001d8df58cfe0 Unloading class 0x000001d8e2f00ba0 'jdk/internal/jrtfs/SystemImage'
Event: 9.515 Thread 0x000001d8df58cfe0 Unloading class 0x000001d8e2f00948 'jdk/internal/jrtfs/JrtFileStore'
Event: 9.515 Thread 0x000001d8df58cfe0 Unloading class 0x000001d8e2f005d8 'jdk/internal/jrtfs/JrtPath'
Event: 9.515 Thread 0x000001d8df58cfe0 Unloading class 0x000001d8e2f002e8 'jdk/internal/jrtfs/JrtFileSystem'
Event: 9.515 Thread 0x000001d8df58cfe0 Unloading class 0x000001d8e2f00000 'jdk/internal/jrtfs/JrtFileSystemProvider'

Classes redefined (0 events):
No events

Internal exceptions (20 events):
Event: 26.842 Thread 0x000001d93e9b44c0 Exception <a 'java/lang/NoSuchMethodError'{0x00000000a0b94c58}: 'java.lang.Object java.lang.invoke.DirectMethodHandle$Holder.invokeStaticInit(java.lang.Object, long, java.lang.Object)'> (0x00000000a0b94c58) 
thrown [s\src\hotspot\share\interpreter\linkResolver.cpp, line 773]
Event: 26.961 Thread 0x000001d93e9bb450 Exception <a 'java/lang/IncompatibleClassChangeError'{0x00000000a538e020}: Found class java.lang.Object, but interface was expected> (0x00000000a538e020) 
thrown [s\src\hotspot\share\interpreter\linkResolver.cpp, line 840]
Event: 27.006 Thread 0x000001d93e9bb450 Exception <a 'java/lang/NoSuchMethodError'{0x00000000a517ed98}: 'java.lang.Object java.lang.invoke.DirectMethodHandle$Holder.newInvokeSpecial(java.lang.Object, int, java.lang.Object, java.lang.Object, java.lang.Object)'> (0x00000000a517ed98) 
thrown [s\src\hotspot\share\interpreter\linkResolver.cpp, line 773]
Event: 27.007 Thread 0x000001d93e9bb450 Exception <a 'java/lang/NoSuchMethodError'{0x00000000a5182fd0}: 'java.lang.Object java.lang.invoke.DirectMethodHandle$Holder.invokeSpecial(java.lang.Object, java.lang.Object, int, java.lang.Object, java.lang.Object, java.lang.Object)'> (0x00000000a5182fd0) 
thrown [s\src\hotspot\share\interpreter\linkResolver.cpp, line 773]
Event: 27.007 Thread 0x000001d93e9bb450 Exception <a 'java/lang/NoSuchMethodError'{0x00000000a5186a58}: 'java.lang.Object java.lang.invoke.Invokers$Holder.linkToTargetMethod(int, java.lang.Object, java.lang.Object, java.lang.Object, java.lang.Object)'> (0x00000000a5186a58) 
thrown [s\src\hotspot\share\interpreter\linkResolver.cpp, line 773]
Event: 27.023 Thread 0x000001d93e9bb450 Implicit null exception at 0x000001d8d35e7d7d to 0x000001d8d35e7eac
Event: 27.595 Thread 0x000001d93e9bb450 Implicit null exception at 0x000001d8d3c23a3a to 0x000001d8d3c24ed8
Event: 27.843 Thread 0x000001d93e9b44c0 Exception <a 'sun/nio/fs/WindowsException'{0x00000000a3cac138}> (0x00000000a3cac138) 
thrown [s\src\hotspot\share\prims\jni.cpp, line 520]
Event: 27.845 Thread 0x000001d93e9b44c0 Exception <a 'sun/nio/fs/WindowsException'{0x00000000a3ba73f8}> (0x00000000a3ba73f8) 
thrown [s\src\hotspot\share\prims\jni.cpp, line 520]
Event: 27.904 Thread 0x000001d92d7d5380 Exception <a 'sun/nio/fs/WindowsException'{0x00000000a11c5cc0}> (0x00000000a11c5cc0) 
thrown [s\src\hotspot\share\prims\jni.cpp, line 520]
Event: 27.904 Thread 0x000001d92d7d5380 Exception <a 'sun/nio/fs/WindowsException'{0x00000000a11c8170}> (0x00000000a11c8170) 
thrown [s\src\hotspot\share\prims\jni.cpp, line 520]
Event: 27.904 Thread 0x000001d92d7d5380 Exception <a 'sun/nio/fs/WindowsException'{0x00000000a10a0370}> (0x00000000a10a0370) 
thrown [s\src\hotspot\share\prims\jni.cpp, line 520]
Event: 27.905 Thread 0x000001d92d7d5380 Exception <a 'sun/nio/fs/WindowsException'{0x00000000a10a27e8}> (0x00000000a10a27e8) 
thrown [s\src\hotspot\share\prims\jni.cpp, line 520]
Event: 27.905 Thread 0x000001d92d7d5380 Exception <a 'sun/nio/fs/WindowsException'{0x00000000a10a4c88}> (0x00000000a10a4c88) 
thrown [s\src\hotspot\share\prims\jni.cpp, line 520]
Event: 27.917 Thread 0x000001d92d7d5380 Exception <a 'sun/nio/fs/WindowsException'{0x00000000a0b862f0}> (0x00000000a0b862f0) 
thrown [s\src\hotspot\share\prims\jni.cpp, line 520]
Event: 27.934 Thread 0x000001d92d7d5380 Exception <a 'java/lang/NoSuchMethodError'{0x00000000a03acf78}: static Lcom/android/build/gradle/internal/tasks/DexArchiveBuilderTaskDelegate$ClasspathServiceKey;.<clinit>()V> (0x00000000a03acf78) 
thrown [s\src\hotspot\share\prims\jni.cpp, line 1111]
Event: 27.967 Thread 0x000001d93e9b5870 Implicit null exception at 0x000001d8d2eb2c03 to 0x000001d8d2eb3464
Event: 27.967 Thread 0x000001d93e9bd520 Implicit null exception at 0x000001d8d2eb2c03 to 0x000001d8d2eb3464
Event: 27.967 Thread 0x000001d93e9bef60 Implicit null exception at 0x000001d8d2eb2c03 to 0x000001d8d2eb3464
Event: 27.967 Thread 0x000001d93e9bbae0 Implicit null exception at 0x000001d8d2eb2c03 to 0x000001d8d2eb3464

ZGC Phase Switch (0 events):
No events

VM Operations (20 events):
Event: 27.128 Executing VM operation: ICBufferFull done
Event: 27.231 Executing VM operation: G1TryInitiateConcMark (G1 Humongous Allocation)
Event: 27.240 Executing VM operation: G1TryInitiateConcMark (G1 Humongous Allocation) done
Event: 27.362 Executing VM operation: HandshakeAllThreads (Deoptimize)
Event: 27.362 Executing VM operation: HandshakeAllThreads (Deoptimize) done
Event: 27.410 Executing VM operation: G1PauseRemark
Event: 27.416 Executing VM operation: G1PauseRemark done
Event: 27.538 Executing VM operation: G1PauseCleanup
Event: 27.538 Executing VM operation: G1PauseCleanup done
Event: 27.575 Executing VM operation: G1CollectForAllocation (G1 Evacuation Pause)
Event: 27.582 Executing VM operation: G1CollectForAllocation (G1 Evacuation Pause) done
Event: 27.774 Executing VM operation: HandshakeAllThreads (Deoptimize)
Event: 27.774 Executing VM operation: HandshakeAllThreads (Deoptimize) done
Event: 27.877 Executing VM operation: ICBufferFull
Event: 27.877 Executing VM operation: ICBufferFull done
Event: 27.947 Executing VM operation: HandshakeAllThreads (Deoptimize)
Event: 27.947 Executing VM operation: HandshakeAllThreads (Deoptimize) done
Event: 27.955 Executing VM operation: HandshakeAllThreads (Deoptimize)
Event: 27.955 Executing VM operation: HandshakeAllThreads (Deoptimize) done
Event: 27.968 Executing VM operation: G1CollectForAllocation (G1 Evacuation Pause)

Memory protections (0 events):
No events

Nmethod flushes (20 events):
Event: 27.415 Thread 0x000001d8df58cfe0 flushing  nmethod 0x000001d8cbfc3a90
Event: 27.415 Thread 0x000001d8df58cfe0 flushing  nmethod 0x000001d8cbfc3f90
Event: 27.415 Thread 0x000001d8df58cfe0 flushing  nmethod 0x000001d8cbfc4290
Event: 27.415 Thread 0x000001d8df58cfe0 flushing  nmethod 0x000001d8cc089910
Event: 27.415 Thread 0x000001d8df58cfe0 flushing  nmethod 0x000001d8cc08ab10
Event: 27.415 Thread 0x000001d8df58cfe0 flushing  nmethod 0x000001d8cc13bc90
Event: 27.415 Thread 0x000001d8df58cfe0 flushing  nmethod 0x000001d8cc148910
Event: 27.415 Thread 0x000001d8df58cfe0 flushing  nmethod 0x000001d8cc149a90
Event: 27.415 Thread 0x000001d8df58cfe0 flushing  nmethod 0x000001d8cc14a210
Event: 27.415 Thread 0x000001d8df58cfe0 flushing  nmethod 0x000001d8cc39ed90
Event: 27.415 Thread 0x000001d8df58cfe0 flushing  nmethod 0x000001d8cc420a10
Event: 27.415 Thread 0x000001d8df58cfe0 flushing  nmethod 0x000001d8cc420f90
Event: 27.415 Thread 0x000001d8df58cfe0 flushing  nmethod 0x000001d8cc424710
Event: 27.415 Thread 0x000001d8df58cfe0 flushing  nmethod 0x000001d8cc430d90
Event: 27.415 Thread 0x000001d8df58cfe0 flushing  nmethod 0x000001d8cc979a90
Event: 27.415 Thread 0x000001d8df58cfe0 flushing  nmethod 0x000001d8cc97c490
Event: 27.415 Thread 0x000001d8df58cfe0 flushing  nmethod 0x000001d8cccc0890
Event: 27.415 Thread 0x000001d8df58cfe0 flushing  nmethod 0x000001d8cd016210
Event: 27.415 Thread 0x000001d8df58cfe0 flushing  nmethod 0x000001d8cd019690
Event: 27.415 Thread 0x000001d8df58cfe0 flushing  nmethod 0x000001d8cd01a010

Events (20 events):
Event: 25.579 Thread 0x000001d93e9b7fd0 Thread added: 0x000001d93e9bd520
Event: 26.101 Thread 0x000001d93e9bb450 Thread added: 0x000001d93e9a3120
Event: 26.101 Thread 0x000001d93e9bb450 Thread added: 0x000001d93e9a7fe0
Event: 26.102 Thread 0x000001d93e9bb450 Thread added: 0x000001d93e9a2400
Event: 26.102 Thread 0x000001d93e9bb450 Thread added: 0x000001d93e9a3e40
Event: 26.103 Thread 0x000001d93e9a3e40 Thread added: 0x000001d93e9a4b60
Event: 26.103 Thread 0x000001d93e9bb450 Thread added: 0x000001d93e9a51f0
Event: 26.103 Thread 0x000001d93e9a4b60 Thread added: 0x000001d93e9a5880
Event: 26.103 Thread 0x000001d93e9a51f0 Thread added: 0x000001d93e9a1050
Event: 26.104 Thread 0x000001d93e9a5880 Thread added: 0x000001d93e9a16e0
Event: 26.104 Thread 0x000001d93e9a1050 Thread added: 0x000001d93e9a37b0
Event: 26.104 Thread 0x000001d93e9a16e0 Thread added: 0x000001d93e9a1d70
Event: 26.104 Thread 0x000001d93e9a37b0 Thread added: 0x000001d93e9a72c0
Event: 26.104 Thread 0x000001d93e9a1d70 Thread added: 0x000001d93e9a5f10
Event: 26.104 Thread 0x000001d93e9a72c0 Thread added: 0x000001d93e9a6c30
Event: 26.105 Thread 0x000001d93e9a5f10 Thread added: 0x000001d93e9a8670
Event: 26.105 Thread 0x000001d93e9a6c30 Thread added: 0x000001d93e9a9a20
Event: 26.832 Thread 0x000001d93e9b44c0 Thread added: 0x000001d940d84c00
Event: 26.848 Thread 0x000001d93e9b44c0 Thread added: 0x000001d940d86640
Event: 26.848 Thread 0x000001d93e9b44c0 Thread added: 0x000001d940d85920


Dynamic libraries:
0x00007ff7f05f0000 - 0x00007ff7f05fe000 	C:\Users\rroob\.gradle\jdks\eclipse_adoptium-21-amd64-windows.2\bin\java.exe
0x00007ffa658b0000 - 0x00007ffa65aa8000 	C:\Windows\SYSTEM32\ntdll.dll
0x00007ffa656f0000 - 0x00007ffa657b2000 	C:\Windows\System32\KERNEL32.DLL
0x00007ffa632f0000 - 0x00007ffa635e7000 	C:\Windows\System32\KERNELBASE.dll
0x00007ffa62f50000 - 0x00007ffa63050000 	C:\Windows\System32\ucrtbase.dll
0x00007ffa34a90000 - 0x00007ffa34aa8000 	C:\Users\rroob\.gradle\jdks\eclipse_adoptium-21-amd64-windows.2\bin\jli.dll
0x00007ffa34a70000 - 0x00007ffa34a8e000 	C:\Users\rroob\.gradle\jdks\eclipse_adoptium-21-amd64-windows.2\bin\VCRUNTIME140.dll
0x00007ffa65550000 - 0x00007ffa656ed000 	C:\Windows\System32\USER32.dll
0x00007ffa635f0000 - 0x00007ffa63612000 	C:\Windows\System32\win32u.dll
0x00007ffa4fcd0000 - 0x00007ffa4ff6b000 	C:\Windows\WinSxS\amd64_microsoft.windows.common-controls_6595b64144ccf1df_6.0.19041.6926_none_60b5a53971f8f7e6\COMCTL32.dll
0x00007ffa65330000 - 0x00007ffa6535b000 	C:\Windows\System32\GDI32.dll
0x00007ffa630f0000 - 0x00007ffa6320a000 	C:\Windows\System32\gdi32full.dll
0x00007ffa650f0000 - 0x00007ffa6518e000 	C:\Windows\System32\msvcrt.dll
0x00007ffa63050000 - 0x00007ffa630ed000 	C:\Windows\System32\msvcp_win.dll
0x00007ffa639d0000 - 0x00007ffa639ff000 	C:\Windows\System32\IMM32.DLL
0x00007ffa51a20000 - 0x00007ffa51b12000 	C:\Program Files\Windhawk\Engine\1.7.3\64\windhawk.dll
0x00007ffa65360000 - 0x00007ffa65411000 	C:\Windows\System32\ADVAPI32.dll
0x00007ffa63a00000 - 0x00007ffa63a9f000 	C:\Windows\System32\sechost.dll
0x00007ffa65420000 - 0x00007ffa65546000 	C:\Windows\System32\RPCRT4.dll
0x00007ffa62f20000 - 0x00007ffa62f47000 	C:\Windows\System32\bcrypt.dll
0x00007ffa519c0000 - 0x00007ffa51a19000 	C:\ProgramData\Windhawk\Engine\Mods\64\icon-resource-redirect_1.2.4_366782.dll
0x00007ffa64ca0000 - 0x00007ffa64dcb000 	C:\Windows\System32\ole32.dll
0x00007ffa63c00000 - 0x00007ffa63f53000 	C:\Windows\System32\combase.dll
0x00007ffa64e60000 - 0x00007ffa64f36000 	C:\Windows\System32\OLEAUT32.dll
0x00007ffa63f60000 - 0x00007ffa646d1000 	C:\Windows\System32\SHELL32.dll
0x00007ffa515e0000 - 0x00007ffa51789000 	C:\ProgramData\Windhawk\Engine\Mods\64\libc++.whl
0x00007ffa515a0000 - 0x00007ffa515da000 	C:\ProgramData\Windhawk\Engine\Mods\64\libunwind.whl
0x00007ffa651a0000 - 0x00007ffa6524d000 	C:\Windows\System32\shcore.dll
0x00007ffa55ca0000 - 0x00007ffa55e54000 	C:\Windows\SYSTEM32\dui70.dll
0x00007ffa34eb0000 - 0x00007ffa34ebc000 	C:\Users\rroob\.gradle\jdks\eclipse_adoptium-21-amd64-windows.2\bin\vcruntime140_1.dll
0x00007ffa2e490000 - 0x00007ffa2e51d000 	C:\Users\rroob\.gradle\jdks\eclipse_adoptium-21-amd64-windows.2\bin\msvcp140.dll
0x00007ff9b7880000 - 0x00007ff9b8610000 	C:\Users\rroob\.gradle\jdks\eclipse_adoptium-21-amd64-windows.2\bin\server\jvm.dll
0x00007ffa647a0000 - 0x00007ffa6480b000 	C:\Windows\System32\WS2_32.dll
0x00007ffa62430000 - 0x00007ffa6247b000 	C:\Windows\SYSTEM32\POWRPROF.dll
0x00007ffa5c6c0000 - 0x00007ffa5c6ca000 	C:\Windows\SYSTEM32\VERSION.dll
0x00007ffa577d0000 - 0x00007ffa577f7000 	C:\Windows\SYSTEM32\WINMM.dll
0x00007ffa622a0000 - 0x00007ffa622b2000 	C:\Windows\SYSTEM32\UMPDC.dll
0x00007ffa60d70000 - 0x00007ffa60d82000 	C:\Windows\SYSTEM32\kernel.appcore.dll
0x00007ffa33ec0000 - 0x00007ffa33eca000 	C:\Users\rroob\.gradle\jdks\eclipse_adoptium-21-amd64-windows.2\bin\jimage.dll
0x00007ffa5b210000 - 0x00007ffa5b411000 	C:\Windows\SYSTEM32\DBGHELP.DLL
0x00007ffa3fb30000 - 0x00007ffa3fb64000 	C:\Windows\SYSTEM32\dbgcore.DLL
0x00007ffa63210000 - 0x00007ffa63292000 	C:\Windows\System32\bcryptPrimitives.dll
0x00007ffa309b0000 - 0x00007ffa309bf000 	C:\Users\rroob\.gradle\jdks\eclipse_adoptium-21-amd64-windows.2\bin\instrument.dll
0x00007ffa31900000 - 0x00007ffa3191f000 	C:\Users\rroob\.gradle\jdks\eclipse_adoptium-21-amd64-windows.2\bin\java.dll
0x00007ffa60f70000 - 0x00007ffa61716000 	C:\Windows\SYSTEM32\windows.storage.dll
0x00007ffa62860000 - 0x00007ffa6288b000 	C:\Windows\System32\Wldp.dll
0x00007ffa646e0000 - 0x00007ffa6473b000 	C:\Windows\System32\shlwapi.dll
0x00007ffa62e50000 - 0x00007ffa62e74000 	C:\Windows\SYSTEM32\profapi.dll
0x00007ffa27280000 - 0x00007ffa27357000 	C:\Users\rroob\.gradle\jdks\eclipse_adoptium-21-amd64-windows.2\bin\jsvml.dll
0x00007ffa318e0000 - 0x00007ffa318f8000 	C:\Users\rroob\.gradle\jdks\eclipse_adoptium-21-amd64-windows.2\bin\zip.dll
0x00007ffa31640000 - 0x00007ffa31650000 	C:\Users\rroob\.gradle\jdks\eclipse_adoptium-21-amd64-windows.2\bin\net.dll
0x00007ffa5be50000 - 0x00007ffa5bf5a000 	C:\Windows\SYSTEM32\WINHTTP.dll
0x00007ffa62610000 - 0x00007ffa6267a000 	C:\Windows\system32\mswsock.dll
0x00007ffa314c0000 - 0x00007ffa314d6000 	C:\Users\rroob\.gradle\jdks\eclipse_adoptium-21-amd64-windows.2\bin\nio.dll
0x00007ffa31630000 - 0x00007ffa31640000 	C:\Users\rroob\.gradle\jdks\eclipse_adoptium-21-amd64-windows.2\bin\verify.dll
0x00007ffa27020000 - 0x00007ffa27047000 	C:\Users\rroob\.gradle\native\660c5614fbf4a5f2a75b1949f50a0caf5cd603558e7d8a26e50b933a0cfb79d1\windows-amd64\native-platform.dll
0x00007ffa23de0000 - 0x00007ffa23e57000 	C:\Users\rroob\.gradle\native\0.2.8\x86_64-windows-gnu\gradle-fileevents.dll
0x00007ffa31600000 - 0x00007ffa3160a000 	C:\Users\rroob\.gradle\jdks\eclipse_adoptium-21-amd64-windows.2\bin\management.dll
0x00007ffa30ac0000 - 0x00007ffa30acb000 	C:\Users\rroob\.gradle\jdks\eclipse_adoptium-21-amd64-windows.2\bin\management_ext.dll
0x00007ffa63aa0000 - 0x00007ffa63aa8000 	C:\Windows\System32\PSAPI.DLL
0x00007ffa622c0000 - 0x00007ffa622fb000 	C:\Windows\SYSTEM32\IPHLPAPI.DLL
0x00007ffa65190000 - 0x00007ffa65198000 	C:\Windows\System32\NSI.dll
0x00007ffa30ab0000 - 0x00007ffa30ab9000 	C:\Users\rroob\.gradle\jdks\eclipse_adoptium-21-amd64-windows.2\bin\extnet.dll
0x00007ffa628a0000 - 0x00007ffa628b8000 	C:\Windows\SYSTEM32\CRYPTSP.dll
0x00007ffa61ee0000 - 0x00007ffa61f18000 	C:\Windows\system32\rsaenh.dll
0x00007ffa62dc0000 - 0x00007ffa62dee000 	C:\Windows\SYSTEM32\USERENV.dll
0x00007ffa627d0000 - 0x00007ffa627dc000 	C:\Windows\SYSTEM32\CRYPTBASE.dll
0x00007ffa2fb00000 - 0x00007ffa2fb0e000 	C:\Users\rroob\.gradle\jdks\eclipse_adoptium-21-amd64-windows.2\bin\sunmscapi.dll
0x00007ffa636a0000 - 0x00007ffa637fd000 	C:\Windows\System32\CRYPT32.dll
0x00007ffa629b0000 - 0x00007ffa629d7000 	C:\Windows\SYSTEM32\ncrypt.dll
0x00007ffa62970000 - 0x00007ffa629ab000 	C:\Windows\SYSTEM32\NTASN1.dll
0x00007ffa057f0000 - 0x00007ffa057f7000 	C:\Windows\system32\wshunix.dll
0x00007ffa62130000 - 0x00007ffa62163000 	C:\Windows\SYSTEM32\ntmarta.dll

dbghelp: loaded successfully - version: 4.0.5 - missing functions: none
symbol engine: initialized successfully - sym options: 0x614 - pdb path: .;C:\Users\rroob\.gradle\jdks\eclipse_adoptium-21-amd64-windows.2\bin;C:\Windows\SYSTEM32;C:\Windows\WinSxS\amd64_microsoft.windows.common-controls_6595b64144ccf1df_6.0.19041.6926_none_60b5a53971f8f7e6;C:\Program Files\Windhawk\Engine\1.7.3\64;C:\ProgramData\Windhawk\Engine\Mods\64;C:\Users\rroob\.gradle\jdks\eclipse_adoptium-21-amd64-windows.2\bin\server;C:\Users\rroob\.gradle\native\660c5614fbf4a5f2a75b1949f50a0caf5cd603558e7d8a26e50b933a0cfb79d1\windows-amd64;C:\Users\rroob\.gradle\native\0.2.8\x86_64-windows-gnu

VM Arguments:
jvm_args: --add-opens=java.base/java.lang=ALL-UNNAMED --add-opens=java.base/java.lang.invoke=ALL-UNNAMED --add-opens=java.base/java.util=ALL-UNNAMED --add-opens=java.prefs/java.util.prefs=ALL-UNNAMED --add-exports=jdk.compiler/com.sun.tools.javac.api=ALL-UNNAMED --add-exports=jdk.compiler/com.sun.tools.javac.util=ALL-UNNAMED --add-opens=java.base/java.util=ALL-UNNAMED --add-opens=java.prefs/java.util.prefs=ALL-UNNAMED --add-opens=java.base/java.nio.charset=ALL-UNNAMED --add-opens=java.base/java.net=ALL-UNNAMED --add-opens=java.base/java.util.concurrent=ALL-UNNAMED --add-opens=java.base/java.util.concurrent.atomic=ALL-UNNAMED --add-opens=java.xml/javax.xml.namespace=ALL-UNNAMED --add-opens=java.base/java.time=ALL-UNNAMED -Xmx2048m -Dfile.encoding=UTF-8 -Duser.country=US -Duser.language=en -Duser.variant -javaagent:C:\Users\rroob\.gradle\wrapper\dists\gradle-9.3.1-bin\23ovyewtku6u96viwx3xl3oks\gradle-9.3.1\lib\agents\gradle-instrumentation-agent-9.3.1.jar 
java_command: org.gradle.launcher.daemon.bootstrap.GradleDaemon 9.3.1
java_class_path (initial): C:\Users\rroob\.gradle\wrapper\dists\gradle-9.3.1-bin\23ovyewtku6u96viwx3xl3oks\gradle-9.3.1\lib\gradle-daemon-main-9.3.1.jar
Launcher Type: SUN_STANDARD

[Global flags]
     intx CICompilerCount                          = 12                                        {product} {ergonomic}
     uint ConcGCThreads                            = 3                                         {product} {ergonomic}
     uint G1ConcRefinementThreads                  = 13                                        {product} {ergonomic}
   size_t G1HeapRegionSize                         = 1048576                                   {product} {ergonomic}
    uintx GCDrainStackTargetSize                   = 64                                        {product} {ergonomic}
   size_t InitialHeapSize                          = 536870912                                 {product} {ergonomic}
   size_t MarkStackSize                            = 4194304                                   {product} {ergonomic}
   size_t MaxHeapSize                              = 2147483648                                {product} {command line}
   size_t MaxNewSize                               = 1287651328                                {product} {ergonomic}
   size_t MinHeapDeltaBytes                        = 1048576                                   {product} {ergonomic}
   size_t MinHeapSize                              = 8388608                                   {product} {ergonomic}
    uintx NonNMethodCodeHeapSize                   = 7602480                                {pd product} {ergonomic}
    uintx NonProfiledCodeHeapSize                  = 122027880                              {pd product} {ergonomic}
    uintx ProfiledCodeHeapSize                     = 122027880                              {pd product} {ergonomic}
    uintx ReservedCodeCacheSize                    = 251658240                              {pd product} {ergonomic}
     bool SegmentedCodeCache                       = true                                      {product} {ergonomic}
   size_t SoftMaxHeapSize                          = 2147483648                             {manageable} {ergonomic}
     bool UseCompressedOops                        = true                           {product lp64_product} {ergonomic}
     bool UseG1GC                                  = true                                      {product} {ergonomic}
     bool UseLargePagesIndividualAllocation        = false                                  {pd product} {ergonomic}

Logging:
Log output configuration:
 #0: stdout all=warning uptime,level,tags foldmultilines=false
 #1: stderr all=off uptime,level,tags foldmultilines=false

Environment Variables:
PATH=c:\python314\Scripts;H:\Microsoft VS Code;C:\Python314\Scripts\;C:\Python314\;C:\Program Files (x86)\Common Files\Oracle\Java\javapath;C:\Windows\system32;C:\Windows;C:\Windows\System32\Wbem;C:\Windows\System32\WindowsPowerShell\v1.0\;C:\Windows\System32\OpenSSH\;C:\Program Files (x86)\NVIDIA Corporation\PhysX\Common;C:\Program Files\dotnet\;C:\Program Files\NVIDIA Corporation\NVIDIA app\NvDLISR;C:\Program Files\Docker\Docker\resources\bin;C:\ProgramData\chocolatey\bin;C:\Program Files\Git\cmd;H:\nodejs;C:\Program Files\Tailscale\;H:\nodejs\;H:\Github CLI\;C:\Users\rroob\AppData\Local\Programs\Python\Python313\Scripts\;C:\Users\rroob\AppData\Local\Programs\Python\Python313\;C:\Users\rroob\AppData\Local\Microsoft\WindowsApps;C:\Users\rroob\AppData\Local\Muse Hub\lib;C:\Users\rroob\AppData\Local\PowerToys\DSCModules\;H:\Microsoft VS Code\bin;C:\Users\rroob\AppData\Roaming\npm
USERNAME=rroob
OS=Windows_NT
PROCESSOR_IDENTIFIER=AMD64 Family 25 Model 33 Stepping 2, AuthenticAMD
TMP=C:\Users\rroob\AppData\Local\Temp
TEMP=C:\Users\rroob\AppData\Local\Temp




Periodic native trim disabled

---------------  S Y S T E M  ---------------

OS:
 Windows 10 , 64 bit Build 19041 (10.0.19041.7181)
OS uptime: 0 days 7:31 hours
Hyper-V role detected

CPU: total 16 (initial active 16) (16 cores per cpu, 2 threads per core) family 25 model 33 stepping 2 microcode 0x0, cx8, cmov, fxsr, ht, mmx, 3dnowpref, sse, sse2, sse3, ssse3, sse4a, sse4.1, sse4.2, popcnt, lzcnt, tsc, tscinvbit, avx, avx2, aes, erms, clmul, bmi1, bmi2, adx, sha, fma, vzeroupper, clflush, clflushopt, hv, rdtscp, rdpid, fsrm, f16c, cet_ss
Processor Information for the first 16 processors :
  Max Mhz: 3401, Current Mhz: 3401, Mhz Limit: 3401

Memory: 4k page, system-wide physical 32687M (5068M free)
TotalPageFile size 32687M (AvailPageFile size 414M)
current process WorkingSet (physical memory assigned to process): 1331M, peak: 1331M
current process commit charge ("private bytes"): 1389M, peak: 1821M

vm_info: OpenJDK 64-Bit Server VM (21.0.7+6-LTS) for windows-amd64 JRE (21.0.7+6-LTS), built on 2025-04-15T00:00:00Z by "admin" with MS VC++ 17.7 (VS2022)

END.
