#
# There is insufficient memory for the Java Runtime Environment to continue.
# Native memory allocation (malloc) failed to allocate 1672336 bytes. Error detail: Chunk::new
# Possible reasons:
#   The system is out of physical RAM or swap space
#   This process is running with CompressedOops enabled, and the Java Heap may be blocking the growth of the native heap
# Possible solutions:
#   Reduce memory load on the system
#   Increase physical memory or swap space
#   Check if swap backing store is full
#   Decrease Java heap size (-Xmx/-Xms)
#   Decrease number of Java threads
#   Decrease Java thread stack sizes (-Xss)
#   Set larger code cache with -XX:ReservedCodeCacheSize=
#   JVM is running with Unscaled Compressed Oops mode in which the Java heap is
#     placed in the first 4GB address space. The Java Heap base address is the
#     maximum limit for the native heap growth. Please use -XX:HeapBaseMinAddress
#     to set the Java Heap base and to place the Java Heap above 4GB virtual address.
# This output file may be truncated or incomplete.
#
#  Out of Memory Error (arena.cpp:168), pid=27152, tid=28048
#
# JRE version: OpenJDK Runtime Environment Temurin-21.0.7+6 (21.0.7+6) (build 21.0.7+6-LTS)
# Java VM: OpenJDK 64-Bit Server VM Temurin-21.0.7+6 (21.0.7+6-LTS, mixed mode, sharing, tiered, compressed oops, compressed class ptrs, g1 gc, windows-amd64)
# No core dump will be written. Minidumps are not enabled by default on client versions of Windows
#

---------------  S U M M A R Y ------------

Command Line: --add-opens=java.base/java.lang=ALL-UNNAMED --add-opens=java.base/java.lang.invoke=ALL-UNNAMED --add-opens=java.base/java.util=ALL-UNNAMED --add-opens=java.prefs/java.util.prefs=ALL-UNNAMED --add-exports=jdk.compiler/com.sun.tools.javac.api=ALL-UNNAMED --add-exports=jdk.compiler/com.sun.tools.javac.util=ALL-UNNAMED --add-opens=java.base/java.util=ALL-UNNAMED --add-opens=java.prefs/java.util.prefs=ALL-UNNAMED --add-opens=java.base/java.nio.charset=ALL-UNNAMED --add-opens=java.base/java.net=ALL-UNNAMED --add-opens=java.base/java.util.concurrent=ALL-UNNAMED --add-opens=java.base/java.util.concurrent.atomic=ALL-UNNAMED --add-opens=java.xml/javax.xml.namespace=ALL-UNNAMED --add-opens=java.base/java.time=ALL-UNNAMED -Xmx2048m -Dfile.encoding=UTF-8 -Duser.country=US -Duser.language=en -Duser.variant -javaagent:C:\Users\rroob\.gradle\wrapper\dists\gradle-9.3.1-bin\23ovyewtku6u96viwx3xl3oks\gradle-9.3.1\lib\agents\gradle-instrumentation-agent-9.3.1.jar org.gradle.launcher.daemon.bootstrap.GradleDaemon 9.3.1

Host: AMD Ryzen 7 5700X 8-Core Processor             , 16 cores, 31G,  Windows 10 , 64 bit Build 19041 (10.0.19041.7181)
Time: Tue May  5 21:03:56 2026 GTB Daylight Time elapsed time: 1895.437814 seconds (0d 0h 31m 35s)

---------------  T H R E A D  ---------------

Current thread (0x0000018570da4370):  JavaThread "C2 CompilerThread6" daemon [_thread_in_native, id=28048, stack(0x000000696fd00000,0x000000696fe00000) (1024K)]


Current CompileTask:
C2:1895437 47656       4       com.android.tools.r8.internal.m91::a (2684 bytes)

Stack: [0x000000696fd00000,0x000000696fe00000]
Native frames: (J=compiled Java code, j=interpreted, Vv=VM code, C=native code)
V  [jvm.dll+0x6ce119]
V  [jvm.dll+0x8a84a1]
V  [jvm.dll+0x8aa9ce]
V  [jvm.dll+0x8ab0b3]
V  [jvm.dll+0x27f8a6]
V  [jvm.dll+0xc507d]
V  [jvm.dll+0xc55b3]
V  [jvm.dll+0x3b68f2]
V  [jvm.dll+0x382aa5]
V  [jvm.dll+0x381f0a]
V  [jvm.dll+0x247af0]
V  [jvm.dll+0x2470cf]
V  [jvm.dll+0x1c760e]
V  [jvm.dll+0x25695a]
V  [jvm.dll+0x254efa]
V  [jvm.dll+0x3f03f6]
V  [jvm.dll+0x851f6b]
V  [jvm.dll+0x6cc7dd]
C  [ucrtbase.dll+0x21bb2]
C  [KERNEL32.DLL+0x17374]
C  [ntdll.dll+0x4cc91]


---------------  P R O C E S S  ---------------

Threads class SMR info:
_java_thread_list=0x0000018500b87fc0, length=258, elements={
0x000001850b0c85c0, 0x000001852893ec40, 0x000001852893f790, 0x0000018528944300,
0x0000018528944d50, 0x000001852894b880, 0x000001852894a4d0, 0x0000018528951b80,
0x000001852895d790, 0x000001852894bf10, 0x00000185289497b0, 0x000001852894ab60,
0x0000018528948a90, 0x000001852894b1f0, 0x000001856fa265d0, 0x000001856fa2ced0,
0x000001856fa28d30, 0x000001856fa29a50, 0x000001856fa2c1b0, 0x0000018574571280,
0x0000018574570bf0, 0x0000018576c751d0, 0x000001856e7e4440, 0x000001856e7dd4b0,
0x000001856e7e3db0, 0x000001856e7e4ad0, 0x000001856e7ec0f0, 0x0000018578fbbd40,
0x0000018578fb8230, 0x0000018578d91610, 0x0000018502db1f90, 0x0000018571cdaee0,
0x000001857190ac40, 0x000001857f7815f0, 0x00000185744670d0, 0x00000185719a57b0,
0x0000018576dacb30, 0x0000018576dae570, 0x0000018576da8300, 0x0000018576da96b0,
0x000001856e749210, 0x000001856e7498a0, 0x000001856e74ac50, 0x0000018574d99eb0,
0x00000185719a5e40, 0x00000185719a5120, 0x00000185719a1610, 0x00000185719aba20,
0x00000185719afbc0, 0x00000185719aa670, 0x00000185719af530, 0x00000185719ad460,
0x00000185719adaf0, 0x00000185719ac0b0, 0x00000185719ac740, 0x00000185719ae180,
0x00000185719ae810, 0x00000185719a8c30, 0x00000185719aeea0, 0x00000185719b0250,
0x00000185719a92c0, 0x00000185719b08e0, 0x00000185719a9950, 0x00000185719b0f70,
0x00000185719a9fe0, 0x00000185719b1600, 0x00000185719b1c90, 0x00000185719aad00,
0x00000185719b2320, 0x00000185719ab390, 0x00000185719b3040, 0x00000185719b8590,
0x00000185719b36d0, 0x00000185719b6b50, 0x00000185719b3d60, 0x00000185719b7870,
0x00000185719b9940, 0x00000185719b29b0, 0x00000185719b5110, 0x00000185719b43f0,
0x00000185719b9fd0, 0x00000185719b4a80, 0x00000185719b57a0, 0x00000185719b5e30,
0x00000185719b64c0, 0x0000018502db1900, 0x0000018502db0be0, 0x0000018502db1270,
0x0000018502db2620, 0x0000018502daf1a0, 0x0000018502daf830, 0x0000018502dafec0,
0x0000018502db0550, 0x000001850402fb80, 0x0000018504030f30, 0x00000185040315c0,
0x0000018504031c50, 0x0000018504030210, 0x000001850402ee60, 0x000001850402e7d0,
0x000001856e17a2d0, 0x0000018575fbf9c0, 0x0000018575fbbc70, 0x0000018575fc0090,
0x0000018575fc0760, 0x0000018575fbde80, 0x0000018575fc1500, 0x0000018574466a40,
0x0000018574467760, 0x00000185744691a0, 0x0000018574d99190, 0x0000018574d98b00,
0x0000018574d97750, 0x0000018574d970c0, 0x0000018574d97de0, 0x0000018574d99820,
0x000001857fba78f0, 0x000001857fba7f80, 0x000001857fba8610, 0x000001857fba99c0,
0x000001857fba8ca0, 0x000001857fbaa050, 0x0000018575fbe550, 0x000001857ed53a80,
0x000001857ed519b0, 0x000001857ee90b20, 0x000001857fba7260, 0x000001857fba6bd0,
0x000001857edc9c40, 0x000001857edcb680, 0x000001857edcbd10, 0x000001857edca960,
0x000001857edcaff0, 0x000001857edcc3a0, 0x000001857edc95b0, 0x000001857edc8f20,
0x00000185031cdcb0, 0x0000018572ed1d10, 0x0000018572ed23a0, 0x0000018572ed1680,
0x0000018572ed6bd0, 0x0000018574468480, 0x000001856e17c3a0, 0x000001856e17f820,
0x000001856e17f190, 0x00000185721b71d0, 0x0000018576b8f0d0, 0x0000018576b8f760,
0x0000018576b8e3b0, 0x0000018576b8fdf0, 0x0000018576b911a0, 0x0000018576b90480,
0x0000018575f128f0, 0x0000018575f15d70, 0x0000018575f156e0, 0x0000018575f149c0,
0x0000018575f12f80, 0x0000018575f15050, 0x0000018575f13610, 0x0000018575f13ca0,
0x0000018574468b10, 0x0000018572ed30c0, 0x00000185044b7c60, 0x00000185044b5b90,
0x00000185044b9010, 0x00000185044b6f40, 0x00000185044b82f0, 0x00000185044b8980,
0x00000185044b6220, 0x00000185731532f0, 0x0000018573154010, 0x0000018573153980,
0x0000018573151f40, 0x00000185719b71e0, 0x0000018575f14330, 0x00000185786e8d30,
0x00000185786e8010, 0x0000018570da13c0, 0x00000185731555f0, 0x00000185719bba10,
0x00000185719bdae0, 0x0000018573155c80, 0x000001857f1c80d0, 0x000001857f1c9b10,
0x000001857f1c8760, 0x000001857f1c8df0, 0x00000185789e4270, 0x00000185789e5cb0,
0x00000185789e4f90, 0x00000185789e4900, 0x00000185789e69d0, 0x00000185789e7060,
0x00000185789e5620, 0x0000018574465d20, 0x00000185744663b0, 0x000001857975fc50,
0x00000185789e6340, 0x0000018500b70cb0, 0x0000018500b726f0, 0x0000018500b71340,
0x000001856e74b2e0, 0x000001856e7484f0, 0x0000018570da4370, 0x0000018570da1a90,
0x00000185749181e0, 0x0000018574918f00, 0x000001857491a940, 0x0000018574919590,
0x000001857491a2b0, 0x0000018574918870, 0x0000018574919c20, 0x000001857ebb1000,
0x000001857ebb6550, 0x000001857ebb6be0, 0x000001857ebb7900, 0x000001857ebb0970,
0x000001857ebb4480, 0x000001857ebb1690, 0x000001857ed533f0, 0x000001857ecde4c0,
0x000001857ecdeb50, 0x000001857ecdff00, 0x000001857ece0590, 0x000001857ece0c20,
0x000001857ecdd7a0, 0x0000018575d35360, 0x0000018575d359f0, 0x0000018575d34640,
0x0000018575d36080, 0x0000018578d91ca0, 0x0000018578d92330, 0x0000018578d908f0,
0x0000018578d929c0, 0x0000018578d93050, 0x0000018578d936e0, 0x00000185031ce340,
0x00000185031cb550, 0x00000185031ce9d0, 0x00000185031cbbe0, 0x00000185031cc270,
0x00000185031cc900, 0x000001857fea7410, 0x000001857fea8e50, 0x000001857fea66f0,
0x000001857ed52d60, 0x000001857ed54110, 0x0000018578d93d70, 0x0000018571732db0,
0x0000018571734e80, 0x0000018571733ad0, 0x0000018571735510, 0x0000018571733440,
0x0000018571734160, 0x00000185717347f0, 0x0000018570b26550, 0x0000018570b24b10,
0x0000018570b25830, 0x00000185719a2330
}

Java Threads: ( => current thread )
  0x000001850b0c85c0 JavaThread "main"                              [_thread_blocked, id=32032, stack(0x0000006962300000,0x0000006962400000) (1024K)]
  0x000001852893ec40 JavaThread "Reference Handler"          daemon [_thread_blocked, id=2816, stack(0x0000006962b00000,0x0000006962c00000) (1024K)]
  0x000001852893f790 JavaThread "Finalizer"                  daemon [_thread_blocked, id=13820, stack(0x0000006962c00000,0x0000006962d00000) (1024K)]
  0x0000018528944300 JavaThread "Signal Dispatcher"          daemon [_thread_blocked, id=29484, stack(0x0000006962d00000,0x0000006962e00000) (1024K)]
  0x0000018528944d50 JavaThread "Attach Listener"            daemon [_thread_blocked, id=34376, stack(0x0000006962e00000,0x0000006962f00000) (1024K)]
  0x000001852894b880 JavaThread "Service Thread"             daemon [_thread_blocked, id=33528, stack(0x0000006962f00000,0x0000006963000000) (1024K)]
  0x000001852894a4d0 JavaThread "Monitor Deflation Thread"   daemon [_thread_blocked, id=21148, stack(0x0000006963000000,0x0000006963100000) (1024K)]
  0x0000018528951b80 JavaThread "C2 CompilerThread0"         daemon [_thread_in_native, id=27664, stack(0x0000006963100000,0x0000006963200000) (1024K)]
  0x000001852895d790 JavaThread "C1 CompilerThread0"         daemon [_thread_blocked, id=6712, stack(0x0000006963200000,0x0000006963300000) (1024K)]
  0x000001852894bf10 JavaThread "Common-Cleaner"             daemon [_thread_blocked, id=26296, stack(0x0000006963400000,0x0000006963500000) (1024K)]
  0x00000185289497b0 JavaThread "Notification Thread"        daemon [_thread_blocked, id=26088, stack(0x0000006963600000,0x0000006963700000) (1024K)]
  0x000001852894ab60 JavaThread "Daemon health stats"               [_thread_blocked, id=21428, stack(0x0000006964700000,0x0000006964800000) (1024K)]
  0x0000018528948a90 JavaThread "Incoming local TCP Connector on port 62870"        [_thread_in_native, id=34192, stack(0x0000006964800000,0x0000006964900000) (1024K)]
  0x000001852894b1f0 JavaThread "Daemon periodic checks"            [_thread_blocked, id=29124, stack(0x0000006964900000,0x0000006964a00000) (1024K)]
  0x000001856fa265d0 JavaThread "Cache worker for journal cache (C:\Users\rroob\.gradle\caches\journal-1)"        [_thread_blocked, id=23760, stack(0x0000006965100000,0x0000006965200000) (1024K)]
  0x000001856fa2ced0 JavaThread "File lock request listener"        [_thread_in_native, id=24068, stack(0x0000006965200000,0x0000006965300000) (1024K)]
  0x000001856fa28d30 JavaThread "Cache worker for file hash cache (C:\Users\rroob\.gradle\caches\9.3.1\fileHashes)"        [_thread_blocked, id=24872, stack(0x0000006965300000,0x0000006965400000) (1024K)]
  0x000001856fa29a50 JavaThread "File watcher server"        daemon [_thread_in_native, id=22428, stack(0x0000006965900000,0x0000006965a00000) (1024K)]
  0x000001856fa2c1b0 JavaThread "File watcher consumer"      daemon [_thread_blocked, id=12096, stack(0x0000006965a00000,0x0000006965b00000) (1024K)]
  0x0000018574571280 JavaThread "Cache worker for file content cache (C:\Users\rroob\.gradle\caches\9.3.1\fileContent)"        [_thread_blocked, id=34536, stack(0x0000006965c00000,0x0000006965d00000) (1024K)]
  0x0000018574570bf0 JavaThread "Memory manager"                    [_thread_blocked, id=31832, stack(0x0000006969200000,0x0000006969300000) (1024K)]
  0x0000018576c751d0 JavaThread "Cache worker for Java compile cache (C:\Users\rroob\.gradle\caches\9.3.1\javaCompile)"        [_thread_blocked, id=26804, stack(0x000000696dc00000,0x000000696dd00000) (1024K)]
  0x000001856e7e4440 JavaThread "RMI Scheduler(0)"           daemon [_thread_blocked, id=34776, stack(0x0000006966200000,0x0000006966300000) (1024K)]
  0x000001856e7dd4b0 JavaThread "RMI GC Daemon"              daemon [_thread_blocked, id=16460, stack(0x0000006967d00000,0x0000006967e00000) (1024K)]
  0x000001856e7e3db0 JavaThread "RMI TCP Accept-0"           daemon [_thread_in_native, id=11020, stack(0x000000696a000000,0x000000696a100000) (1024K)]
  0x000001856e7e4ad0 JavaThread "RMI Reaper"                        [_thread_blocked, id=26616, stack(0x0000006970800000,0x0000006970900000) (1024K)]
  0x000001856e7ec0f0 JavaThread "ForkJoinPool.commonPool-worker-21" daemon [_thread_blocked, id=25048, stack(0x0000006974a00000,0x0000006974b00000) (1024K)]
  0x0000018578fbbd40 JavaThread "ForkJoinPool.commonPool-worker-23" daemon [_thread_blocked, id=27856, stack(0x0000006974300000,0x0000006974400000) (1024K)]
  0x0000018578fb8230 JavaThread "ForkJoinPool.commonPool-worker-24" daemon [_thread_blocked, id=30432, stack(0x0000006974600000,0x0000006974700000) (1024K)]
  0x0000018578d91610 JavaThread "ForkJoinPool.commonPool-worker-27" daemon [_thread_blocked, id=33836, stack(0x0000006974c00000,0x0000006974d00000) (1024K)]
  0x0000018502db1f90 JavaThread "ForkJoinPool.commonPool-worker-29" daemon [_thread_blocked, id=11840, stack(0x0000006974100000,0x0000006974200000) (1024K)]
  0x0000018571cdaee0 JavaThread "ForkJoinPool.commonPool-worker-34" daemon [_thread_blocked, id=8452, stack(0x000000696ec00000,0x000000696ed00000) (1024K)]
  0x000001857190ac40 JavaThread "ForkJoinPool.commonPool-worker-35" daemon [_thread_blocked, id=15492, stack(0x000000696ed00000,0x000000696ee00000) (1024K)]
  0x000001857f7815f0 JavaThread "ForkJoinPool.commonPool-worker-36" daemon [_thread_blocked, id=29764, stack(0x000000696ee00000,0x000000696ef00000) (1024K)]
  0x00000185744670d0 JavaThread "Daemon Thread 9"                   [_thread_blocked, id=33092, stack(0x0000006961f00000,0x0000006962000000) (1024K)]
  0x00000185719a57b0 JavaThread "Daemon worker Thread 9"            [_thread_blocked, id=11992, stack(0x0000006963300000,0x0000006963400000) (1024K)]
  0x0000018576dacb30 JavaThread "jar transforms"                    [_thread_blocked, id=17228, stack(0x0000006964600000,0x0000006964700000) (1024K)]
  0x0000018576dae570 JavaThread "jar transforms Thread 2"           [_thread_blocked, id=16084, stack(0x0000006964a00000,0x0000006964b00000) (1024K)]
  0x0000018576da8300 JavaThread "jar transforms Thread 3"           [_thread_blocked, id=17812, stack(0x0000006964e00000,0x0000006964f00000) (1024K)]
  0x0000018576da96b0 JavaThread "jar transforms Thread 4"           [_thread_blocked, id=9144, stack(0x0000006965e00000,0x0000006965f00000) (1024K)]
  0x000001856e749210 JavaThread "VFS cleanup Thread 9"              [_thread_blocked, id=34512, stack(0x0000006963500000,0x0000006963600000) (1024K)]
  0x000001856e7498a0 JavaThread "Handler for socket connection from /127.0.0.1:62870 to /127.0.0.1:51078"        [_thread_in_native, id=25516, stack(0x0000006962000000,0x0000006962100000) (1024K)]
  0x000001856e74ac50 JavaThread "Cancel handler"                    [_thread_blocked, id=10808, stack(0x0000006962100000,0x0000006962200000) (1024K)]
  0x0000018574d99eb0 JavaThread "Asynchronous log dispatcher for DefaultDaemonConnection: socket connection from /127.0.0.1:62870 to /127.0.0.1:51078"        [_thread_blocked, id=18868, stack(0x0000006963700000,0x0000006963800000) (1024K)]
  0x00000185719a5e40 JavaThread "Stdin handler"                     [_thread_blocked, id=25304, stack(0x0000006963800000,0x0000006963900000) (1024K)]
  0x00000185719a5120 JavaThread "Daemon client event forwarder"        [_thread_blocked, id=5088, stack(0x0000006964400000,0x0000006964500000) (1024K)]
  0x00000185719a1610 JavaThread "Cache worker for file hash cache (H:\Android_Projects\QAlarm\.gradle\9.3.1\fileHashes)"        [_thread_blocked, id=27712, stack(0x0000006964500000,0x0000006964600000) (1024K)]
  0x00000185719aba20 JavaThread "Cache worker for Build Output Cleanup Cache (H:\Android_Projects\QAlarm\.gradle\buildOutputCleanup)"        [_thread_blocked, id=24904, stack(0x0000006964b00000,0x0000006964c00000) (1024K)]
  0x00000185719afbc0 JavaThread "Cache worker for checksums cache (H:\Android_Projects\QAlarm\.gradle\9.3.1\checksums)"        [_thread_blocked, id=13260, stack(0x0000006964c00000,0x0000006964d00000) (1024K)]
  0x00000185719aa670 JavaThread "Cache worker for cache directory md-supplier (C:\Users\rroob\.gradle\caches\9.3.1\md-supplier)"        [_thread_blocked, id=16720, stack(0x0000006964d00000,0x0000006964e00000) (1024K)]
  0x00000185719af530 JavaThread "Cache worker for cache directory md-rule (C:\Users\rroob\.gradle\caches\9.3.1\md-rule)"        [_thread_blocked, id=23856, stack(0x0000006964f00000,0x0000006965000000) (1024K)]
  0x00000185719ad460 JavaThread "Unconstrained build operations"        [_thread_blocked, id=20980, stack(0x0000006965000000,0x0000006965100000) (1024K)]
  0x00000185719adaf0 JavaThread "Unconstrained build operations Thread 2"        [_thread_blocked, id=19940, stack(0x0000006965700000,0x0000006965800000) (1024K)]
  0x00000185719ac0b0 JavaThread "Unconstrained build operations Thread 3"        [_thread_blocked, id=18164, stack(0x0000006965d00000,0x0000006965e00000) (1024K)]
  0x00000185719ac740 JavaThread "Unconstrained build operations Thread 4"        [_thread_blocked, id=17448, stack(0x0000006965f00000,0x0000006966000000) (1024K)]
  0x00000185719ae180 JavaThread "Unconstrained build operations Thread 5"        [_thread_blocked, id=19764, stack(0x0000006966000000,0x0000006966100000) (1024K)]
  0x00000185719ae810 JavaThread "Unconstrained build operations Thread 6"        [_thread_in_Java, id=30848, stack(0x0000006966100000,0x0000006966200000) (1024K)]
  0x00000185719a8c30 JavaThread "Unconstrained build operations Thread 7"        [_thread_blocked, id=3068, stack(0x0000006966300000,0x0000006966400000) (1024K)]
  0x00000185719aeea0 JavaThread "Unconstrained build operations Thread 8"        [_thread_blocked, id=25164, stack(0x0000006966400000,0x0000006966500000) (1024K)]
  0x00000185719b0250 JavaThread "Unconstrained build operations Thread 9"        [_thread_blocked, id=5156, stack(0x0000006966500000,0x0000006966600000) (1024K)]
  0x00000185719a92c0 JavaThread "Unconstrained build operations Thread 10"        [_thread_blocked, id=33300, stack(0x0000006966600000,0x0000006966700000) (1024K)]
  0x00000185719b08e0 JavaThread "Unconstrained build operations Thread 11"        [_thread_blocked, id=26428, stack(0x0000006966700000,0x0000006966800000) (1024K)]
  0x00000185719a9950 JavaThread "Unconstrained build operations Thread 12"        [_thread_blocked, id=27560, stack(0x0000006966800000,0x0000006966900000) (1024K)]
  0x00000185719b0f70 JavaThread "Unconstrained build operations Thread 13"        [_thread_blocked, id=17936, stack(0x0000006966900000,0x0000006966a00000) (1024K)]
  0x00000185719a9fe0 JavaThread "Unconstrained build operations Thread 14"        [_thread_blocked, id=2492, stack(0x0000006966a00000,0x0000006966b00000) (1024K)]
  0x00000185719b1600 JavaThread "Unconstrained build operations Thread 15"        [_thread_blocked, id=9072, stack(0x0000006966b00000,0x0000006966c00000) (1024K)]
  0x00000185719b1c90 JavaThread "Unconstrained build operations Thread 16"        [_thread_blocked, id=34304, stack(0x0000006966c00000,0x0000006966d00000) (1024K)]
  0x00000185719aad00 JavaThread "Unconstrained build operations Thread 17"        [_thread_blocked, id=6788, stack(0x0000006966d00000,0x0000006966e00000) (1024K)]
  0x00000185719b2320 JavaThread "Unconstrained build operations Thread 18"        [_thread_blocked, id=28128, stack(0x0000006966e00000,0x0000006966f00000) (1024K)]
  0x00000185719ab390 JavaThread "Unconstrained build operations Thread 19"        [_thread_blocked, id=4124, stack(0x0000006966f00000,0x0000006967000000) (1024K)]
  0x00000185719b3040 JavaThread "Unconstrained build operations Thread 20"        [_thread_blocked, id=26172, stack(0x0000006967000000,0x0000006967100000) (1024K)]
  0x00000185719b8590 JavaThread "Unconstrained build operations Thread 21"        [_thread_blocked, id=25796, stack(0x0000006967100000,0x0000006967200000) (1024K)]
  0x00000185719b36d0 JavaThread "Unconstrained build operations Thread 22"        [_thread_blocked, id=29584, stack(0x0000006967200000,0x0000006967300000) (1024K)]
  0x00000185719b6b50 JavaThread "Unconstrained build operations Thread 23"        [_thread_blocked, id=10044, stack(0x0000006967300000,0x0000006967400000) (1024K)]
  0x00000185719b3d60 JavaThread "Unconstrained build operations Thread 24"        [_thread_blocked, id=31252, stack(0x0000006967400000,0x0000006967500000) (1024K)]
  0x00000185719b7870 JavaThread "Unconstrained build operations Thread 25"        [_thread_blocked, id=21016, stack(0x0000006967500000,0x0000006967600000) (1024K)]
  0x00000185719b9940 JavaThread "Unconstrained build operations Thread 26"        [_thread_blocked, id=16812, stack(0x0000006967600000,0x0000006967700000) (1024K)]
  0x00000185719b29b0 JavaThread "Unconstrained build operations Thread 27"        [_thread_blocked, id=21336, stack(0x0000006967700000,0x0000006967800000) (1024K)]
  0x00000185719b5110 JavaThread "Unconstrained build operations Thread 28"        [_thread_blocked, id=31992, stack(0x0000006967800000,0x0000006967900000) (1024K)]
  0x00000185719b43f0 JavaThread "Unconstrained build operations Thread 29"        [_thread_blocked, id=25332, stack(0x0000006967900000,0x0000006967a00000) (1024K)]
  0x00000185719b9fd0 JavaThread "Unconstrained build operations Thread 30"        [_thread_blocked, id=3676, stack(0x0000006967a00000,0x0000006967b00000) (1024K)]
  0x00000185719b4a80 JavaThread "Unconstrained build operations Thread 31"        [_thread_blocked, id=22520, stack(0x0000006967b00000,0x0000006967c00000) (1024K)]
  0x00000185719b57a0 JavaThread "Unconstrained build operations Thread 32"        [_thread_blocked, id=26660, stack(0x0000006967c00000,0x0000006967d00000) (1024K)]
  0x00000185719b5e30 JavaThread "build event listener"              [_thread_blocked, id=19144, stack(0x0000006967e00000,0x0000006967f00000) (1024K)]
  0x00000185719b64c0 JavaThread "included builds"                   [_thread_blocked, id=8248, stack(0x0000006967f00000,0x0000006968000000) (1024K)]
  0x0000018502db1900 JavaThread "Execution worker"                  [_thread_blocked, id=8776, stack(0x0000006968000000,0x0000006968100000) (1024K)]
  0x0000018502db0be0 JavaThread "Execution worker Thread 2"         [_thread_blocked, id=22092, stack(0x0000006968100000,0x0000006968200000) (1024K)]
  0x0000018502db1270 JavaThread "Execution worker Thread 3"         [_thread_blocked, id=29048, stack(0x0000006968200000,0x0000006968300000) (1024K)]
  0x0000018502db2620 JavaThread "Execution worker Thread 4"         [_thread_blocked, id=29940, stack(0x0000006968300000,0x0000006968400000) (1024K)]
  0x0000018502daf1a0 JavaThread "Execution worker Thread 5"         [_thread_blocked, id=30620, stack(0x0000006968400000,0x0000006968500000) (1024K)]
  0x0000018502daf830 JavaThread "Execution worker Thread 6"         [_thread_blocked, id=27896, stack(0x0000006968700000,0x0000006968800000) (1024K)]
  0x0000018502dafec0 JavaThread "Execution worker Thread 7"         [_thread_blocked, id=15588, stack(0x0000006968800000,0x0000006968900000) (1024K)]
  0x0000018502db0550 JavaThread "Execution worker Thread 8"         [_thread_blocked, id=22540, stack(0x0000006968900000,0x0000006968a00000) (1024K)]
  0x000001850402fb80 JavaThread "Execution worker Thread 9"         [_thread_blocked, id=10256, stack(0x0000006968a00000,0x0000006968b00000) (1024K)]
  0x0000018504030f30 JavaThread "Execution worker Thread 10"        [_thread_blocked, id=10432, stack(0x0000006968b00000,0x0000006968c00000) (1024K)]
  0x00000185040315c0 JavaThread "Execution worker Thread 11"        [_thread_blocked, id=27980, stack(0x0000006968c00000,0x0000006968d00000) (1024K)]
  0x0000018504031c50 JavaThread "Execution worker Thread 12"        [_thread_blocked, id=25460, stack(0x0000006968d00000,0x0000006968e00000) (1024K)]
  0x0000018504030210 JavaThread "Execution worker Thread 13"        [_thread_blocked, id=11456, stack(0x0000006968e00000,0x0000006968f00000) (1024K)]
  0x000001850402ee60 JavaThread "Execution worker Thread 14"        [_thread_blocked, id=14572, stack(0x0000006968f00000,0x0000006969000000) (1024K)]
  0x000001850402e7d0 JavaThread "Execution worker Thread 15"        [_thread_blocked, id=27348, stack(0x0000006969000000,0x0000006969100000) (1024K)]
  0x000001856e17a2d0 JavaThread "Cache worker for execution history cache (H:\Android_Projects\QAlarm\.gradle\9.3.1\executionHistory)"        [_thread_blocked, id=21828, stack(0x0000006969100000,0x0000006969200000) (1024K)]
  0x0000018575fbf9c0 JavaThread "C2 CompilerThread1"         daemon [_thread_in_native, id=1732, stack(0x0000006965800000,0x0000006965900000) (1024K)]
  0x0000018575fbbc70 JavaThread "C1 CompilerThread1"         daemon [_thread_in_native, id=20368, stack(0x0000006965b00000,0x0000006965c00000) (1024K)]
  0x0000018575fc0090 JavaThread "C1 CompilerThread2"         daemon [_thread_blocked, id=28640, stack(0x0000006969300000,0x0000006969400000) (1024K)]
  0x0000018575fc0760 JavaThread "C1 CompilerThread3"         daemon [_thread_blocked, id=10304, stack(0x0000006969400000,0x0000006969500000) (1024K)]
  0x0000018575fbde80 JavaThread "C2 CompilerThread2"         daemon [_thread_in_native, id=17216, stack(0x0000006969500000,0x0000006969600000) (1024K)]
  0x0000018575fc1500 JavaThread "C2 CompilerThread3"         daemon [_thread_in_native, id=27996, stack(0x0000006969600000,0x0000006969700000) (1024K)]
  0x0000018574466a40 JavaThread "Unconstrained build operations Thread 33"        [_thread_blocked, id=27776, stack(0x0000006969700000,0x0000006969800000) (1024K)]
  0x0000018574467760 JavaThread "Unconstrained build operations Thread 34"        [_thread_blocked, id=32292, stack(0x0000006969800000,0x0000006969900000) (1024K)]
  0x00000185744691a0 JavaThread "Unconstrained build operations Thread 35"        [_thread_blocked, id=27396, stack(0x0000006969900000,0x0000006969a00000) (1024K)]
  0x0000018574d99190 JavaThread "Unconstrained build operations Thread 36"        [_thread_blocked, id=28496, stack(0x0000006969a00000,0x0000006969b00000) (1024K)]
  0x0000018574d98b00 JavaThread "Unconstrained build operations Thread 37"        [_thread_blocked, id=22012, stack(0x0000006969b00000,0x0000006969c00000) (1024K)]
  0x0000018574d97750 JavaThread "Unconstrained build operations Thread 38"        [_thread_blocked, id=6020, stack(0x0000006969c00000,0x0000006969d00000) (1024K)]
  0x0000018574d970c0 JavaThread "Unconstrained build operations Thread 39"        [_thread_blocked, id=34388, stack(0x0000006969d00000,0x0000006969e00000) (1024K)]
  0x0000018574d97de0 JavaThread "Unconstrained build operations Thread 40"        [_thread_blocked, id=22472, stack(0x0000006969e00000,0x0000006969f00000) (1024K)]
  0x0000018574d99820 JavaThread "Unconstrained build operations Thread 41"        [_thread_blocked, id=23908, stack(0x0000006969f00000,0x000000696a000000) (1024K)]
  0x000001857fba78f0 JavaThread "Unconstrained build operations Thread 42"        [_thread_blocked, id=11008, stack(0x000000696a100000,0x000000696a200000) (1024K)]
  0x000001857fba7f80 JavaThread "Unconstrained build operations Thread 43"        [_thread_blocked, id=1076, stack(0x000000696a200000,0x000000696a300000) (1024K)]
  0x000001857fba8610 JavaThread "Unconstrained build operations Thread 44"        [_thread_blocked, id=29272, stack(0x000000696a300000,0x000000696a400000) (1024K)]
  0x000001857fba99c0 JavaThread "Unconstrained build operations Thread 45"        [_thread_blocked, id=18836, stack(0x000000696a400000,0x000000696a500000) (1024K)]
  0x000001857fba8ca0 JavaThread "Unconstrained build operations Thread 46"        [_thread_blocked, id=3424, stack(0x000000696a500000,0x000000696a600000) (1024K)]
  0x000001857fbaa050 JavaThread "Unconstrained build operations Thread 47"        [_thread_blocked, id=23080, stack(0x000000696a600000,0x000000696a700000) (1024K)]
  0x0000018575fbe550 JavaThread "C2 CompilerThread4"         daemon [_thread_in_native, id=21852, stack(0x000000696a700000,0x000000696a800000) (1024K)]
  0x000001857ed53a80 JavaThread "Unconstrained build operations Thread 48"        [_thread_blocked, id=2452, stack(0x000000696a800000,0x000000696a900000) (1024K)]
  0x000001857ed519b0 JavaThread "WorkerExecutor Queue"              [_thread_blocked, id=26836, stack(0x000000696a900000,0x000000696aa00000) (1024K)]
  0x000001857ee90b20 JavaThread "WorkerExecutor Queue Thread 2"        [_thread_blocked, id=29448, stack(0x000000696aa00000,0x000000696ab00000) (1024K)]
  0x000001857fba7260 JavaThread "Unconstrained build operations Thread 49"        [_thread_blocked, id=26632, stack(0x000000696ac00000,0x000000696ad00000) (1024K)]
  0x000001857fba6bd0 JavaThread "Unconstrained build operations Thread 50"        [_thread_blocked, id=12176, stack(0x000000696ad00000,0x000000696ae00000) (1024K)]
  0x000001857edc9c40 JavaThread "Unconstrained build operations Thread 51"        [_thread_blocked, id=34528, stack(0x000000696ae00000,0x000000696af00000) (1024K)]
  0x000001857edcb680 JavaThread "Unconstrained build operations Thread 52"        [_thread_blocked, id=13204, stack(0x000000696af00000,0x000000696b000000) (1024K)]
  0x000001857edcbd10 JavaThread "Unconstrained build operations Thread 53"        [_thread_blocked, id=27284, stack(0x000000696b000000,0x000000696b100000) (1024K)]
  0x000001857edca960 JavaThread "Unconstrained build operations Thread 54"        [_thread_blocked, id=6316, stack(0x000000696b100000,0x000000696b200000) (1024K)]
  0x000001857edcaff0 JavaThread "Unconstrained build operations Thread 55"        [_thread_blocked, id=30036, stack(0x000000696b200000,0x000000696b300000) (1024K)]
  0x000001857edcc3a0 JavaThread "Unconstrained build operations Thread 56"        [_thread_blocked, id=24672, stack(0x000000696b300000,0x000000696b400000) (1024K)]
  0x000001857edc95b0 JavaThread "Unconstrained build operations Thread 57"        [_thread_blocked, id=22744, stack(0x000000696b400000,0x000000696b500000) (1024K)]
  0x000001857edc8f20 JavaThread "Unconstrained build operations Thread 58"        [_thread_blocked, id=2400, stack(0x000000696b500000,0x000000696b600000) (1024K)]
  0x00000185031cdcb0 JavaThread "Unconstrained build operations Thread 59"        [_thread_blocked, id=5640, stack(0x000000696b600000,0x000000696b700000) (1024K)]
  0x0000018572ed1d10 JavaThread "Unconstrained build operations Thread 60"        [_thread_blocked, id=26932, stack(0x000000696b700000,0x000000696b800000) (1024K)]
  0x0000018572ed23a0 JavaThread "Unconstrained build operations Thread 61"        [_thread_blocked, id=28732, stack(0x000000696b800000,0x000000696b900000) (1024K)]
  0x0000018572ed1680 JavaThread "Unconstrained build operations Thread 62"        [_thread_blocked, id=4832, stack(0x000000696b900000,0x000000696ba00000) (1024K)]
  0x0000018572ed6bd0 JavaThread "Unconstrained build operations Thread 63"        [_thread_blocked, id=28596, stack(0x000000696ba00000,0x000000696bb00000) (1024K)]
  0x0000018574468480 JavaThread "WorkerExecutor Queue Thread 3"        [_thread_blocked, id=27480, stack(0x000000696bb00000,0x000000696bc00000) (1024K)]
  0x000001856e17c3a0 JavaThread "WorkerExecutor Queue Thread 4"        [_thread_blocked, id=28216, stack(0x000000696bc00000,0x000000696bd00000) (1024K)]
  0x000001856e17f820 JavaThread "WorkerExecutor Queue Thread 5"        [_thread_blocked, id=33908, stack(0x000000696bd00000,0x000000696be00000) (1024K)]
  0x000001856e17f190 JavaThread "WorkerExecutor Queue Thread 6"        [_thread_blocked, id=4704, stack(0x000000696be00000,0x000000696bf00000) (1024K)]
  0x00000185721b71d0 JavaThread "Unconstrained build operations Thread 64"        [_thread_blocked, id=22008, stack(0x000000696bf00000,0x000000696c000000) (1024K)]
  0x0000018576b8f0d0 JavaThread "Unconstrained build operations Thread 65"        [_thread_blocked, id=17508, stack(0x000000696c000000,0x000000696c100000) (1024K)]
  0x0000018576b8f760 JavaThread "Unconstrained build operations Thread 66"        [_thread_blocked, id=11192, stack(0x000000696c100000,0x000000696c200000) (1024K)]
  0x0000018576b8e3b0 JavaThread "Unconstrained build operations Thread 67"        [_thread_blocked, id=11184, stack(0x000000696c200000,0x000000696c300000) (1024K)]
  0x0000018576b8fdf0 JavaThread "Unconstrained build operations Thread 68"        [_thread_blocked, id=22096, stack(0x000000696c300000,0x000000696c400000) (1024K)]
  0x0000018576b911a0 JavaThread "Unconstrained build operations Thread 69"        [_thread_blocked, id=27932, stack(0x000000696c400000,0x000000696c500000) (1024K)]
  0x0000018576b90480 JavaThread "Unconstrained build operations Thread 70"        [_thread_blocked, id=13928, stack(0x000000696c500000,0x000000696c600000) (1024K)]
  0x0000018575f128f0 JavaThread "Unconstrained build operations Thread 71"        [_thread_blocked, id=2584, stack(0x000000696c600000,0x000000696c700000) (1024K)]
  0x0000018575f15d70 JavaThread "Unconstrained build operations Thread 72"        [_thread_blocked, id=23328, stack(0x000000696c700000,0x000000696c800000) (1024K)]
  0x0000018575f156e0 JavaThread "Unconstrained build operations Thread 73"        [_thread_blocked, id=26776, stack(0x000000696c800000,0x000000696c900000) (1024K)]
  0x0000018575f149c0 JavaThread "Unconstrained build operations Thread 74"        [_thread_blocked, id=10396, stack(0x000000696c900000,0x000000696ca00000) (1024K)]
  0x0000018575f12f80 JavaThread "Unconstrained build operations Thread 75"        [_thread_blocked, id=33152, stack(0x000000696ca00000,0x000000696cb00000) (1024K)]
  0x0000018575f15050 JavaThread "Unconstrained build operations Thread 76"        [_thread_blocked, id=11680, stack(0x000000696cb00000,0x000000696cc00000) (1024K)]
  0x0000018575f13610 JavaThread "Unconstrained build operations Thread 77"        [_thread_blocked, id=9480, stack(0x000000696cc00000,0x000000696cd00000) (1024K)]
  0x0000018575f13ca0 JavaThread "Unconstrained build operations Thread 78"        [_thread_blocked, id=27660, stack(0x000000696cd00000,0x000000696ce00000) (1024K)]
  0x0000018574468b10 JavaThread "WorkerExecutor Queue Thread 7"        [_thread_blocked, id=21260, stack(0x000000696ab00000,0x000000696ac00000) (1024K)]
  0x0000018572ed30c0 JavaThread "WorkerExecutor Queue Thread 8"        [_thread_blocked, id=3240, stack(0x000000696ce00000,0x000000696cf00000) (1024K)]
  0x00000185044b7c60 JavaThread "Unconstrained build operations Thread 79"        [_thread_blocked, id=33252, stack(0x000000696cf00000,0x000000696d000000) (1024K)]
  0x00000185044b5b90 JavaThread "Unconstrained build operations Thread 80"        [_thread_blocked, id=8992, stack(0x000000696d000000,0x000000696d100000) (1024K)]
  0x00000185044b9010 JavaThread "Unconstrained build operations Thread 81"        [_thread_blocked, id=24144, stack(0x000000696d100000,0x000000696d200000) (1024K)]
  0x00000185044b6f40 JavaThread "Unconstrained build operations Thread 82"        [_thread_blocked, id=1988, stack(0x000000696d200000,0x000000696d300000) (1024K)]
  0x00000185044b82f0 JavaThread "Unconstrained build operations Thread 83"        [_thread_blocked, id=21984, stack(0x000000696d300000,0x000000696d400000) (1024K)]
  0x00000185044b8980 JavaThread "Unconstrained build operations Thread 84"        [_thread_blocked, id=24040, stack(0x000000696d400000,0x000000696d500000) (1024K)]
  0x00000185044b6220 JavaThread "Unconstrained build operations Thread 85"        [_thread_blocked, id=27504, stack(0x000000696d500000,0x000000696d600000) (1024K)]
  0x00000185731532f0 JavaThread "Unconstrained build operations Thread 86"        [_thread_blocked, id=23232, stack(0x000000696d600000,0x000000696d700000) (1024K)]
  0x0000018573154010 JavaThread "Unconstrained build operations Thread 87"        [_thread_blocked, id=9856, stack(0x000000696d700000,0x000000696d800000) (1024K)]
  0x0000018573153980 JavaThread "Unconstrained build operations Thread 88"        [_thread_blocked, id=9416, stack(0x000000696d800000,0x000000696d900000) (1024K)]
  0x0000018573151f40 JavaThread "Unconstrained build operations Thread 89"        [_thread_blocked, id=1612, stack(0x000000696d900000,0x000000696da00000) (1024K)]
  0x00000185719b71e0 JavaThread "Unconstrained build operations Thread 90"        [_thread_blocked, id=24776, stack(0x000000696da00000,0x000000696db00000) (1024K)]
  0x0000018575f14330 JavaThread "Unconstrained build operations Thread 91"        [_thread_blocked, id=27296, stack(0x000000696db00000,0x000000696dc00000) (1024K)]
  0x00000185786e8d30 JavaThread "Unconstrained build operations Thread 92"        [_thread_blocked, id=31000, stack(0x000000696dd00000,0x000000696de00000) (1024K)]
  0x00000185786e8010 JavaThread "Unconstrained build operations Thread 93"        [_thread_blocked, id=25384, stack(0x000000696de00000,0x000000696df00000) (1024K)]
  0x0000018570da13c0 JavaThread "C2 CompilerThread5"         daemon [_thread_in_native, id=1684, stack(0x000000696df00000,0x000000696e000000) (1024K)]
  0x00000185731555f0 JavaThread "WorkerExecutor Queue Thread 9"        [_thread_blocked, id=21124, stack(0x000000696e100000,0x000000696e200000) (1024K)]
  0x00000185719bba10 JavaThread "Unconstrained build operations Thread 94"        [_thread_blocked, id=10208, stack(0x000000696e200000,0x000000696e300000) (1024K)]
  0x00000185719bdae0 JavaThread "WorkerExecutor Queue Thread 10"        [_thread_blocked, id=31152, stack(0x000000696e300000,0x000000696e400000) (1024K)]
  0x0000018573155c80 JavaThread "Unconstrained build operations Thread 95"        [_thread_blocked, id=6152, stack(0x000000696e400000,0x000000696e500000) (1024K)]
  0x000001857f1c80d0 JavaThread "Unconstrained build operations Thread 96"        [_thread_blocked, id=16004, stack(0x000000696e500000,0x000000696e600000) (1024K)]
  0x000001857f1c9b10 JavaThread "Unconstrained build operations Thread 97"        [_thread_blocked, id=6860, stack(0x000000696e600000,0x000000696e700000) (1024K)]
  0x000001857f1c8760 JavaThread "Unconstrained build operations Thread 98"        [_thread_blocked, id=24648, stack(0x000000696e700000,0x000000696e800000) (1024K)]
  0x000001857f1c8df0 JavaThread "Unconstrained build operations Thread 99"        [_thread_blocked, id=25268, stack(0x000000696e800000,0x000000696e900000) (1024K)]
  0x00000185789e4270 JavaThread "Unconstrained build operations Thread 100"        [_thread_blocked, id=5660, stack(0x000000696e900000,0x000000696ea00000) (1024K)]
  0x00000185789e5cb0 JavaThread "Unconstrained build operations Thread 101"        [_thread_blocked, id=15956, stack(0x000000696ea00000,0x000000696eb00000) (1024K)]
  0x00000185789e4f90 JavaThread "Unconstrained build operations Thread 102"        [_thread_blocked, id=2476, stack(0x000000696eb00000,0x000000696ec00000) (1024K)]
  0x00000185789e4900 JavaThread "Unconstrained build operations Thread 103"        [_thread_blocked, id=22112, stack(0x000000696ef00000,0x000000696f000000) (1024K)]
  0x00000185789e69d0 JavaThread "Unconstrained build operations Thread 104"        [_thread_blocked, id=10704, stack(0x000000696f000000,0x000000696f100000) (1024K)]
  0x00000185789e7060 JavaThread "Unconstrained build operations Thread 105"        [_thread_blocked, id=32428, stack(0x000000696f100000,0x000000696f200000) (1024K)]
  0x00000185789e5620 JavaThread "Unconstrained build operations Thread 106"        [_thread_blocked, id=2484, stack(0x000000696f200000,0x000000696f300000) (1024K)]
  0x0000018574465d20 JavaThread "Unconstrained build operations Thread 107"        [_thread_blocked, id=3080, stack(0x000000696f300000,0x000000696f400000) (1024K)]
  0x00000185744663b0 JavaThread "Unconstrained build operations Thread 108"        [_thread_blocked, id=34144, stack(0x000000696f400000,0x000000696f500000) (1024K)]
  0x000001857975fc50 JavaThread "Unconstrained build operations Thread 109"        [_thread_blocked, id=17720, stack(0x000000696f500000,0x000000696f600000) (1024K)]
  0x00000185789e6340 JavaThread "WorkerExecutor Queue Thread 11"        [_thread_blocked, id=34412, stack(0x000000696e000000,0x000000696e100000) (1024K)]
  0x0000018500b70cb0 JavaThread "WorkerExecutor Queue Thread 12"        [_thread_blocked, id=12804, stack(0x000000696f800000,0x000000696f900000) (1024K)]
  0x0000018500b726f0 JavaThread "WorkerExecutor Queue Thread 13"        [_thread_blocked, id=3056, stack(0x000000696f900000,0x000000696fa00000) (1024K)]
  0x0000018500b71340 JavaThread "WorkerExecutor Queue Thread 14"        [_thread_blocked, id=22332, stack(0x000000696fa00000,0x000000696fb00000) (1024K)]
  0x000001856e74b2e0 JavaThread "WorkerExecutor Queue Thread 15"        [_thread_blocked, id=6404, stack(0x000000696fb00000,0x000000696fc00000) (1024K)]
  0x000001856e7484f0 JavaThread "WorkerExecutor Queue Thread 16"        [_thread_blocked, id=27724, stack(0x000000696fc00000,0x000000696fd00000) (1024K)]
=>0x0000018570da4370 JavaThread "C2 CompilerThread6"         daemon [_thread_in_native, id=28048, stack(0x000000696fd00000,0x000000696fe00000) (1024K)]
  0x0000018570da1a90 JavaThread "C2 CompilerThread7"         daemon [_thread_in_native, id=25904, stack(0x000000696fe00000,0x000000696ff00000) (1024K)]
  0x00000185749181e0 JavaThread "Unconstrained build operations Thread 110"        [_thread_blocked, id=14152, stack(0x000000696ff00000,0x0000006970000000) (1024K)]
  0x0000018574918f00 JavaThread "Unconstrained build operations Thread 111"        [_thread_blocked, id=5368, stack(0x0000006970000000,0x0000006970100000) (1024K)]
  0x000001857491a940 JavaThread "Unconstrained build operations Thread 112"        [_thread_blocked, id=6660, stack(0x0000006970100000,0x0000006970200000) (1024K)]
  0x0000018574919590 JavaThread "Unconstrained build operations Thread 113"        [_thread_blocked, id=18684, stack(0x0000006970200000,0x0000006970300000) (1024K)]
  0x000001857491a2b0 JavaThread "Unconstrained build operations Thread 114"        [_thread_blocked, id=22516, stack(0x0000006970300000,0x0000006970400000) (1024K)]
  0x0000018574918870 JavaThread "Unconstrained build operations Thread 115"        [_thread_blocked, id=26748, stack(0x0000006970400000,0x0000006970500000) (1024K)]
  0x0000018574919c20 JavaThread "Unconstrained build operations Thread 116"        [_thread_blocked, id=27656, stack(0x0000006970500000,0x0000006970600000) (1024K)]
  0x000001857ebb1000 JavaThread "Unconstrained build operations Thread 117"        [_thread_blocked, id=29664, stack(0x0000006970600000,0x0000006970700000) (1024K)]
  0x000001857ebb6550 JavaThread "Unconstrained build operations Thread 118"        [_thread_blocked, id=29844, stack(0x0000006970700000,0x0000006970800000) (1024K)]
  0x000001857ebb6be0 JavaThread "Unconstrained build operations Thread 119"        [_thread_blocked, id=9984, stack(0x0000006970900000,0x0000006970a00000) (1024K)]
  0x000001857ebb7900 JavaThread "Unconstrained build operations Thread 120"        [_thread_blocked, id=3092, stack(0x0000006970a00000,0x0000006970b00000) (1024K)]
  0x000001857ebb0970 JavaThread "Unconstrained build operations Thread 121"        [_thread_blocked, id=24564, stack(0x0000006970b00000,0x0000006970c00000) (1024K)]
  0x000001857ebb4480 JavaThread "Unconstrained build operations Thread 122"        [_thread_blocked, id=32648, stack(0x0000006970c00000,0x0000006970d00000) (1024K)]
  0x000001857ebb1690 JavaThread "Unconstrained build operations Thread 123"        [_thread_blocked, id=27792, stack(0x0000006970d00000,0x0000006970e00000) (1024K)]
  0x000001857ed533f0 JavaThread "Unconstrained build operations Thread 124"        [_thread_blocked, id=14512, stack(0x0000006970e00000,0x0000006970f00000) (1024K)]
  0x000001857ecde4c0 JavaThread "Unconstrained build operations Thread 125"        [_thread_blocked, id=10108, stack(0x0000006970f00000,0x0000006971000000) (1024K)]
  0x000001857ecdeb50 JavaThread "Unconstrained build operations Thread 126"        [_thread_blocked, id=4352, stack(0x0000006971000000,0x0000006971100000) (1024K)]
  0x000001857ecdff00 JavaThread "Unconstrained build operations Thread 127"        [_thread_blocked, id=22976, stack(0x0000006971100000,0x0000006971200000) (1024K)]
  0x000001857ece0590 JavaThread "Unconstrained build operations Thread 128"        [_thread_blocked, id=34016, stack(0x0000006971200000,0x0000006971300000) (1024K)]
  0x000001857ece0c20 JavaThread "Unconstrained build operations Thread 129"        [_thread_blocked, id=33208, stack(0x0000006971300000,0x0000006971400000) (1024K)]
  0x000001857ecdd7a0 JavaThread "Unconstrained build operations Thread 130"        [_thread_blocked, id=31568, stack(0x0000006971400000,0x0000006971500000) (1024K)]
  0x0000018575d35360 JavaThread "Unconstrained build operations Thread 131"        [_thread_blocked, id=25324, stack(0x0000006971500000,0x0000006971600000) (1024K)]
  0x0000018575d359f0 JavaThread "Unconstrained build operations Thread 132"        [_thread_blocked, id=22308, stack(0x0000006971600000,0x0000006971700000) (1024K)]
  0x0000018575d34640 JavaThread "Unconstrained build operations Thread 133"        [_thread_blocked, id=11368, stack(0x0000006971700000,0x0000006971800000) (1024K)]
  0x0000018575d36080 JavaThread "Unconstrained build operations Thread 134"        [_thread_blocked, id=21896, stack(0x0000006971800000,0x0000006971900000) (1024K)]
  0x0000018578d91ca0 JavaThread "Unconstrained build operations Thread 135"        [_thread_blocked, id=22904, stack(0x0000006971900000,0x0000006971a00000) (1024K)]
  0x0000018578d92330 JavaThread "Unconstrained build operations Thread 136"        [_thread_blocked, id=32504, stack(0x0000006971a00000,0x0000006971b00000) (1024K)]
  0x0000018578d908f0 JavaThread "Unconstrained build operations Thread 137"        [_thread_blocked, id=10652, stack(0x0000006971b00000,0x0000006971c00000) (1024K)]
  0x0000018578d929c0 JavaThread "Unconstrained build operations Thread 138"        [_thread_blocked, id=4936, stack(0x0000006971c00000,0x0000006971d00000) (1024K)]
  0x0000018578d93050 JavaThread "Unconstrained build operations Thread 139"        [_thread_blocked, id=9568, stack(0x0000006971d00000,0x0000006971e00000) (1024K)]
  0x0000018578d936e0 JavaThread "Unconstrained build operations Thread 140"        [_thread_blocked, id=28120, stack(0x0000006972000000,0x0000006972100000) (1024K)]
  0x00000185031ce340 JavaThread "Unconstrained build operations Thread 141"        [_thread_blocked, id=31620, stack(0x0000006972100000,0x0000006972200000) (1024K)]
  0x00000185031cb550 JavaThread "Unconstrained build operations Thread 142"        [_thread_blocked, id=32972, stack(0x0000006972200000,0x0000006972300000) (1024K)]
  0x00000185031ce9d0 JavaThread "Unconstrained build operations Thread 143"        [_thread_blocked, id=9260, stack(0x0000006972300000,0x0000006972400000) (1024K)]
  0x00000185031cbbe0 JavaThread "Unconstrained build operations Thread 144"        [_thread_blocked, id=23332, stack(0x0000006972400000,0x0000006972500000) (1024K)]
  0x00000185031cc270 JavaThread "Unconstrained build operations Thread 145"        [_thread_blocked, id=12104, stack(0x0000006972500000,0x0000006972600000) (1024K)]
  0x00000185031cc900 JavaThread "Unconstrained build operations Thread 146"        [_thread_blocked, id=28076, stack(0x0000006972600000,0x0000006972700000) (1024K)]
  0x000001857fea7410 JavaThread "Unconstrained build operations Thread 147"        [_thread_blocked, id=1624, stack(0x0000006972700000,0x0000006972800000) (1024K)]
  0x000001857fea8e50 JavaThread "Unconstrained build operations Thread 148"        [_thread_blocked, id=24404, stack(0x0000006972800000,0x0000006972900000) (1024K)]
  0x000001857fea66f0 JavaThread "Unconstrained build operations Thread 149"        [_thread_blocked, id=28056, stack(0x0000006972900000,0x0000006972a00000) (1024K)]
  0x000001857ed52d60 JavaThread "Unconstrained build operations Thread 150"        [_thread_blocked, id=34676, stack(0x0000006972a00000,0x0000006972b00000) (1024K)]
  0x000001857ed54110 JavaThread "Unconstrained build operations Thread 151"        [_thread_blocked, id=8808, stack(0x0000006972b00000,0x0000006972c00000) (1024K)]
  0x0000018578d93d70 JavaThread "RMI RenewClean-[127.0.0.1:17373,org.jetbrains.kotlin.daemon.common.LoopbackNetworkInterface$ClientLoopbackSocketFactory@3a6a16d5]" daemon [_thread_blocked, id=31824, stack(0x0000006972c00000,0x0000006972d00000) (1024K)]
  0x0000018571732db0 JavaThread "Unconstrained build operations Thread 152"        [_thread_blocked, id=30308, stack(0x0000006972d00000,0x0000006972e00000) (1024K)]
  0x0000018571734e80 JavaThread "Unconstrained build operations Thread 153"        [_thread_blocked, id=26752, stack(0x0000006972e00000,0x0000006972f00000) (1024K)]
  0x0000018571733ad0 JavaThread "Unconstrained build operations Thread 154"        [_thread_blocked, id=22264, stack(0x0000006972f00000,0x0000006973000000) (1024K)]
  0x0000018571735510 JavaThread "Unconstrained build operations Thread 155"        [_thread_blocked, id=31420, stack(0x0000006973000000,0x0000006973100000) (1024K)]
  0x0000018571733440 JavaThread "Unconstrained build operations Thread 156"        [_thread_blocked, id=23980, stack(0x0000006973100000,0x0000006973200000) (1024K)]
  0x0000018571734160 JavaThread "Unconstrained build operations Thread 157"        [_thread_blocked, id=24568, stack(0x0000006973200000,0x0000006973300000) (1024K)]
  0x00000185717347f0 JavaThread "Unconstrained build operations Thread 158"        [_thread_blocked, id=26844, stack(0x0000006973300000,0x0000006973400000) (1024K)]
  0x0000018570b26550 JavaThread "Unconstrained build operations Thread 159"        [_thread_blocked, id=34636, stack(0x0000006973400000,0x0000006973500000) (1024K)]
  0x0000018570b24b10 JavaThread "Unconstrained build operations Thread 160"        [_thread_blocked, id=26992, stack(0x0000006973500000,0x0000006973600000) (1024K)]
  0x0000018570b25830 JavaThread "RMI TCP Connection(14)-127.0.0.1" daemon [_thread_in_native, id=25260, stack(0x0000006973600000,0x0000006973700000) (1024K)]
  0x00000185719a2330 JavaThread "RMI TCP Connection(15)-127.0.0.1" daemon [_thread_in_native, id=6816, stack(0x0000006973700000,0x0000006973800000) (1024K)]
Total: 258

Other Threads:
  0x00000185259fc5c0 VMThread "VM Thread"                           [id=28968, stack(0x0000006962a00000,0x0000006962b00000) (1024K)]
  0x0000018528930b70 WatcherThread "VM Periodic Task Thread"        [id=21056, stack(0x0000006962900000,0x0000006962a00000) (1024K)]
  0x000001850b1218a0 WorkerThread "GC Thread#0"                     [id=29772, stack(0x0000006962400000,0x0000006962500000) (1024K)]
  0x000001856e3cbea0 WorkerThread "GC Thread#1"                     [id=1604, stack(0x0000006963900000,0x0000006963a00000) (1024K)]
  0x000001856e0dd830 WorkerThread "GC Thread#2"                     [id=11208, stack(0x0000006963a00000,0x0000006963b00000) (1024K)]
  0x000001856e4525c0 WorkerThread "GC Thread#3"                     [id=25572, stack(0x0000006963b00000,0x0000006963c00000) (1024K)]
  0x000001856e0bd0e0 WorkerThread "GC Thread#4"                     [id=33060, stack(0x0000006963c00000,0x0000006963d00000) (1024K)]
  0x000001856e0bd480 WorkerThread "GC Thread#5"                     [id=17284, stack(0x0000006963d00000,0x0000006963e00000) (1024K)]
  0x000001856e4f7340 WorkerThread "GC Thread#6"                     [id=8164, stack(0x0000006963e00000,0x0000006963f00000) (1024K)]
  0x000001856e4f6c00 WorkerThread "GC Thread#7"                     [id=6024, stack(0x0000006963f00000,0x0000006964000000) (1024K)]
  0x000001856e4f6fa0 WorkerThread "GC Thread#8"                     [id=32092, stack(0x0000006964000000,0x0000006964100000) (1024K)]
  0x000001856e4f76e0 WorkerThread "GC Thread#9"                     [id=33520, stack(0x0000006964100000,0x0000006964200000) (1024K)]
  0x000001856e4f6860 WorkerThread "GC Thread#10"                    [id=33448, stack(0x0000006964200000,0x0000006964300000) (1024K)]
  0x000001856e4f7a80 WorkerThread "GC Thread#11"                    [id=20020, stack(0x0000006964300000,0x0000006964400000) (1024K)]
  0x000001856faa7e60 WorkerThread "GC Thread#12"                    [id=23828, stack(0x0000006965400000,0x0000006965500000) (1024K)]
  0x0000018525842010 ConcurrentGCThread "G1 Main Marker"            [id=28348, stack(0x0000006962500000,0x0000006962600000) (1024K)]
  0x0000018525843520 WorkerThread "G1 Conc#0"                       [id=7968, stack(0x0000006962600000,0x0000006962700000) (1024K)]
  0x000001856faaa9e0 WorkerThread "G1 Conc#1"                       [id=21904, stack(0x0000006965500000,0x0000006965600000) (1024K)]
  0x000001856faa7380 WorkerThread "G1 Conc#2"                       [id=22568, stack(0x0000006965600000,0x0000006965700000) (1024K)]
  0x0000018528812010 ConcurrentGCThread "G1 Refine#0"               [id=30424, stack(0x0000006962700000,0x0000006962800000) (1024K)]
  0x0000018528812930 ConcurrentGCThread "G1 Service"                [id=34372, stack(0x0000006962800000,0x0000006962900000) (1024K)]
Total: 21

Threads with active compile tasks:
C2 CompilerThread0  1895475 47334       4       com.android.tools.r8.internal.t81::a (129 bytes)
C2 CompilerThread1  1895475 47702 %     4       com.android.tools.r8.internal.ca2::l @ 666 (1135 bytes)
C1 CompilerThread1  1895475 47707   !   3       com.android.tools.r8.internal.d91::a (4378 bytes)
C2 CompilerThread2  1895475 47627       4       com.android.tools.r8.internal.rh0::b (907 bytes)
C2 CompilerThread3  1895475 47708       4       com.android.tools.r8.internal.pw::a (94 bytes)
C2 CompilerThread4  1895475 46800       4       com.android.tools.r8.graph.r9::a (98 bytes)
C2 CompilerThread5  1895475 47659 %     4       com.android.tools.r8.internal.p64::b @ 185 (352 bytes)
C2 CompilerThread6  1895476 47656       4       com.android.tools.r8.internal.m91::a (2684 bytes)
C2 CompilerThread7  1895476 47703       4       com.android.tools.r8.internal.pd::a (849 bytes)
Total: 9

VM state: not at safepoint (normal execution)

VM Mutex/Monitor currently owned by a thread: None

Heap address: 0x0000000080000000, size: 2048 MB, Compressed Oops mode: 32-bit

CDS archive(s) mapped at: [0x0000018529000000-0x0000018529c80000-0x0000018529c80000), size 13107200, SharedBaseAddress: 0x0000018529000000, ArchiveRelocationMode: 1.
Compressed class space mapped at: 0x000001852a000000-0x000001856a000000, reserved size: 1073741824
Narrow klass base: 0x0000018529000000, Narrow klass shift: 0, Narrow klass range: 0x100000000

GC Precious Log:
 CardTable entry size: 512
 Card Set container configuration: InlinePtr #cards 5 size 8 Array Of Cards #cards 12 size 40 Howl #buckets 4 coarsen threshold 1843 Howl Bitmap #cards 512 size 80 coarsen threshold 460 Card regions per heap region 1 cards per card region 2048
 CPUs: 16 total, 16 available
 Memory: 32687M
 Large Page Support: Disabled
 NUMA Support: Disabled
 Compressed Oops: Enabled (32-bit)
 Heap Region Size: 1M
 Heap Min Capacity: 8M
 Heap Initial Capacity: 512M
 Heap Max Capacity: 2G
 Pre-touch: Disabled
 Parallel Workers: 13
 Concurrent Workers: 3
 Concurrent Refinement Workers: 13
 Periodic GC: Disabled

Heap:
 garbage-first heap   total 1084416K, used 370926K [0x0000000080000000, 0x0000000100000000)
  region size 1024K, 50 young (51200K), 6 survivors (6144K)
 Metaspace       used 170519K, committed 173376K, reserved 1245184K
  class space    used 22120K, committed 23936K, reserved 1048576K

Heap Regions: E=young(eden), S=young(survivor), O=old, HS=humongous(starts), HC=humongous(continues), CS=collection set, F=free, TAMS=top-at-mark-start, PB=parsable bottom
|   0|0x0000000080000000, 0x0000000080100000, 0x0000000080100000|100%|HS|  |TAMS 0x0000000080000000| PB 0x0000000080000000| Complete 
|   1|0x0000000080100000, 0x0000000080200000, 0x0000000080200000|100%|HC|  |TAMS 0x0000000080100000| PB 0x0000000080100000| Complete 
|   2|0x0000000080200000, 0x0000000080300000, 0x0000000080300000|100%|HC|  |TAMS 0x0000000080200000| PB 0x0000000080200000| Complete 
|   3|0x0000000080300000, 0x0000000080400000, 0x0000000080400000|100%|HC|  |TAMS 0x0000000080300000| PB 0x0000000080300000| Complete 
|   4|0x0000000080400000, 0x0000000080500000, 0x0000000080500000|100%| O|  |TAMS 0x0000000080400000| PB 0x0000000080400000| Untracked 
|   5|0x0000000080500000, 0x0000000080600000, 0x0000000080600000|100%| O|  |TAMS 0x0000000080500000| PB 0x0000000080500000| Untracked 
|   6|0x0000000080600000, 0x0000000080700000, 0x0000000080700000|100%| O|  |TAMS 0x0000000080600000| PB 0x0000000080600000| Untracked 
|   7|0x0000000080700000, 0x0000000080800000, 0x0000000080800000|100%|HS|  |TAMS 0x0000000080700000| PB 0x0000000080700000| Complete 
|   8|0x0000000080800000, 0x0000000080900000, 0x0000000080900000|100%| O|  |TAMS 0x0000000080800000| PB 0x0000000080800000| Untracked 
|   9|0x0000000080900000, 0x0000000080a00000, 0x0000000080a00000|100%| O|  |TAMS 0x0000000080900000| PB 0x0000000080900000| Untracked 
|  10|0x0000000080a00000, 0x0000000080b00000, 0x0000000080b00000|100%| O|  |TAMS 0x0000000080a00000| PB 0x0000000080a00000| Untracked 
|  11|0x0000000080b00000, 0x0000000080c00000, 0x0000000080c00000|100%| O|  |TAMS 0x0000000080b00000| PB 0x0000000080b00000| Untracked 
|  12|0x0000000080c00000, 0x0000000080d00000, 0x0000000080d00000|100%| O|  |TAMS 0x0000000080c00000| PB 0x0000000080c00000| Untracked 
|  13|0x0000000080d00000, 0x0000000080e00000, 0x0000000080e00000|100%| O|  |TAMS 0x0000000080d00000| PB 0x0000000080d00000| Untracked 
|  14|0x0000000080e00000, 0x0000000080f00000, 0x0000000080f00000|100%| O|  |TAMS 0x0000000080e00000| PB 0x0000000080e00000| Untracked 
|  15|0x0000000080f00000, 0x0000000081000000, 0x0000000081000000|100%| O|  |TAMS 0x0000000080f00000| PB 0x0000000080f00000| Untracked 
|  16|0x0000000081000000, 0x0000000081100000, 0x0000000081100000|100%| O|  |TAMS 0x0000000081000000| PB 0x0000000081000000| Untracked 
|  17|0x0000000081100000, 0x0000000081200000, 0x0000000081200000|100%| O|  |TAMS 0x0000000081100000| PB 0x0000000081100000| Untracked 
|  18|0x0000000081200000, 0x0000000081300000, 0x0000000081300000|100%| O|  |TAMS 0x0000000081200000| PB 0x0000000081200000| Untracked 
|  19|0x0000000081300000, 0x0000000081400000, 0x0000000081400000|100%| O|  |TAMS 0x0000000081300000| PB 0x0000000081300000| Untracked 
|  20|0x0000000081400000, 0x0000000081500000, 0x0000000081500000|100%| O|  |TAMS 0x0000000081400000| PB 0x0000000081400000| Untracked 
|  21|0x0000000081500000, 0x0000000081600000, 0x0000000081600000|100%| O|  |TAMS 0x0000000081500000| PB 0x0000000081500000| Untracked 
|  22|0x0000000081600000, 0x0000000081700000, 0x0000000081700000|100%| O|  |TAMS 0x0000000081600000| PB 0x0000000081600000| Untracked 
|  23|0x0000000081700000, 0x0000000081800000, 0x0000000081800000|100%| O|  |TAMS 0x0000000081700000| PB 0x0000000081700000| Untracked 
|  24|0x0000000081800000, 0x0000000081900000, 0x0000000081900000|100%|HS|  |TAMS 0x0000000081800000| PB 0x0000000081800000| Complete 
|  25|0x0000000081900000, 0x0000000081a00000, 0x0000000081a00000|100%| O|  |TAMS 0x0000000081900000| PB 0x0000000081900000| Untracked 
|  26|0x0000000081a00000, 0x0000000081b00000, 0x0000000081b00000|100%| O|  |TAMS 0x0000000081a00000| PB 0x0000000081a00000| Untracked 
|  27|0x0000000081b00000, 0x0000000081c00000, 0x0000000081c00000|100%| O|  |TAMS 0x0000000081b00000| PB 0x0000000081b00000| Untracked 
|  28|0x0000000081c00000, 0x0000000081d00000, 0x0000000081d00000|100%| O|  |TAMS 0x0000000081c00000| PB 0x0000000081c00000| Untracked 
|  29|0x0000000081d00000, 0x0000000081e00000, 0x0000000081e00000|100%| O|  |TAMS 0x0000000081d00000| PB 0x0000000081d00000| Untracked 
|  30|0x0000000081e00000, 0x0000000081f00000, 0x0000000081f00000|100%| O|  |TAMS 0x0000000081e00000| PB 0x0000000081e00000| Untracked 
|  31|0x0000000081f00000, 0x0000000082000000, 0x0000000082000000|100%| O|  |TAMS 0x0000000081f00000| PB 0x0000000081f00000| Untracked 
|  32|0x0000000082000000, 0x0000000082100000, 0x0000000082100000|100%|HS|  |TAMS 0x0000000082000000| PB 0x0000000082000000| Complete 
|  33|0x0000000082100000, 0x0000000082200000, 0x0000000082200000|100%|HS|  |TAMS 0x0000000082100000| PB 0x0000000082100000| Complete 
|  34|0x0000000082200000, 0x0000000082300000, 0x0000000082300000|100%|HC|  |TAMS 0x0000000082200000| PB 0x0000000082200000| Complete 
|  35|0x0000000082300000, 0x0000000082400000, 0x0000000082400000|100%|HS|  |TAMS 0x0000000082300000| PB 0x0000000082300000| Complete 
|  36|0x0000000082400000, 0x0000000082500000, 0x0000000082500000|100%|HS|  |TAMS 0x0000000082400000| PB 0x0000000082400000| Complete 
|  37|0x0000000082500000, 0x0000000082600000, 0x0000000082600000|100%| O|  |TAMS 0x0000000082500000| PB 0x0000000082500000| Untracked 
|  38|0x0000000082600000, 0x0000000082700000, 0x0000000082700000|100%|HS|  |TAMS 0x0000000082600000| PB 0x0000000082600000| Complete 
|  39|0x0000000082700000, 0x0000000082800000, 0x0000000082800000|100%|HS|  |TAMS 0x0000000082700000| PB 0x0000000082700000| Complete 
|  40|0x0000000082800000, 0x0000000082900000, 0x0000000082900000|100%| O|  |TAMS 0x0000000082800000| PB 0x0000000082800000| Untracked 
|  41|0x0000000082900000, 0x0000000082a00000, 0x0000000082a00000|100%| O|  |TAMS 0x0000000082900000| PB 0x0000000082900000| Untracked 
|  42|0x0000000082a00000, 0x0000000082b00000, 0x0000000082b00000|100%| O|  |TAMS 0x0000000082a00000| PB 0x0000000082a00000| Untracked 
|  43|0x0000000082b00000, 0x0000000082c00000, 0x0000000082c00000|100%|HS|  |TAMS 0x0000000082b00000| PB 0x0000000082b00000| Complete 
|  44|0x0000000082c00000, 0x0000000082d00000, 0x0000000082d00000|100%|HC|  |TAMS 0x0000000082c00000| PB 0x0000000082c00000| Complete 
|  45|0x0000000082d00000, 0x0000000082e00000, 0x0000000082e00000|100%| O|  |TAMS 0x0000000082d00000| PB 0x0000000082d00000| Untracked 
|  46|0x0000000082e00000, 0x0000000082f00000, 0x0000000082f00000|100%| O|  |TAMS 0x0000000082e00000| PB 0x0000000082e00000| Untracked 
|  47|0x0000000082f00000, 0x0000000083000000, 0x0000000083000000|100%| O|  |TAMS 0x0000000082f00000| PB 0x0000000082f00000| Untracked 
|  48|0x0000000083000000, 0x0000000083100000, 0x0000000083100000|100%|HS|  |TAMS 0x0000000083000000| PB 0x0000000083000000| Complete 
|  49|0x0000000083100000, 0x0000000083200000, 0x0000000083200000|100%| O|  |TAMS 0x0000000083100000| PB 0x0000000083100000| Untracked 
|  50|0x0000000083200000, 0x0000000083300000, 0x0000000083300000|100%| O|  |TAMS 0x0000000083200000| PB 0x0000000083200000| Untracked 
|  51|0x0000000083300000, 0x0000000083400000, 0x0000000083400000|100%| O|  |TAMS 0x0000000083300000| PB 0x0000000083300000| Untracked 
|  52|0x0000000083400000, 0x0000000083500000, 0x0000000083500000|100%| O|  |TAMS 0x0000000083400000| PB 0x0000000083400000| Untracked 
|  53|0x0000000083500000, 0x0000000083600000, 0x0000000083600000|100%| O|  |TAMS 0x0000000083500000| PB 0x0000000083500000| Untracked 
|  54|0x0000000083600000, 0x0000000083700000, 0x0000000083700000|100%| O|  |TAMS 0x0000000083600000| PB 0x0000000083600000| Untracked 
|  55|0x0000000083700000, 0x0000000083800000, 0x0000000083800000|100%| O|  |TAMS 0x0000000083700000| PB 0x0000000083700000| Untracked 
|  56|0x0000000083800000, 0x0000000083900000, 0x0000000083900000|100%| O|  |TAMS 0x0000000083800000| PB 0x0000000083800000| Untracked 
|  57|0x0000000083900000, 0x0000000083a00000, 0x0000000083a00000|100%| O|  |TAMS 0x0000000083900000| PB 0x0000000083900000| Untracked 
|  58|0x0000000083a00000, 0x0000000083b00000, 0x0000000083b00000|100%| O|  |TAMS 0x0000000083a00000| PB 0x0000000083a00000| Untracked 
|  59|0x0000000083b00000, 0x0000000083c00000, 0x0000000083c00000|100%| O|  |TAMS 0x0000000083b00000| PB 0x0000000083b00000| Untracked 
|  60|0x0000000083c00000, 0x0000000083d00000, 0x0000000083d00000|100%| O|  |TAMS 0x0000000083c00000| PB 0x0000000083c00000| Untracked 
|  61|0x0000000083d00000, 0x0000000083e00000, 0x0000000083e00000|100%| O|  |TAMS 0x0000000083d00000| PB 0x0000000083d00000| Untracked 
|  62|0x0000000083e00000, 0x0000000083f00000, 0x0000000083f00000|100%| O|  |TAMS 0x0000000083e00000| PB 0x0000000083e00000| Untracked 
|  63|0x0000000083f00000, 0x0000000084000000, 0x0000000084000000|100%| O|  |TAMS 0x0000000083f00000| PB 0x0000000083f00000| Untracked 
|  64|0x0000000084000000, 0x0000000084000000, 0x0000000084100000|  0%| F|  |TAMS 0x0000000084000000| PB 0x0000000084000000| Untracked 
|  65|0x0000000084100000, 0x0000000084200000, 0x0000000084200000|100%| O|  |TAMS 0x0000000084100000| PB 0x0000000084100000| Untracked 
|  66|0x0000000084200000, 0x0000000084300000, 0x0000000084300000|100%| O|  |TAMS 0x0000000084200000| PB 0x0000000084200000| Untracked 
|  67|0x0000000084300000, 0x0000000084400000, 0x0000000084400000|100%| O|  |TAMS 0x0000000084300000| PB 0x0000000084300000| Untracked 
|  68|0x0000000084400000, 0x0000000084500000, 0x0000000084500000|100%| O|  |TAMS 0x0000000084400000| PB 0x0000000084400000| Untracked 
|  69|0x0000000084500000, 0x0000000084600000, 0x0000000084600000|100%| O|  |TAMS 0x0000000084500000| PB 0x0000000084500000| Untracked 
|  70|0x0000000084600000, 0x0000000084700000, 0x0000000084700000|100%| O|  |TAMS 0x0000000084600000| PB 0x0000000084600000| Untracked 
|  71|0x0000000084700000, 0x0000000084800000, 0x0000000084800000|100%| O|  |TAMS 0x0000000084700000| PB 0x0000000084700000| Untracked 
|  72|0x0000000084800000, 0x0000000084900000, 0x0000000084900000|100%| O|  |TAMS 0x0000000084800000| PB 0x0000000084800000| Untracked 
|  73|0x0000000084900000, 0x0000000084900000, 0x0000000084a00000|  0%| F|  |TAMS 0x0000000084900000| PB 0x0000000084900000| Untracked 
|  74|0x0000000084a00000, 0x0000000084b00000, 0x0000000084b00000|100%| O|  |TAMS 0x0000000084a00000| PB 0x0000000084a00000| Untracked 
|  75|0x0000000084b00000, 0x0000000084c00000, 0x0000000084c00000|100%| O|  |TAMS 0x0000000084b00000| PB 0x0000000084b00000| Untracked 
|  76|0x0000000084c00000, 0x0000000084d00000, 0x0000000084d00000|100%| O|  |TAMS 0x0000000084c00000| PB 0x0000000084c00000| Untracked 
|  77|0x0000000084d00000, 0x0000000084e00000, 0x0000000084e00000|100%| O|  |TAMS 0x0000000084d00000| PB 0x0000000084d00000| Untracked 
|  78|0x0000000084e00000, 0x0000000084f00000, 0x0000000084f00000|100%| O|  |TAMS 0x0000000084e00000| PB 0x0000000084e00000| Untracked 
|  79|0x0000000084f00000, 0x0000000085000000, 0x0000000085000000|100%| O|  |TAMS 0x0000000084f00000| PB 0x0000000084f00000| Untracked 
|  80|0x0000000085000000, 0x0000000085100000, 0x0000000085100000|100%| O|  |TAMS 0x0000000085000000| PB 0x0000000085000000| Untracked 
|  81|0x0000000085100000, 0x0000000085200000, 0x0000000085200000|100%| O|  |TAMS 0x0000000085100000| PB 0x0000000085100000| Untracked 
|  82|0x0000000085200000, 0x0000000085300000, 0x0000000085300000|100%| O|  |TAMS 0x0000000085200000| PB 0x0000000085200000| Untracked 
|  83|0x0000000085300000, 0x0000000085400000, 0x0000000085400000|100%| O|  |TAMS 0x0000000085300000| PB 0x0000000085300000| Untracked 
|  84|0x0000000085400000, 0x0000000085500000, 0x0000000085500000|100%| O|  |TAMS 0x0000000085400000| PB 0x0000000085400000| Untracked 
|  85|0x0000000085500000, 0x0000000085600000, 0x0000000085600000|100%| O|  |TAMS 0x0000000085500000| PB 0x0000000085500000| Untracked 
|  86|0x0000000085600000, 0x0000000085700000, 0x0000000085700000|100%| O|  |TAMS 0x0000000085600000| PB 0x0000000085600000| Untracked 
|  87|0x0000000085700000, 0x0000000085800000, 0x0000000085800000|100%| O|  |TAMS 0x0000000085700000| PB 0x0000000085700000| Untracked 
|  88|0x0000000085800000, 0x0000000085900000, 0x0000000085900000|100%| O|  |TAMS 0x0000000085800000| PB 0x0000000085800000| Untracked 
|  89|0x0000000085900000, 0x0000000085a00000, 0x0000000085a00000|100%| O|  |TAMS 0x0000000085900000| PB 0x0000000085900000| Untracked 
|  90|0x0000000085a00000, 0x0000000085b00000, 0x0000000085b00000|100%| O|  |TAMS 0x0000000085a00000| PB 0x0000000085a00000| Untracked 
|  91|0x0000000085b00000, 0x0000000085c00000, 0x0000000085c00000|100%| O|  |TAMS 0x0000000085b00000| PB 0x0000000085b00000| Untracked 
|  92|0x0000000085c00000, 0x0000000085d00000, 0x0000000085d00000|100%| O|  |TAMS 0x0000000085c00000| PB 0x0000000085c00000| Untracked 
|  93|0x0000000085d00000, 0x0000000085e00000, 0x0000000085e00000|100%| O|  |TAMS 0x0000000085d00000| PB 0x0000000085d00000| Untracked 
|  94|0x0000000085e00000, 0x0000000085f00000, 0x0000000085f00000|100%| O|  |TAMS 0x0000000085e00000| PB 0x0000000085e00000| Untracked 
|  95|0x0000000085f00000, 0x0000000086000000, 0x0000000086000000|100%| O|  |TAMS 0x0000000085f00000| PB 0x0000000085f00000| Untracked 
|  96|0x0000000086000000, 0x0000000086100000, 0x0000000086100000|100%| O|  |TAMS 0x0000000086000000| PB 0x0000000086000000| Untracked 
|  97|0x0000000086100000, 0x0000000086200000, 0x0000000086200000|100%| O|  |TAMS 0x0000000086100000| PB 0x0000000086100000| Untracked 
|  98|0x0000000086200000, 0x0000000086300000, 0x0000000086300000|100%| O|  |TAMS 0x0000000086200000| PB 0x0000000086200000| Untracked 
|  99|0x0000000086300000, 0x0000000086400000, 0x0000000086400000|100%| O|  |TAMS 0x0000000086300000| PB 0x0000000086300000| Untracked 
| 100|0x0000000086400000, 0x0000000086500000, 0x0000000086500000|100%| O|  |TAMS 0x0000000086400000| PB 0x0000000086400000| Untracked 
| 101|0x0000000086500000, 0x0000000086600000, 0x0000000086600000|100%| O|  |TAMS 0x0000000086500000| PB 0x0000000086500000| Untracked 
| 102|0x0000000086600000, 0x0000000086700000, 0x0000000086700000|100%| O|  |TAMS 0x0000000086600000| PB 0x0000000086600000| Untracked 
| 103|0x0000000086700000, 0x0000000086800000, 0x0000000086800000|100%| O|  |TAMS 0x0000000086700000| PB 0x0000000086700000| Untracked 
| 104|0x0000000086800000, 0x0000000086900000, 0x0000000086900000|100%| O|  |TAMS 0x0000000086800000| PB 0x0000000086800000| Untracked 
| 105|0x0000000086900000, 0x0000000086a00000, 0x0000000086a00000|100%| O|  |TAMS 0x0000000086900000| PB 0x0000000086900000| Untracked 
| 106|0x0000000086a00000, 0x0000000086b00000, 0x0000000086b00000|100%| O|  |TAMS 0x0000000086a00000| PB 0x0000000086a00000| Untracked 
| 107|0x0000000086b00000, 0x0000000086c00000, 0x0000000086c00000|100%| O|  |TAMS 0x0000000086b00000| PB 0x0000000086b00000| Untracked 
| 108|0x0000000086c00000, 0x0000000086d00000, 0x0000000086d00000|100%| O|  |TAMS 0x0000000086c00000| PB 0x0000000086c00000| Untracked 
| 109|0x0000000086d00000, 0x0000000086e00000, 0x0000000086e00000|100%| O|  |TAMS 0x0000000086d00000| PB 0x0000000086d00000| Untracked 
| 110|0x0000000086e00000, 0x0000000086f00000, 0x0000000086f00000|100%| O|  |TAMS 0x0000000086e00000| PB 0x0000000086e00000| Untracked 
| 111|0x0000000086f00000, 0x0000000087000000, 0x0000000087000000|100%| O|  |TAMS 0x0000000086f00000| PB 0x0000000086f00000| Untracked 
| 112|0x0000000087000000, 0x0000000087100000, 0x0000000087100000|100%| O|  |TAMS 0x0000000087000000| PB 0x0000000087000000| Untracked 
| 113|0x0000000087100000, 0x0000000087200000, 0x0000000087200000|100%| O|  |TAMS 0x0000000087100000| PB 0x0000000087100000| Untracked 
| 114|0x0000000087200000, 0x0000000087200000, 0x0000000087300000|  0%| F|  |TAMS 0x0000000087200000| PB 0x0000000087200000| Untracked 
| 115|0x0000000087300000, 0x0000000087400000, 0x0000000087400000|100%| O|  |TAMS 0x0000000087300000| PB 0x0000000087300000| Untracked 
| 116|0x0000000087400000, 0x0000000087500000, 0x0000000087500000|100%| O|  |TAMS 0x0000000087400000| PB 0x0000000087400000| Untracked 
| 117|0x0000000087500000, 0x0000000087600000, 0x0000000087600000|100%| O|  |TAMS 0x0000000087500000| PB 0x0000000087500000| Untracked 
| 118|0x0000000087600000, 0x0000000087700000, 0x0000000087700000|100%| O|  |TAMS 0x0000000087600000| PB 0x0000000087600000| Untracked 
| 119|0x0000000087700000, 0x0000000087700000, 0x0000000087800000|  0%| F|  |TAMS 0x0000000087700000| PB 0x0000000087700000| Untracked 
| 120|0x0000000087800000, 0x0000000087900000, 0x0000000087900000|100%| O|  |TAMS 0x0000000087800000| PB 0x0000000087800000| Untracked 
| 121|0x0000000087900000, 0x0000000087a00000, 0x0000000087a00000|100%| O|  |TAMS 0x0000000087900000| PB 0x0000000087900000| Untracked 
| 122|0x0000000087a00000, 0x0000000087b00000, 0x0000000087b00000|100%| O|  |TAMS 0x0000000087a00000| PB 0x0000000087a00000| Untracked 
| 123|0x0000000087b00000, 0x0000000087c00000, 0x0000000087c00000|100%| O|  |TAMS 0x0000000087b00000| PB 0x0000000087b00000| Untracked 
| 124|0x0000000087c00000, 0x0000000087d00000, 0x0000000087d00000|100%| O|  |TAMS 0x0000000087c00000| PB 0x0000000087c00000| Untracked 
| 125|0x0000000087d00000, 0x0000000087e00000, 0x0000000087e00000|100%|HS|  |TAMS 0x0000000087d00000| PB 0x0000000087d00000| Complete 
| 126|0x0000000087e00000, 0x0000000087f00000, 0x0000000087f00000|100%| O|  |TAMS 0x0000000087e00000| PB 0x0000000087e00000| Untracked 
| 127|0x0000000087f00000, 0x0000000087f00000, 0x0000000088000000|  0%| F|  |TAMS 0x0000000087f00000| PB 0x0000000087f00000| Untracked 
| 128|0x0000000088000000, 0x0000000088000000, 0x0000000088100000|  0%| F|  |TAMS 0x0000000088000000| PB 0x0000000088000000| Untracked 
| 129|0x0000000088100000, 0x0000000088100000, 0x0000000088200000|  0%| F|  |TAMS 0x0000000088100000| PB 0x0000000088100000| Untracked 
| 130|0x0000000088200000, 0x0000000088300000, 0x0000000088300000|100%| O|  |TAMS 0x0000000088200000| PB 0x0000000088200000| Untracked 
| 131|0x0000000088300000, 0x0000000088300000, 0x0000000088400000|  0%| F|  |TAMS 0x0000000088300000| PB 0x0000000088300000| Untracked 
| 132|0x0000000088400000, 0x0000000088500000, 0x0000000088500000|100%| O|  |TAMS 0x0000000088400000| PB 0x0000000088400000| Untracked 
| 133|0x0000000088500000, 0x0000000088600000, 0x0000000088600000|100%| O|  |TAMS 0x0000000088500000| PB 0x0000000088500000| Untracked 
| 134|0x0000000088600000, 0x0000000088700000, 0x0000000088700000|100%| O|  |TAMS 0x0000000088600000| PB 0x0000000088600000| Untracked 
| 135|0x0000000088700000, 0x0000000088800000, 0x0000000088800000|100%| O|  |TAMS 0x0000000088700000| PB 0x0000000088700000| Untracked 
| 136|0x0000000088800000, 0x0000000088900000, 0x0000000088900000|100%| O|  |TAMS 0x0000000088800000| PB 0x0000000088800000| Untracked 
| 137|0x0000000088900000, 0x0000000088900000, 0x0000000088a00000|  0%| F|  |TAMS 0x0000000088900000| PB 0x0000000088900000| Untracked 
| 138|0x0000000088a00000, 0x0000000088a00000, 0x0000000088b00000|  0%| F|  |TAMS 0x0000000088a00000| PB 0x0000000088a00000| Untracked 
| 139|0x0000000088b00000, 0x0000000088c00000, 0x0000000088c00000|100%| O|  |TAMS 0x0000000088b00000| PB 0x0000000088b00000| Untracked 
| 140|0x0000000088c00000, 0x0000000088d00000, 0x0000000088d00000|100%| O|  |TAMS 0x0000000088c00000| PB 0x0000000088c00000| Untracked 
| 141|0x0000000088d00000, 0x0000000088d00000, 0x0000000088e00000|  0%| F|  |TAMS 0x0000000088d00000| PB 0x0000000088d00000| Untracked 
| 142|0x0000000088e00000, 0x0000000088e00000, 0x0000000088f00000|  0%| F|  |TAMS 0x0000000088e00000| PB 0x0000000088e00000| Untracked 
| 143|0x0000000088f00000, 0x0000000088f00000, 0x0000000089000000|  0%| F|  |TAMS 0x0000000088f00000| PB 0x0000000088f00000| Untracked 
| 144|0x0000000089000000, 0x0000000089100000, 0x0000000089100000|100%|HS|  |TAMS 0x0000000089000000| PB 0x0000000089000000| Complete 
| 145|0x0000000089100000, 0x0000000089200000, 0x0000000089200000|100%|HC|  |TAMS 0x0000000089100000| PB 0x0000000089100000| Complete 
| 146|0x0000000089200000, 0x0000000089300000, 0x0000000089300000|100%|HC|  |TAMS 0x0000000089200000| PB 0x0000000089200000| Complete 
| 147|0x0000000089300000, 0x0000000089400000, 0x0000000089400000|100%| O|  |TAMS 0x0000000089300000| PB 0x0000000089300000| Untracked 
| 148|0x0000000089400000, 0x0000000089400000, 0x0000000089500000|  0%| F|  |TAMS 0x0000000089400000| PB 0x0000000089400000| Untracked 
| 149|0x0000000089500000, 0x0000000089600000, 0x0000000089600000|100%| O|  |TAMS 0x0000000089500000| PB 0x0000000089500000| Untracked 
| 150|0x0000000089600000, 0x0000000089700000, 0x0000000089700000|100%| O|  |TAMS 0x0000000089600000| PB 0x0000000089600000| Untracked 
| 151|0x0000000089700000, 0x0000000089800000, 0x0000000089800000|100%| O|  |TAMS 0x0000000089700000| PB 0x0000000089700000| Untracked 
| 152|0x0000000089800000, 0x0000000089900000, 0x0000000089900000|100%| O|  |TAMS 0x0000000089800000| PB 0x0000000089800000| Untracked 
| 153|0x0000000089900000, 0x0000000089a00000, 0x0000000089a00000|100%| O|  |TAMS 0x0000000089900000| PB 0x0000000089900000| Untracked 
| 154|0x0000000089a00000, 0x0000000089b00000, 0x0000000089b00000|100%| O|  |TAMS 0x0000000089a00000| PB 0x0000000089a00000| Untracked 
| 155|0x0000000089b00000, 0x0000000089c00000, 0x0000000089c00000|100%| O|  |TAMS 0x0000000089b00000| PB 0x0000000089b00000| Untracked 
| 156|0x0000000089c00000, 0x0000000089c00000, 0x0000000089d00000|  0%| F|  |TAMS 0x0000000089c00000| PB 0x0000000089c00000| Untracked 
| 157|0x0000000089d00000, 0x0000000089e00000, 0x0000000089e00000|100%| O|  |TAMS 0x0000000089d00000| PB 0x0000000089d00000| Untracked 
| 158|0x0000000089e00000, 0x0000000089e00000, 0x0000000089f00000|  0%| F|  |TAMS 0x0000000089e00000| PB 0x0000000089e00000| Untracked 
| 159|0x0000000089f00000, 0x000000008a000000, 0x000000008a000000|100%| O|  |TAMS 0x0000000089f00000| PB 0x0000000089f00000| Untracked 
| 160|0x000000008a000000, 0x000000008a100000, 0x000000008a100000|100%| O|  |TAMS 0x000000008a000000| PB 0x000000008a000000| Untracked 
| 161|0x000000008a100000, 0x000000008a200000, 0x000000008a200000|100%| O|  |TAMS 0x000000008a100000| PB 0x000000008a100000| Untracked 
| 162|0x000000008a200000, 0x000000008a300000, 0x000000008a300000|100%| O|  |TAMS 0x000000008a200000| PB 0x000000008a200000| Untracked 
| 163|0x000000008a300000, 0x000000008a400000, 0x000000008a400000|100%| O|  |TAMS 0x000000008a300000| PB 0x000000008a300000| Untracked 
| 164|0x000000008a400000, 0x000000008a500000, 0x000000008a500000|100%| O|  |TAMS 0x000000008a400000| PB 0x000000008a400000| Untracked 
| 165|0x000000008a500000, 0x000000008a500000, 0x000000008a600000|  0%| F|  |TAMS 0x000000008a500000| PB 0x000000008a500000| Untracked 
| 166|0x000000008a600000, 0x000000008a700000, 0x000000008a700000|100%| O|  |TAMS 0x000000008a600000| PB 0x000000008a600000| Untracked 
| 167|0x000000008a700000, 0x000000008a700000, 0x000000008a800000|  0%| F|  |TAMS 0x000000008a700000| PB 0x000000008a700000| Untracked 
| 168|0x000000008a800000, 0x000000008a800000, 0x000000008a900000|  0%| F|  |TAMS 0x000000008a800000| PB 0x000000008a800000| Untracked 
| 169|0x000000008a900000, 0x000000008a900000, 0x000000008aa00000|  0%| F|  |TAMS 0x000000008a900000| PB 0x000000008a900000| Untracked 
| 170|0x000000008aa00000, 0x000000008ab00000, 0x000000008ab00000|100%|HS|  |TAMS 0x000000008aa00000| PB 0x000000008aa00000| Complete 
| 171|0x000000008ab00000, 0x000000008ab00000, 0x000000008ac00000|  0%| F|  |TAMS 0x000000008ab00000| PB 0x000000008ab00000| Untracked 
| 172|0x000000008ac00000, 0x000000008ad00000, 0x000000008ad00000|100%|HS|  |TAMS 0x000000008ac00000| PB 0x000000008ac00000| Complete 
| 173|0x000000008ad00000, 0x000000008ae00000, 0x000000008ae00000|100%| O|  |TAMS 0x000000008ad00000| PB 0x000000008ad00000| Untracked 
| 174|0x000000008ae00000, 0x000000008af00000, 0x000000008af00000|100%|HS|  |TAMS 0x000000008ae00000| PB 0x000000008ae00000| Complete 
| 175|0x000000008af00000, 0x000000008b000000, 0x000000008b000000|100%| O|  |TAMS 0x000000008af00000| PB 0x000000008af00000| Untracked 
| 176|0x000000008b000000, 0x000000008b100000, 0x000000008b100000|100%| O|  |TAMS 0x000000008b000000| PB 0x000000008b000000| Untracked 
| 177|0x000000008b100000, 0x000000008b200000, 0x000000008b200000|100%| O|  |TAMS 0x000000008b100000| PB 0x000000008b100000| Untracked 
| 178|0x000000008b200000, 0x000000008b300000, 0x000000008b300000|100%| O|  |TAMS 0x000000008b200000| PB 0x000000008b200000| Untracked 
| 179|0x000000008b300000, 0x000000008b400000, 0x000000008b400000|100%| O|  |TAMS 0x000000008b300000| PB 0x000000008b300000| Untracked 
| 180|0x000000008b400000, 0x000000008b500000, 0x000000008b500000|100%| O|  |TAMS 0x000000008b400000| PB 0x000000008b400000| Untracked 
| 181|0x000000008b500000, 0x000000008b600000, 0x000000008b600000|100%| O|  |TAMS 0x000000008b500000| PB 0x000000008b500000| Untracked 
| 182|0x000000008b600000, 0x000000008b700000, 0x000000008b700000|100%| O|  |TAMS 0x000000008b600000| PB 0x000000008b600000| Untracked 
| 183|0x000000008b700000, 0x000000008b800000, 0x000000008b800000|100%| O|  |TAMS 0x000000008b700000| PB 0x000000008b700000| Untracked 
| 184|0x000000008b800000, 0x000000008b900000, 0x000000008b900000|100%| O|  |TAMS 0x000000008b800000| PB 0x000000008b800000| Untracked 
| 185|0x000000008b900000, 0x000000008ba00000, 0x000000008ba00000|100%| O|  |TAMS 0x000000008b900000| PB 0x000000008b900000| Untracked 
| 186|0x000000008ba00000, 0x000000008bb00000, 0x000000008bb00000|100%| O|  |TAMS 0x000000008ba00000| PB 0x000000008ba00000| Untracked 
| 187|0x000000008bb00000, 0x000000008bb00000, 0x000000008bc00000|  0%| F|  |TAMS 0x000000008bb00000| PB 0x000000008bb00000| Untracked 
| 188|0x000000008bc00000, 0x000000008bd00000, 0x000000008bd00000|100%| O|  |TAMS 0x000000008bc00000| PB 0x000000008bc00000| Untracked 
| 189|0x000000008bd00000, 0x000000008be00000, 0x000000008be00000|100%| O|  |TAMS 0x000000008bd00000| PB 0x000000008bd00000| Untracked 
| 190|0x000000008be00000, 0x000000008be00000, 0x000000008bf00000|  0%| F|  |TAMS 0x000000008be00000| PB 0x000000008be00000| Untracked 
| 191|0x000000008bf00000, 0x000000008c000000, 0x000000008c000000|100%| O|  |TAMS 0x000000008bf00000| PB 0x000000008bf00000| Untracked 
| 192|0x000000008c000000, 0x000000008c100000, 0x000000008c100000|100%| O|  |TAMS 0x000000008c000000| PB 0x000000008c000000| Untracked 
| 193|0x000000008c100000, 0x000000008c200000, 0x000000008c200000|100%| O|  |TAMS 0x000000008c100000| PB 0x000000008c100000| Untracked 
| 194|0x000000008c200000, 0x000000008c300000, 0x000000008c300000|100%| O|  |TAMS 0x000000008c200000| PB 0x000000008c200000| Untracked 
| 195|0x000000008c300000, 0x000000008c400000, 0x000000008c400000|100%| O|  |TAMS 0x000000008c300000| PB 0x000000008c300000| Untracked 
| 196|0x000000008c400000, 0x000000008c500000, 0x000000008c500000|100%| O|  |TAMS 0x000000008c400000| PB 0x000000008c400000| Untracked 
| 197|0x000000008c500000, 0x000000008c600000, 0x000000008c600000|100%| O|  |TAMS 0x000000008c500000| PB 0x000000008c500000| Untracked 
| 198|0x000000008c600000, 0x000000008c600000, 0x000000008c700000|  0%| F|  |TAMS 0x000000008c600000| PB 0x000000008c600000| Untracked 
| 199|0x000000008c700000, 0x000000008c800000, 0x000000008c800000|100%| O|  |TAMS 0x000000008c700000| PB 0x000000008c700000| Untracked 
| 200|0x000000008c800000, 0x000000008c900000, 0x000000008c900000|100%| O|  |TAMS 0x000000008c800000| PB 0x000000008c800000| Untracked 
| 201|0x000000008c900000, 0x000000008c900000, 0x000000008ca00000|  0%| F|  |TAMS 0x000000008c900000| PB 0x000000008c900000| Untracked 
| 202|0x000000008ca00000, 0x000000008cb00000, 0x000000008cb00000|100%| O|  |TAMS 0x000000008ca00000| PB 0x000000008ca00000| Untracked 
| 203|0x000000008cb00000, 0x000000008cb00000, 0x000000008cc00000|  0%| F|  |TAMS 0x000000008cb00000| PB 0x000000008cb00000| Untracked 
| 204|0x000000008cc00000, 0x000000008cd00000, 0x000000008cd00000|100%| O|  |TAMS 0x000000008cc00000| PB 0x000000008cc00000| Untracked 
| 205|0x000000008cd00000, 0x000000008cd00000, 0x000000008ce00000|  0%| F|  |TAMS 0x000000008cd00000| PB 0x000000008cd00000| Untracked 
| 206|0x000000008ce00000, 0x000000008cf00000, 0x000000008cf00000|100%| O|  |TAMS 0x000000008ce00000| PB 0x000000008ce00000| Untracked 
| 207|0x000000008cf00000, 0x000000008d000000, 0x000000008d000000|100%| O|  |TAMS 0x000000008cf00000| PB 0x000000008cf00000| Untracked 
| 208|0x000000008d000000, 0x000000008d100000, 0x000000008d100000|100%| O|  |TAMS 0x000000008d000000| PB 0x000000008d000000| Untracked 
| 209|0x000000008d100000, 0x000000008d100000, 0x000000008d200000|  0%| F|  |TAMS 0x000000008d100000| PB 0x000000008d100000| Untracked 
| 210|0x000000008d200000, 0x000000008d200000, 0x000000008d300000|  0%| F|  |TAMS 0x000000008d200000| PB 0x000000008d200000| Untracked 
| 211|0x000000008d300000, 0x000000008d300000, 0x000000008d400000|  0%| F|  |TAMS 0x000000008d300000| PB 0x000000008d300000| Untracked 
| 212|0x000000008d400000, 0x000000008d400000, 0x000000008d500000|  0%| F|  |TAMS 0x000000008d400000| PB 0x000000008d400000| Untracked 
| 213|0x000000008d500000, 0x000000008d600000, 0x000000008d600000|100%| O|  |TAMS 0x000000008d500000| PB 0x000000008d500000| Untracked 
| 214|0x000000008d600000, 0x000000008d700000, 0x000000008d700000|100%| O|  |TAMS 0x000000008d600000| PB 0x000000008d600000| Untracked 
| 215|0x000000008d700000, 0x000000008d800000, 0x000000008d800000|100%| O|  |TAMS 0x000000008d700000| PB 0x000000008d700000| Untracked 
| 216|0x000000008d800000, 0x000000008d900000, 0x000000008d900000|100%| O|  |TAMS 0x000000008d800000| PB 0x000000008d800000| Untracked 
| 217|0x000000008d900000, 0x000000008da00000, 0x000000008da00000|100%| O|  |TAMS 0x000000008d900000| PB 0x000000008d900000| Untracked 
| 218|0x000000008da00000, 0x000000008db00000, 0x000000008db00000|100%| O|  |TAMS 0x000000008da00000| PB 0x000000008da00000| Untracked 
| 219|0x000000008db00000, 0x000000008dc00000, 0x000000008dc00000|100%| O|  |TAMS 0x000000008db00000| PB 0x000000008db00000| Untracked 
| 220|0x000000008dc00000, 0x000000008dc00000, 0x000000008dd00000|  0%| F|  |TAMS 0x000000008dc00000| PB 0x000000008dc00000| Untracked 
| 221|0x000000008dd00000, 0x000000008de00000, 0x000000008de00000|100%| O|  |TAMS 0x000000008dd00000| PB 0x000000008dd00000| Untracked 
| 222|0x000000008de00000, 0x000000008df00000, 0x000000008df00000|100%| O|  |TAMS 0x000000008de00000| PB 0x000000008de00000| Untracked 
| 223|0x000000008df00000, 0x000000008e000000, 0x000000008e000000|100%| O|  |TAMS 0x000000008df00000| PB 0x000000008df00000| Untracked 
| 224|0x000000008e000000, 0x000000008e000000, 0x000000008e100000|  0%| F|  |TAMS 0x000000008e000000| PB 0x000000008e000000| Untracked 
| 225|0x000000008e100000, 0x000000008e200000, 0x000000008e200000|100%| O|  |TAMS 0x000000008e100000| PB 0x000000008e100000| Untracked 
| 226|0x000000008e200000, 0x000000008e200000, 0x000000008e300000|  0%| F|  |TAMS 0x000000008e200000| PB 0x000000008e200000| Untracked 
| 227|0x000000008e300000, 0x000000008e400000, 0x000000008e400000|100%| O|  |TAMS 0x000000008e300000| PB 0x000000008e300000| Untracked 
| 228|0x000000008e400000, 0x000000008e500000, 0x000000008e500000|100%| O|  |TAMS 0x000000008e400000| PB 0x000000008e400000| Untracked 
| 229|0x000000008e500000, 0x000000008e500000, 0x000000008e600000|  0%| F|  |TAMS 0x000000008e500000| PB 0x000000008e500000| Untracked 
| 230|0x000000008e600000, 0x000000008e600000, 0x000000008e700000|  0%| F|  |TAMS 0x000000008e600000| PB 0x000000008e600000| Untracked 
| 231|0x000000008e700000, 0x000000008e700000, 0x000000008e800000|  0%| F|  |TAMS 0x000000008e700000| PB 0x000000008e700000| Untracked 
| 232|0x000000008e800000, 0x000000008e900000, 0x000000008e900000|100%| O|  |TAMS 0x000000008e800000| PB 0x000000008e800000| Untracked 
| 233|0x000000008e900000, 0x000000008e900000, 0x000000008ea00000|  0%| F|  |TAMS 0x000000008e900000| PB 0x000000008e900000| Untracked 
| 234|0x000000008ea00000, 0x000000008ea00000, 0x000000008eb00000|  0%| F|  |TAMS 0x000000008ea00000| PB 0x000000008ea00000| Untracked 
| 235|0x000000008eb00000, 0x000000008ec00000, 0x000000008ec00000|100%| O|  |TAMS 0x000000008eb00000| PB 0x000000008eb00000| Untracked 
| 236|0x000000008ec00000, 0x000000008ed00000, 0x000000008ed00000|100%| O|  |TAMS 0x000000008ec00000| PB 0x000000008ec00000| Untracked 
| 237|0x000000008ed00000, 0x000000008ed00000, 0x000000008ee00000|  0%| F|  |TAMS 0x000000008ed00000| PB 0x000000008ed00000| Untracked 
| 238|0x000000008ee00000, 0x000000008ef00000, 0x000000008ef00000|100%| O|  |TAMS 0x000000008ee00000| PB 0x000000008ee00000| Untracked 
| 239|0x000000008ef00000, 0x000000008f000000, 0x000000008f000000|100%| O|  |TAMS 0x000000008ef00000| PB 0x000000008ef00000| Untracked 
| 240|0x000000008f000000, 0x000000008f100000, 0x000000008f100000|100%| O|  |TAMS 0x000000008f000000| PB 0x000000008f000000| Untracked 
| 241|0x000000008f100000, 0x000000008f200000, 0x000000008f200000|100%| O|  |TAMS 0x000000008f100000| PB 0x000000008f100000| Untracked 
| 242|0x000000008f200000, 0x000000008f300000, 0x000000008f300000|100%| O|  |TAMS 0x000000008f200000| PB 0x000000008f200000| Untracked 
| 243|0x000000008f300000, 0x000000008f400000, 0x000000008f400000|100%| O|  |TAMS 0x000000008f300000| PB 0x000000008f300000| Untracked 
| 244|0x000000008f400000, 0x000000008f500000, 0x000000008f500000|100%| O|  |TAMS 0x000000008f400000| PB 0x000000008f400000| Untracked 
| 245|0x000000008f500000, 0x000000008f600000, 0x000000008f600000|100%| O|  |TAMS 0x000000008f500000| PB 0x000000008f500000| Untracked 
| 246|0x000000008f600000, 0x000000008f700000, 0x000000008f700000|100%| O|  |TAMS 0x000000008f600000| PB 0x000000008f600000| Untracked 
| 247|0x000000008f700000, 0x000000008f800000, 0x000000008f800000|100%| O|  |TAMS 0x000000008f700000| PB 0x000000008f700000| Untracked 
| 248|0x000000008f800000, 0x000000008f900000, 0x000000008f900000|100%| O|  |TAMS 0x000000008f800000| PB 0x000000008f800000| Untracked 
| 249|0x000000008f900000, 0x000000008fa00000, 0x000000008fa00000|100%| O|  |TAMS 0x000000008f900000| PB 0x000000008f900000| Untracked 
| 250|0x000000008fa00000, 0x000000008fb00000, 0x000000008fb00000|100%| O|  |TAMS 0x000000008fa00000| PB 0x000000008fa00000| Untracked 
| 251|0x000000008fb00000, 0x000000008fc00000, 0x000000008fc00000|100%| O|  |TAMS 0x000000008fb00000| PB 0x000000008fb00000| Untracked 
| 252|0x000000008fc00000, 0x000000008fd00000, 0x000000008fd00000|100%| O|  |TAMS 0x000000008fc00000| PB 0x000000008fc00000| Untracked 
| 253|0x000000008fd00000, 0x000000008fe00000, 0x000000008fe00000|100%| O|  |TAMS 0x000000008fd00000| PB 0x000000008fd00000| Untracked 
| 254|0x000000008fe00000, 0x000000008ff00000, 0x000000008ff00000|100%| O|  |TAMS 0x000000008fe00000| PB 0x000000008fe00000| Untracked 
| 255|0x000000008ff00000, 0x0000000090000000, 0x0000000090000000|100%| O|  |TAMS 0x000000008ff00000| PB 0x000000008ff00000| Untracked 
| 256|0x0000000090000000, 0x0000000090100000, 0x0000000090100000|100%| O|  |TAMS 0x0000000090000000| PB 0x0000000090000000| Untracked 
| 257|0x0000000090100000, 0x0000000090200000, 0x0000000090200000|100%| O|  |TAMS 0x0000000090100000| PB 0x0000000090100000| Untracked 
| 258|0x0000000090200000, 0x0000000090300000, 0x0000000090300000|100%| O|  |TAMS 0x0000000090200000| PB 0x0000000090200000| Untracked 
| 259|0x0000000090300000, 0x0000000090400000, 0x0000000090400000|100%| O|  |TAMS 0x0000000090300000| PB 0x0000000090300000| Untracked 
| 260|0x0000000090400000, 0x0000000090500000, 0x0000000090500000|100%| O|  |TAMS 0x0000000090400000| PB 0x0000000090400000| Untracked 
| 261|0x0000000090500000, 0x0000000090600000, 0x0000000090600000|100%| O|  |TAMS 0x0000000090500000| PB 0x0000000090500000| Untracked 
| 262|0x0000000090600000, 0x0000000090700000, 0x0000000090700000|100%| O|  |TAMS 0x0000000090600000| PB 0x0000000090600000| Untracked 
| 263|0x0000000090700000, 0x0000000090800000, 0x0000000090800000|100%| O|  |TAMS 0x0000000090700000| PB 0x0000000090700000| Untracked 
| 264|0x0000000090800000, 0x0000000090900000, 0x0000000090900000|100%| O|  |TAMS 0x0000000090800000| PB 0x0000000090800000| Untracked 
| 265|0x0000000090900000, 0x0000000090a00000, 0x0000000090a00000|100%| O|  |TAMS 0x0000000090900000| PB 0x0000000090900000| Untracked 
| 266|0x0000000090a00000, 0x0000000090b00000, 0x0000000090b00000|100%| O|  |TAMS 0x0000000090a00000| PB 0x0000000090a00000| Untracked 
| 267|0x0000000090b00000, 0x0000000090c00000, 0x0000000090c00000|100%| O|  |TAMS 0x0000000090b00000| PB 0x0000000090b00000| Untracked 
| 268|0x0000000090c00000, 0x0000000090d00000, 0x0000000090d00000|100%| O|  |TAMS 0x0000000090c00000| PB 0x0000000090c00000| Untracked 
| 269|0x0000000090d00000, 0x0000000090e00000, 0x0000000090e00000|100%| O|  |TAMS 0x0000000090d00000| PB 0x0000000090d00000| Untracked 
| 270|0x0000000090e00000, 0x0000000090f00000, 0x0000000090f00000|100%| O|  |TAMS 0x0000000090e00000| PB 0x0000000090e00000| Untracked 
| 271|0x0000000090f00000, 0x0000000091000000, 0x0000000091000000|100%| O|  |TAMS 0x0000000090f00000| PB 0x0000000090f00000| Untracked 
| 272|0x0000000091000000, 0x0000000091100000, 0x0000000091100000|100%| O|  |TAMS 0x0000000091000000| PB 0x0000000091000000| Untracked 
| 273|0x0000000091100000, 0x0000000091200000, 0x0000000091200000|100%| O|  |TAMS 0x0000000091100000| PB 0x0000000091100000| Untracked 
| 274|0x0000000091200000, 0x0000000091300000, 0x0000000091300000|100%| O|  |TAMS 0x0000000091200000| PB 0x0000000091200000| Untracked 
| 275|0x0000000091300000, 0x0000000091400000, 0x0000000091400000|100%| O|  |TAMS 0x0000000091300000| PB 0x0000000091300000| Untracked 
| 276|0x0000000091400000, 0x0000000091500000, 0x0000000091500000|100%| O|  |TAMS 0x0000000091400000| PB 0x0000000091400000| Untracked 
| 277|0x0000000091500000, 0x0000000091600000, 0x0000000091600000|100%| O|  |TAMS 0x0000000091500000| PB 0x0000000091500000| Untracked 
| 278|0x0000000091600000, 0x0000000091700000, 0x0000000091700000|100%| O|  |TAMS 0x0000000091600000| PB 0x0000000091600000| Untracked 
| 279|0x0000000091700000, 0x0000000091700000, 0x0000000091800000|  0%| F|  |TAMS 0x0000000091700000| PB 0x0000000091700000| Untracked 
| 280|0x0000000091800000, 0x0000000091900000, 0x0000000091900000|100%| O|  |TAMS 0x0000000091800000| PB 0x0000000091800000| Untracked 
| 281|0x0000000091900000, 0x0000000091a00000, 0x0000000091a00000|100%| O|  |TAMS 0x0000000091900000| PB 0x0000000091900000| Untracked 
| 282|0x0000000091a00000, 0x0000000091b00000, 0x0000000091b00000|100%| O|  |TAMS 0x0000000091a00000| PB 0x0000000091a00000| Untracked 
| 283|0x0000000091b00000, 0x0000000091c00000, 0x0000000091c00000|100%| O|  |TAMS 0x0000000091b00000| PB 0x0000000091b00000| Untracked 
| 284|0x0000000091c00000, 0x0000000091d00000, 0x0000000091d00000|100%| O|  |TAMS 0x0000000091c00000| PB 0x0000000091c00000| Untracked 
| 285|0x0000000091d00000, 0x0000000091e00000, 0x0000000091e00000|100%| O|  |TAMS 0x0000000091d00000| PB 0x0000000091d00000| Untracked 
| 286|0x0000000091e00000, 0x0000000091f00000, 0x0000000091f00000|100%| O|  |TAMS 0x0000000091e00000| PB 0x0000000091e00000| Untracked 
| 287|0x0000000091f00000, 0x0000000092000000, 0x0000000092000000|100%| O|  |TAMS 0x0000000091f00000| PB 0x0000000091f00000| Untracked 
| 288|0x0000000092000000, 0x0000000092100000, 0x0000000092100000|100%| O|  |TAMS 0x0000000092000000| PB 0x0000000092000000| Untracked 
| 289|0x0000000092100000, 0x0000000092200000, 0x0000000092200000|100%| O|  |TAMS 0x0000000092100000| PB 0x0000000092100000| Untracked 
| 290|0x0000000092200000, 0x0000000092300000, 0x0000000092300000|100%| O|  |TAMS 0x0000000092200000| PB 0x0000000092200000| Untracked 
| 291|0x0000000092300000, 0x0000000092400000, 0x0000000092400000|100%| O|  |TAMS 0x0000000092300000| PB 0x0000000092300000| Untracked 
| 292|0x0000000092400000, 0x0000000092500000, 0x0000000092500000|100%| O|  |TAMS 0x0000000092400000| PB 0x0000000092400000| Untracked 
| 293|0x0000000092500000, 0x0000000092600000, 0x0000000092600000|100%| O|  |TAMS 0x0000000092500000| PB 0x0000000092500000| Untracked 
| 294|0x0000000092600000, 0x0000000092700000, 0x0000000092700000|100%| O|  |TAMS 0x0000000092600000| PB 0x0000000092600000| Untracked 
| 295|0x0000000092700000, 0x0000000092800000, 0x0000000092800000|100%| O|  |TAMS 0x0000000092700000| PB 0x0000000092700000| Untracked 
| 296|0x0000000092800000, 0x0000000092900000, 0x0000000092900000|100%| O|  |TAMS 0x0000000092800000| PB 0x0000000092800000| Untracked 
| 297|0x0000000092900000, 0x0000000092a00000, 0x0000000092a00000|100%| O|  |TAMS 0x0000000092900000| PB 0x0000000092900000| Untracked 
| 298|0x0000000092a00000, 0x0000000092b00000, 0x0000000092b00000|100%| O|  |TAMS 0x0000000092a00000| PB 0x0000000092a00000| Untracked 
| 299|0x0000000092b00000, 0x0000000092c00000, 0x0000000092c00000|100%| O|  |TAMS 0x0000000092b00000| PB 0x0000000092b00000| Untracked 
| 300|0x0000000092c00000, 0x0000000092c00000, 0x0000000092d00000|  0%| F|  |TAMS 0x0000000092c00000| PB 0x0000000092c00000| Untracked 
| 301|0x0000000092d00000, 0x0000000092e00000, 0x0000000092e00000|100%| O|  |TAMS 0x0000000092d00000| PB 0x0000000092d00000| Untracked 
| 302|0x0000000092e00000, 0x0000000092f00000, 0x0000000092f00000|100%| O|  |TAMS 0x0000000092e00000| PB 0x0000000092e00000| Untracked 
| 303|0x0000000092f00000, 0x0000000093000000, 0x0000000093000000|100%| O|  |TAMS 0x0000000092f00000| PB 0x0000000092f00000| Untracked 
| 304|0x0000000093000000, 0x0000000093100000, 0x0000000093100000|100%| O|  |TAMS 0x0000000093000000| PB 0x0000000093000000| Untracked 
| 305|0x0000000093100000, 0x0000000093200000, 0x0000000093200000|100%| O|  |TAMS 0x0000000093100000| PB 0x0000000093100000| Untracked 
| 306|0x0000000093200000, 0x0000000093300000, 0x0000000093300000|100%| O|  |TAMS 0x0000000093200000| PB 0x0000000093200000| Untracked 
| 307|0x0000000093300000, 0x0000000093300000, 0x0000000093400000|  0%| F|  |TAMS 0x0000000093300000| PB 0x0000000093300000| Untracked 
| 308|0x0000000093400000, 0x0000000093400000, 0x0000000093500000|  0%| F|  |TAMS 0x0000000093400000| PB 0x0000000093400000| Untracked 
| 309|0x0000000093500000, 0x0000000093500000, 0x0000000093600000|  0%| F|  |TAMS 0x0000000093500000| PB 0x0000000093500000| Untracked 
| 310|0x0000000093600000, 0x0000000093600000, 0x0000000093700000|  0%| F|  |TAMS 0x0000000093600000| PB 0x0000000093600000| Untracked 
| 311|0x0000000093700000, 0x0000000093700000, 0x0000000093800000|  0%| F|  |TAMS 0x0000000093700000| PB 0x0000000093700000| Untracked 
| 312|0x0000000093800000, 0x0000000093800000, 0x0000000093900000|  0%| F|  |TAMS 0x0000000093800000| PB 0x0000000093800000| Untracked 
| 313|0x0000000093900000, 0x0000000093900000, 0x0000000093a00000|  0%| F|  |TAMS 0x0000000093900000| PB 0x0000000093900000| Untracked 
| 314|0x0000000093a00000, 0x0000000093a00000, 0x0000000093b00000|  0%| F|  |TAMS 0x0000000093a00000| PB 0x0000000093a00000| Untracked 
| 315|0x0000000093b00000, 0x0000000093b00000, 0x0000000093c00000|  0%| F|  |TAMS 0x0000000093b00000| PB 0x0000000093b00000| Untracked 
| 316|0x0000000093c00000, 0x0000000093c00000, 0x0000000093d00000|  0%| F|  |TAMS 0x0000000093c00000| PB 0x0000000093c00000| Untracked 
| 317|0x0000000093d00000, 0x0000000093d00000, 0x0000000093e00000|  0%| F|  |TAMS 0x0000000093d00000| PB 0x0000000093d00000| Untracked 
| 318|0x0000000093e00000, 0x0000000093e00000, 0x0000000093f00000|  0%| F|  |TAMS 0x0000000093e00000| PB 0x0000000093e00000| Untracked 
| 319|0x0000000093f00000, 0x0000000093f00000, 0x0000000094000000|  0%| F|  |TAMS 0x0000000093f00000| PB 0x0000000093f00000| Untracked 
| 320|0x0000000094000000, 0x0000000094000000, 0x0000000094100000|  0%| F|  |TAMS 0x0000000094000000| PB 0x0000000094000000| Untracked 
| 321|0x0000000094100000, 0x0000000094100000, 0x0000000094200000|  0%| F|  |TAMS 0x0000000094100000| PB 0x0000000094100000| Untracked 
| 322|0x0000000094200000, 0x0000000094200000, 0x0000000094300000|  0%| F|  |TAMS 0x0000000094200000| PB 0x0000000094200000| Untracked 
| 323|0x0000000094300000, 0x0000000094300000, 0x0000000094400000|  0%| F|  |TAMS 0x0000000094300000| PB 0x0000000094300000| Untracked 
| 324|0x0000000094400000, 0x0000000094400000, 0x0000000094500000|  0%| F|  |TAMS 0x0000000094400000| PB 0x0000000094400000| Untracked 
| 325|0x0000000094500000, 0x0000000094500000, 0x0000000094600000|  0%| F|  |TAMS 0x0000000094500000| PB 0x0000000094500000| Untracked 
| 326|0x0000000094600000, 0x0000000094600000, 0x0000000094700000|  0%| F|  |TAMS 0x0000000094600000| PB 0x0000000094600000| Untracked 
| 327|0x0000000094700000, 0x0000000094700000, 0x0000000094800000|  0%| F|  |TAMS 0x0000000094700000| PB 0x0000000094700000| Untracked 
| 328|0x0000000094800000, 0x0000000094800000, 0x0000000094900000|  0%| F|  |TAMS 0x0000000094800000| PB 0x0000000094800000| Untracked 
| 329|0x0000000094900000, 0x0000000094900000, 0x0000000094a00000|  0%| F|  |TAMS 0x0000000094900000| PB 0x0000000094900000| Untracked 
| 330|0x0000000094a00000, 0x0000000094a00000, 0x0000000094b00000|  0%| F|  |TAMS 0x0000000094a00000| PB 0x0000000094a00000| Untracked 
| 331|0x0000000094b00000, 0x0000000094b00000, 0x0000000094c00000|  0%| F|  |TAMS 0x0000000094b00000| PB 0x0000000094b00000| Untracked 
| 332|0x0000000094c00000, 0x0000000094c00000, 0x0000000094d00000|  0%| F|  |TAMS 0x0000000094c00000| PB 0x0000000094c00000| Untracked 
| 333|0x0000000094d00000, 0x0000000094d00000, 0x0000000094e00000|  0%| F|  |TAMS 0x0000000094d00000| PB 0x0000000094d00000| Untracked 
| 334|0x0000000094e00000, 0x0000000094e00000, 0x0000000094f00000|  0%| F|  |TAMS 0x0000000094e00000| PB 0x0000000094e00000| Untracked 
| 335|0x0000000094f00000, 0x0000000095000000, 0x0000000095000000|100%| O|  |TAMS 0x0000000094f00000| PB 0x0000000094f00000| Untracked 
| 336|0x0000000095000000, 0x0000000095000000, 0x0000000095100000|  0%| F|  |TAMS 0x0000000095000000| PB 0x0000000095000000| Untracked 
| 337|0x0000000095100000, 0x0000000095200000, 0x0000000095200000|100%| O|  |TAMS 0x0000000095100000| PB 0x0000000095100000| Untracked 
| 338|0x0000000095200000, 0x0000000095300000, 0x0000000095300000|100%| O|  |TAMS 0x0000000095200000| PB 0x0000000095200000| Untracked 
| 339|0x0000000095300000, 0x0000000095400000, 0x0000000095400000|100%| O|  |TAMS 0x0000000095300000| PB 0x0000000095300000| Untracked 
| 340|0x0000000095400000, 0x0000000095400000, 0x0000000095500000|  0%| F|  |TAMS 0x0000000095400000| PB 0x0000000095400000| Untracked 
| 341|0x0000000095500000, 0x0000000095600000, 0x0000000095600000|100%| O|  |TAMS 0x0000000095500000| PB 0x0000000095500000| Untracked 
| 342|0x0000000095600000, 0x0000000095700000, 0x0000000095700000|100%| O|  |TAMS 0x0000000095600000| PB 0x0000000095600000| Untracked 
| 343|0x0000000095700000, 0x0000000095800000, 0x0000000095800000|100%| O|  |TAMS 0x0000000095700000| PB 0x0000000095700000| Untracked 
| 344|0x0000000095800000, 0x0000000095900000, 0x0000000095900000|100%| O|  |TAMS 0x0000000095800000| PB 0x0000000095800000| Untracked 
| 345|0x0000000095900000, 0x0000000095a00000, 0x0000000095a00000|100%| O|  |TAMS 0x0000000095900000| PB 0x0000000095900000| Untracked 
| 346|0x0000000095a00000, 0x0000000095b00000, 0x0000000095b00000|100%| O|  |TAMS 0x0000000095a00000| PB 0x0000000095a00000| Untracked 
| 347|0x0000000095b00000, 0x0000000095c00000, 0x0000000095c00000|100%| O|  |TAMS 0x0000000095b00000| PB 0x0000000095b00000| Untracked 
| 348|0x0000000095c00000, 0x0000000095d00000, 0x0000000095d00000|100%| O|  |TAMS 0x0000000095c00000| PB 0x0000000095c00000| Untracked 
| 349|0x0000000095d00000, 0x0000000095e00000, 0x0000000095e00000|100%| O|  |TAMS 0x0000000095d00000| PB 0x0000000095d00000| Untracked 
| 350|0x0000000095e00000, 0x0000000095f00000, 0x0000000095f00000|100%| O|  |TAMS 0x0000000095e00000| PB 0x0000000095e00000| Untracked 
| 351|0x0000000095f00000, 0x0000000096000000, 0x0000000096000000|100%| O|  |TAMS 0x0000000095f00000| PB 0x0000000095f00000| Untracked 
| 352|0x0000000096000000, 0x0000000096100000, 0x0000000096100000|100%| O|  |TAMS 0x0000000096000000| PB 0x0000000096000000| Untracked 
| 353|0x0000000096100000, 0x0000000096200000, 0x0000000096200000|100%| O|  |TAMS 0x0000000096100000| PB 0x0000000096100000| Untracked 
| 354|0x0000000096200000, 0x0000000096300000, 0x0000000096300000|100%| O|  |TAMS 0x0000000096200000| PB 0x0000000096200000| Untracked 
| 355|0x0000000096300000, 0x0000000096400000, 0x0000000096400000|100%| O|  |TAMS 0x0000000096300000| PB 0x0000000096300000| Untracked 
| 356|0x0000000096400000, 0x0000000096500000, 0x0000000096500000|100%| O|  |TAMS 0x0000000096400000| PB 0x0000000096400000| Untracked 
| 357|0x0000000096500000, 0x0000000096600000, 0x0000000096600000|100%| O|  |TAMS 0x0000000096500000| PB 0x0000000096500000| Untracked 
| 358|0x0000000096600000, 0x0000000096700000, 0x0000000096700000|100%| O|  |TAMS 0x0000000096600000| PB 0x0000000096600000| Untracked 
| 359|0x0000000096700000, 0x0000000096800000, 0x0000000096800000|100%| O|  |TAMS 0x0000000096700000| PB 0x0000000096700000| Untracked 
| 360|0x0000000096800000, 0x0000000096900000, 0x0000000096900000|100%| O|  |TAMS 0x0000000096800000| PB 0x0000000096800000| Untracked 
| 361|0x0000000096900000, 0x0000000096a00000, 0x0000000096a00000|100%| O|  |TAMS 0x0000000096900000| PB 0x0000000096900000| Untracked 
| 362|0x0000000096a00000, 0x0000000096b00000, 0x0000000096b00000|100%| O|  |TAMS 0x0000000096a00000| PB 0x0000000096a00000| Untracked 
| 363|0x0000000096b00000, 0x0000000096c00000, 0x0000000096c00000|100%| O|  |TAMS 0x0000000096b00000| PB 0x0000000096b00000| Untracked 
| 364|0x0000000096c00000, 0x0000000096d00000, 0x0000000096d00000|100%| O|  |TAMS 0x0000000096c00000| PB 0x0000000096c00000| Untracked 
| 365|0x0000000096d00000, 0x0000000096e00000, 0x0000000096e00000|100%| O|  |TAMS 0x0000000096d00000| PB 0x0000000096d00000| Untracked 
| 366|0x0000000096e00000, 0x0000000096f00000, 0x0000000096f00000|100%| O|  |TAMS 0x0000000096e00000| PB 0x0000000096e00000| Untracked 
| 367|0x0000000096f00000, 0x0000000097000000, 0x0000000097000000|100%| O|  |TAMS 0x0000000096f00000| PB 0x0000000096f00000| Untracked 
| 368|0x0000000097000000, 0x0000000097100000, 0x0000000097100000|100%| O|  |TAMS 0x0000000097000000| PB 0x0000000097000000| Untracked 
| 369|0x0000000097100000, 0x0000000097100000, 0x0000000097200000|  0%| F|  |TAMS 0x0000000097100000| PB 0x0000000097100000| Untracked 
| 370|0x0000000097200000, 0x0000000097200000, 0x0000000097300000|  0%| F|  |TAMS 0x0000000097200000| PB 0x0000000097200000| Untracked 
| 371|0x0000000097300000, 0x0000000097300000, 0x0000000097400000|  0%| F|  |TAMS 0x0000000097300000| PB 0x0000000097300000| Untracked 
| 372|0x0000000097400000, 0x0000000097400000, 0x0000000097500000|  0%| F|  |TAMS 0x0000000097400000| PB 0x0000000097400000| Untracked 
| 373|0x0000000097500000, 0x0000000097500000, 0x0000000097600000|  0%| F|  |TAMS 0x0000000097500000| PB 0x0000000097500000| Untracked 
| 374|0x0000000097600000, 0x0000000097600000, 0x0000000097700000|  0%| F|  |TAMS 0x0000000097600000| PB 0x0000000097600000| Untracked 
| 375|0x0000000097700000, 0x0000000097700000, 0x0000000097800000|  0%| F|  |TAMS 0x0000000097700000| PB 0x0000000097700000| Untracked 
| 376|0x0000000097800000, 0x0000000097800000, 0x0000000097900000|  0%| F|  |TAMS 0x0000000097800000| PB 0x0000000097800000| Untracked 
| 377|0x0000000097900000, 0x0000000097900000, 0x0000000097a00000|  0%| F|  |TAMS 0x0000000097900000| PB 0x0000000097900000| Untracked 
| 378|0x0000000097a00000, 0x0000000097a00000, 0x0000000097b00000|  0%| F|  |TAMS 0x0000000097a00000| PB 0x0000000097a00000| Untracked 
| 379|0x0000000097b00000, 0x0000000097b00000, 0x0000000097c00000|  0%| F|  |TAMS 0x0000000097b00000| PB 0x0000000097b00000| Untracked 
| 380|0x0000000097c00000, 0x0000000097c00000, 0x0000000097d00000|  0%| F|  |TAMS 0x0000000097c00000| PB 0x0000000097c00000| Untracked 
| 381|0x0000000097d00000, 0x0000000097d00000, 0x0000000097e00000|  0%| F|  |TAMS 0x0000000097d00000| PB 0x0000000097d00000| Untracked 
| 382|0x0000000097e00000, 0x0000000097e00000, 0x0000000097f00000|  0%| F|  |TAMS 0x0000000097e00000| PB 0x0000000097e00000| Untracked 
| 383|0x0000000097f00000, 0x0000000097f00000, 0x0000000098000000|  0%| F|  |TAMS 0x0000000097f00000| PB 0x0000000097f00000| Untracked 
| 384|0x0000000098000000, 0x0000000098000000, 0x0000000098100000|  0%| F|  |TAMS 0x0000000098000000| PB 0x0000000098000000| Untracked 
| 385|0x0000000098100000, 0x0000000098100000, 0x0000000098200000|  0%| F|  |TAMS 0x0000000098100000| PB 0x0000000098100000| Untracked 
| 386|0x0000000098200000, 0x0000000098200000, 0x0000000098300000|  0%| F|  |TAMS 0x0000000098200000| PB 0x0000000098200000| Untracked 
| 387|0x0000000098300000, 0x0000000098300000, 0x0000000098400000|  0%| F|  |TAMS 0x0000000098300000| PB 0x0000000098300000| Untracked 
| 388|0x0000000098400000, 0x0000000098400000, 0x0000000098500000|  0%| F|  |TAMS 0x0000000098400000| PB 0x0000000098400000| Untracked 
| 389|0x0000000098500000, 0x0000000098500000, 0x0000000098600000|  0%| F|  |TAMS 0x0000000098500000| PB 0x0000000098500000| Untracked 
| 390|0x0000000098600000, 0x0000000098600000, 0x0000000098700000|  0%| F|  |TAMS 0x0000000098600000| PB 0x0000000098600000| Untracked 
| 391|0x0000000098700000, 0x0000000098700000, 0x0000000098800000|  0%| F|  |TAMS 0x0000000098700000| PB 0x0000000098700000| Untracked 
| 392|0x0000000098800000, 0x0000000098800000, 0x0000000098900000|  0%| F|  |TAMS 0x0000000098800000| PB 0x0000000098800000| Untracked 
| 393|0x0000000098900000, 0x0000000098900000, 0x0000000098a00000|  0%| F|  |TAMS 0x0000000098900000| PB 0x0000000098900000| Untracked 
| 394|0x0000000098a00000, 0x0000000098a00000, 0x0000000098b00000|  0%| F|  |TAMS 0x0000000098a00000| PB 0x0000000098a00000| Untracked 
| 395|0x0000000098b00000, 0x0000000098b00000, 0x0000000098c00000|  0%| F|  |TAMS 0x0000000098b00000| PB 0x0000000098b00000| Untracked 
| 396|0x0000000098c00000, 0x0000000098c00000, 0x0000000098d00000|  0%| F|  |TAMS 0x0000000098c00000| PB 0x0000000098c00000| Untracked 
| 397|0x0000000098d00000, 0x0000000098d00000, 0x0000000098e00000|  0%| F|  |TAMS 0x0000000098d00000| PB 0x0000000098d00000| Untracked 
| 398|0x0000000098e00000, 0x0000000098e00000, 0x0000000098f00000|  0%| F|  |TAMS 0x0000000098e00000| PB 0x0000000098e00000| Untracked 
| 399|0x0000000098f00000, 0x0000000098f00000, 0x0000000099000000|  0%| F|  |TAMS 0x0000000098f00000| PB 0x0000000098f00000| Untracked 
| 400|0x0000000099000000, 0x0000000099000000, 0x0000000099100000|  0%| F|  |TAMS 0x0000000099000000| PB 0x0000000099000000| Untracked 
| 401|0x0000000099100000, 0x0000000099100000, 0x0000000099200000|  0%| F|  |TAMS 0x0000000099100000| PB 0x0000000099100000| Untracked 
| 402|0x0000000099200000, 0x0000000099200000, 0x0000000099300000|  0%| F|  |TAMS 0x0000000099200000| PB 0x0000000099200000| Untracked 
| 403|0x0000000099300000, 0x0000000099300000, 0x0000000099400000|  0%| F|  |TAMS 0x0000000099300000| PB 0x0000000099300000| Untracked 
| 404|0x0000000099400000, 0x0000000099400000, 0x0000000099500000|  0%| F|  |TAMS 0x0000000099400000| PB 0x0000000099400000| Untracked 
| 405|0x0000000099500000, 0x0000000099500000, 0x0000000099600000|  0%| F|  |TAMS 0x0000000099500000| PB 0x0000000099500000| Untracked 
| 406|0x0000000099600000, 0x0000000099600000, 0x0000000099700000|  0%| F|  |TAMS 0x0000000099600000| PB 0x0000000099600000| Untracked 
| 407|0x0000000099700000, 0x0000000099700000, 0x0000000099800000|  0%| F|  |TAMS 0x0000000099700000| PB 0x0000000099700000| Untracked 
| 408|0x0000000099800000, 0x0000000099800000, 0x0000000099900000|  0%| F|  |TAMS 0x0000000099800000| PB 0x0000000099800000| Untracked 
| 409|0x0000000099900000, 0x0000000099900000, 0x0000000099a00000|  0%| F|  |TAMS 0x0000000099900000| PB 0x0000000099900000| Untracked 
| 410|0x0000000099a00000, 0x0000000099a00000, 0x0000000099b00000|  0%| F|  |TAMS 0x0000000099a00000| PB 0x0000000099a00000| Untracked 
| 411|0x0000000099b00000, 0x0000000099b00000, 0x0000000099c00000|  0%| F|  |TAMS 0x0000000099b00000| PB 0x0000000099b00000| Untracked 
| 412|0x0000000099c00000, 0x0000000099c00000, 0x0000000099d00000|  0%| F|  |TAMS 0x0000000099c00000| PB 0x0000000099c00000| Untracked 
| 413|0x0000000099d00000, 0x0000000099d00000, 0x0000000099e00000|  0%| F|  |TAMS 0x0000000099d00000| PB 0x0000000099d00000| Untracked 
| 414|0x0000000099e00000, 0x0000000099e00000, 0x0000000099f00000|  0%| F|  |TAMS 0x0000000099e00000| PB 0x0000000099e00000| Untracked 
| 415|0x0000000099f00000, 0x0000000099f00000, 0x000000009a000000|  0%| F|  |TAMS 0x0000000099f00000| PB 0x0000000099f00000| Untracked 
| 416|0x000000009a000000, 0x000000009a000000, 0x000000009a100000|  0%| F|  |TAMS 0x000000009a000000| PB 0x000000009a000000| Untracked 
| 417|0x000000009a100000, 0x000000009a100000, 0x000000009a200000|  0%| F|  |TAMS 0x000000009a100000| PB 0x000000009a100000| Untracked 
| 418|0x000000009a200000, 0x000000009a200000, 0x000000009a300000|  0%| F|  |TAMS 0x000000009a200000| PB 0x000000009a200000| Untracked 
| 419|0x000000009a300000, 0x000000009a300000, 0x000000009a400000|  0%| F|  |TAMS 0x000000009a300000| PB 0x000000009a300000| Untracked 
| 420|0x000000009a400000, 0x000000009a400000, 0x000000009a500000|  0%| F|  |TAMS 0x000000009a400000| PB 0x000000009a400000| Untracked 
| 421|0x000000009a500000, 0x000000009a500000, 0x000000009a600000|  0%| F|  |TAMS 0x000000009a500000| PB 0x000000009a500000| Untracked 
| 422|0x000000009a600000, 0x000000009a600000, 0x000000009a700000|  0%| F|  |TAMS 0x000000009a600000| PB 0x000000009a600000| Untracked 
| 423|0x000000009a700000, 0x000000009a700000, 0x000000009a800000|  0%| F|  |TAMS 0x000000009a700000| PB 0x000000009a700000| Untracked 
| 424|0x000000009a800000, 0x000000009a800000, 0x000000009a900000|  0%| F|  |TAMS 0x000000009a800000| PB 0x000000009a800000| Untracked 
| 425|0x000000009a900000, 0x000000009a900000, 0x000000009aa00000|  0%| F|  |TAMS 0x000000009a900000| PB 0x000000009a900000| Untracked 
| 426|0x000000009aa00000, 0x000000009aa00000, 0x000000009ab00000|  0%| F|  |TAMS 0x000000009aa00000| PB 0x000000009aa00000| Untracked 
| 427|0x000000009ab00000, 0x000000009ab00000, 0x000000009ac00000|  0%| F|  |TAMS 0x000000009ab00000| PB 0x000000009ab00000| Untracked 
| 428|0x000000009ac00000, 0x000000009ac00000, 0x000000009ad00000|  0%| F|  |TAMS 0x000000009ac00000| PB 0x000000009ac00000| Untracked 
| 429|0x000000009ad00000, 0x000000009ad00000, 0x000000009ae00000|  0%| F|  |TAMS 0x000000009ad00000| PB 0x000000009ad00000| Untracked 
| 430|0x000000009ae00000, 0x000000009ae00000, 0x000000009af00000|  0%| F|  |TAMS 0x000000009ae00000| PB 0x000000009ae00000| Untracked 
| 431|0x000000009af00000, 0x000000009af00000, 0x000000009b000000|  0%| F|  |TAMS 0x000000009af00000| PB 0x000000009af00000| Untracked 
| 432|0x000000009b000000, 0x000000009b100000, 0x000000009b100000|100%| O|  |TAMS 0x000000009b000000| PB 0x000000009b000000| Untracked 
| 433|0x000000009b100000, 0x000000009b100000, 0x000000009b200000|  0%| F|  |TAMS 0x000000009b100000| PB 0x000000009b100000| Untracked 
| 434|0x000000009b200000, 0x000000009b200000, 0x000000009b300000|  0%| F|  |TAMS 0x000000009b200000| PB 0x000000009b200000| Untracked 
| 435|0x000000009b300000, 0x000000009b300000, 0x000000009b400000|  0%| F|  |TAMS 0x000000009b300000| PB 0x000000009b300000| Untracked 
| 436|0x000000009b400000, 0x000000009b400000, 0x000000009b500000|  0%| F|  |TAMS 0x000000009b400000| PB 0x000000009b400000| Untracked 
| 437|0x000000009b500000, 0x000000009b500000, 0x000000009b600000|  0%| F|  |TAMS 0x000000009b500000| PB 0x000000009b500000| Untracked 
| 438|0x000000009b600000, 0x000000009b600000, 0x000000009b700000|  0%| F|  |TAMS 0x000000009b600000| PB 0x000000009b600000| Untracked 
| 439|0x000000009b700000, 0x000000009b700000, 0x000000009b800000|  0%| F|  |TAMS 0x000000009b700000| PB 0x000000009b700000| Untracked 
| 440|0x000000009b800000, 0x000000009b800000, 0x000000009b900000|  0%| F|  |TAMS 0x000000009b800000| PB 0x000000009b800000| Untracked 
| 441|0x000000009b900000, 0x000000009b900000, 0x000000009ba00000|  0%| F|  |TAMS 0x000000009b900000| PB 0x000000009b900000| Untracked 
| 442|0x000000009ba00000, 0x000000009ba00000, 0x000000009bb00000|  0%| F|  |TAMS 0x000000009ba00000| PB 0x000000009ba00000| Untracked 
| 443|0x000000009bb00000, 0x000000009bb00000, 0x000000009bc00000|  0%| F|  |TAMS 0x000000009bb00000| PB 0x000000009bb00000| Untracked 
| 444|0x000000009bc00000, 0x000000009bc00000, 0x000000009bd00000|  0%| F|  |TAMS 0x000000009bc00000| PB 0x000000009bc00000| Untracked 
| 445|0x000000009bd00000, 0x000000009bd00000, 0x000000009be00000|  0%| F|  |TAMS 0x000000009bd00000| PB 0x000000009bd00000| Untracked 
| 446|0x000000009be00000, 0x000000009be00000, 0x000000009bf00000|  0%| F|  |TAMS 0x000000009be00000| PB 0x000000009be00000| Untracked 
| 447|0x000000009bf00000, 0x000000009bf00000, 0x000000009c000000|  0%| F|  |TAMS 0x000000009bf00000| PB 0x000000009bf00000| Untracked 
| 448|0x000000009c000000, 0x000000009c000000, 0x000000009c100000|  0%| F|  |TAMS 0x000000009c000000| PB 0x000000009c000000| Untracked 
| 449|0x000000009c100000, 0x000000009c13baa0, 0x000000009c200000| 23%| S|CS|TAMS 0x000000009c100000| PB 0x000000009c100000| Complete 
| 450|0x000000009c200000, 0x000000009c300000, 0x000000009c300000|100%| S|CS|TAMS 0x000000009c200000| PB 0x000000009c200000| Complete 
| 451|0x000000009c300000, 0x000000009c400000, 0x000000009c400000|100%| S|CS|TAMS 0x000000009c300000| PB 0x000000009c300000| Complete 
| 452|0x000000009c400000, 0x000000009c500000, 0x000000009c500000|100%| S|CS|TAMS 0x000000009c400000| PB 0x000000009c400000| Complete 
| 453|0x000000009c500000, 0x000000009c600000, 0x000000009c600000|100%| S|CS|TAMS 0x000000009c500000| PB 0x000000009c500000| Complete 
| 454|0x000000009c600000, 0x000000009c700000, 0x000000009c700000|100%| O|  |TAMS 0x000000009c600000| PB 0x000000009c600000| Untracked 
| 455|0x000000009c700000, 0x000000009c800000, 0x000000009c800000|100%| S|CS|TAMS 0x000000009c700000| PB 0x000000009c700000| Complete 
| 456|0x000000009c800000, 0x000000009c900000, 0x000000009c900000|100%| O|  |TAMS 0x000000009c800000| PB 0x000000009c800000| Untracked 
| 457|0x000000009c900000, 0x000000009c900000, 0x000000009ca00000|  0%| F|  |TAMS 0x000000009c900000| PB 0x000000009c900000| Untracked 
| 458|0x000000009ca00000, 0x000000009ca00000, 0x000000009cb00000|  0%| F|  |TAMS 0x000000009ca00000| PB 0x000000009ca00000| Untracked 
| 459|0x000000009cb00000, 0x000000009cb00000, 0x000000009cc00000|  0%| F|  |TAMS 0x000000009cb00000| PB 0x000000009cb00000| Untracked 
| 460|0x000000009cc00000, 0x000000009cc00000, 0x000000009cd00000|  0%| F|  |TAMS 0x000000009cc00000| PB 0x000000009cc00000| Untracked 
| 461|0x000000009cd00000, 0x000000009cd00000, 0x000000009ce00000|  0%| F|  |TAMS 0x000000009cd00000| PB 0x000000009cd00000| Untracked 
| 462|0x000000009ce00000, 0x000000009cf00000, 0x000000009cf00000|100%| O|  |TAMS 0x000000009ce00000| PB 0x000000009ce00000| Untracked 
| 463|0x000000009cf00000, 0x000000009cf00000, 0x000000009d000000|  0%| F|  |TAMS 0x000000009cf00000| PB 0x000000009cf00000| Untracked 
| 464|0x000000009d000000, 0x000000009d000000, 0x000000009d100000|  0%| F|  |TAMS 0x000000009d000000| PB 0x000000009d000000| Untracked 
| 465|0x000000009d100000, 0x000000009d100000, 0x000000009d200000|  0%| F|  |TAMS 0x000000009d100000| PB 0x000000009d100000| Untracked 
| 466|0x000000009d200000, 0x000000009d200000, 0x000000009d300000|  0%| F|  |TAMS 0x000000009d200000| PB 0x000000009d200000| Untracked 
| 467|0x000000009d300000, 0x000000009d300000, 0x000000009d400000|  0%| F|  |TAMS 0x000000009d300000| PB 0x000000009d300000| Untracked 
| 468|0x000000009d400000, 0x000000009d400000, 0x000000009d500000|  0%| F|  |TAMS 0x000000009d400000| PB 0x000000009d400000| Untracked 
| 469|0x000000009d500000, 0x000000009d500000, 0x000000009d600000|  0%| F|  |TAMS 0x000000009d500000| PB 0x000000009d500000| Untracked 
| 470|0x000000009d600000, 0x000000009d600000, 0x000000009d700000|  0%| F|  |TAMS 0x000000009d600000| PB 0x000000009d600000| Untracked 
| 471|0x000000009d700000, 0x000000009d800000, 0x000000009d800000|100%| O|  |TAMS 0x000000009d700000| PB 0x000000009d700000| Untracked 
| 472|0x000000009d800000, 0x000000009d800000, 0x000000009d900000|  0%| F|  |TAMS 0x000000009d800000| PB 0x000000009d800000| Untracked 
| 473|0x000000009d900000, 0x000000009d900000, 0x000000009da00000|  0%| F|  |TAMS 0x000000009d900000| PB 0x000000009d900000| Untracked 
| 474|0x000000009da00000, 0x000000009da00000, 0x000000009db00000|  0%| F|  |TAMS 0x000000009da00000| PB 0x000000009da00000| Untracked 
| 475|0x000000009db00000, 0x000000009db00000, 0x000000009dc00000|  0%| F|  |TAMS 0x000000009db00000| PB 0x000000009db00000| Untracked 
| 476|0x000000009dc00000, 0x000000009dc00000, 0x000000009dd00000|  0%| F|  |TAMS 0x000000009dc00000| PB 0x000000009dc00000| Untracked 
| 477|0x000000009dd00000, 0x000000009dd00000, 0x000000009de00000|  0%| F|  |TAMS 0x000000009dd00000| PB 0x000000009dd00000| Untracked 
| 478|0x000000009de00000, 0x000000009de00000, 0x000000009df00000|  0%| F|  |TAMS 0x000000009de00000| PB 0x000000009de00000| Untracked 
| 479|0x000000009df00000, 0x000000009df00000, 0x000000009e000000|  0%| F|  |TAMS 0x000000009df00000| PB 0x000000009df00000| Untracked 
| 480|0x000000009e000000, 0x000000009e000000, 0x000000009e100000|  0%| F|  |TAMS 0x000000009e000000| PB 0x000000009e000000| Untracked 
| 481|0x000000009e100000, 0x000000009e100000, 0x000000009e200000|  0%| F|  |TAMS 0x000000009e100000| PB 0x000000009e100000| Untracked 
| 482|0x000000009e200000, 0x000000009e200000, 0x000000009e300000|  0%| F|  |TAMS 0x000000009e200000| PB 0x000000009e200000| Untracked 
| 483|0x000000009e300000, 0x000000009e300000, 0x000000009e400000|  0%| F|  |TAMS 0x000000009e300000| PB 0x000000009e300000| Untracked 
| 484|0x000000009e400000, 0x000000009e400000, 0x000000009e500000|  0%| F|  |TAMS 0x000000009e400000| PB 0x000000009e400000| Untracked 
| 485|0x000000009e500000, 0x000000009e500000, 0x000000009e600000|  0%| F|  |TAMS 0x000000009e500000| PB 0x000000009e500000| Untracked 
| 486|0x000000009e600000, 0x000000009e600000, 0x000000009e700000|  0%| F|  |TAMS 0x000000009e600000| PB 0x000000009e600000| Untracked 
| 487|0x000000009e700000, 0x000000009e700000, 0x000000009e800000|  0%| F|  |TAMS 0x000000009e700000| PB 0x000000009e700000| Untracked 
| 488|0x000000009e800000, 0x000000009e800000, 0x000000009e900000|  0%| F|  |TAMS 0x000000009e800000| PB 0x000000009e800000| Untracked 
| 489|0x000000009e900000, 0x000000009e900000, 0x000000009ea00000|  0%| F|  |TAMS 0x000000009e900000| PB 0x000000009e900000| Untracked 
| 490|0x000000009ea00000, 0x000000009ea00000, 0x000000009eb00000|  0%| F|  |TAMS 0x000000009ea00000| PB 0x000000009ea00000| Untracked 
| 491|0x000000009eb00000, 0x000000009eb00000, 0x000000009ec00000|  0%| F|  |TAMS 0x000000009eb00000| PB 0x000000009eb00000| Untracked 
| 492|0x000000009ec00000, 0x000000009ec00000, 0x000000009ed00000|  0%| F|  |TAMS 0x000000009ec00000| PB 0x000000009ec00000| Untracked 
| 493|0x000000009ed00000, 0x000000009ed00000, 0x000000009ee00000|  0%| F|  |TAMS 0x000000009ed00000| PB 0x000000009ed00000| Untracked 
| 494|0x000000009ee00000, 0x000000009ee00000, 0x000000009ef00000|  0%| F|  |TAMS 0x000000009ee00000| PB 0x000000009ee00000| Untracked 
| 495|0x000000009ef00000, 0x000000009ef00000, 0x000000009f000000|  0%| F|  |TAMS 0x000000009ef00000| PB 0x000000009ef00000| Untracked 
| 496|0x000000009f000000, 0x000000009f000000, 0x000000009f100000|  0%| F|  |TAMS 0x000000009f000000| PB 0x000000009f000000| Untracked 
| 497|0x000000009f100000, 0x000000009f100000, 0x000000009f200000|  0%| F|  |TAMS 0x000000009f100000| PB 0x000000009f100000| Untracked 
| 498|0x000000009f200000, 0x000000009f200000, 0x000000009f300000|  0%| F|  |TAMS 0x000000009f200000| PB 0x000000009f200000| Untracked 
| 499|0x000000009f300000, 0x000000009f300000, 0x000000009f400000|  0%| F|  |TAMS 0x000000009f300000| PB 0x000000009f300000| Untracked 
| 500|0x000000009f400000, 0x000000009f400000, 0x000000009f500000|  0%| F|  |TAMS 0x000000009f400000| PB 0x000000009f400000| Untracked 
| 501|0x000000009f500000, 0x000000009f500000, 0x000000009f600000|  0%| F|  |TAMS 0x000000009f500000| PB 0x000000009f500000| Untracked 
| 502|0x000000009f600000, 0x000000009f600000, 0x000000009f700000|  0%| F|  |TAMS 0x000000009f600000| PB 0x000000009f600000| Untracked 
| 503|0x000000009f700000, 0x000000009f700000, 0x000000009f800000|  0%| F|  |TAMS 0x000000009f700000| PB 0x000000009f700000| Untracked 
| 504|0x000000009f800000, 0x000000009f800000, 0x000000009f900000|  0%| F|  |TAMS 0x000000009f800000| PB 0x000000009f800000| Untracked 
| 505|0x000000009f900000, 0x000000009f900000, 0x000000009fa00000|  0%| F|  |TAMS 0x000000009f900000| PB 0x000000009f900000| Untracked 
| 506|0x000000009fa00000, 0x000000009fa00000, 0x000000009fb00000|  0%| F|  |TAMS 0x000000009fa00000| PB 0x000000009fa00000| Untracked 
| 507|0x000000009fb00000, 0x000000009fb00000, 0x000000009fc00000|  0%| F|  |TAMS 0x000000009fb00000| PB 0x000000009fb00000| Untracked 
| 508|0x000000009fc00000, 0x000000009fc00000, 0x000000009fd00000|  0%| F|  |TAMS 0x000000009fc00000| PB 0x000000009fc00000| Untracked 
| 509|0x000000009fd00000, 0x000000009fd00000, 0x000000009fe00000|  0%| F|  |TAMS 0x000000009fd00000| PB 0x000000009fd00000| Untracked 
| 510|0x000000009fe00000, 0x000000009fe00000, 0x000000009ff00000|  0%| F|  |TAMS 0x000000009fe00000| PB 0x000000009fe00000| Untracked 
| 511|0x000000009ff00000, 0x000000009ff00000, 0x00000000a0000000|  0%| F|  |TAMS 0x000000009ff00000| PB 0x000000009ff00000| Untracked 
| 512|0x00000000a0000000, 0x00000000a0000000, 0x00000000a0100000|  0%| F|  |TAMS 0x00000000a0000000| PB 0x00000000a0000000| Untracked 
| 513|0x00000000a0100000, 0x00000000a0100000, 0x00000000a0200000|  0%| F|  |TAMS 0x00000000a0100000| PB 0x00000000a0100000| Untracked 
| 514|0x00000000a0200000, 0x00000000a0200000, 0x00000000a0300000|  0%| F|  |TAMS 0x00000000a0200000| PB 0x00000000a0200000| Untracked 
| 515|0x00000000a0300000, 0x00000000a0300000, 0x00000000a0400000|  0%| F|  |TAMS 0x00000000a0300000| PB 0x00000000a0300000| Untracked 
| 516|0x00000000a0400000, 0x00000000a0400000, 0x00000000a0500000|  0%| F|  |TAMS 0x00000000a0400000| PB 0x00000000a0400000| Untracked 
| 517|0x00000000a0500000, 0x00000000a0500000, 0x00000000a0600000|  0%| F|  |TAMS 0x00000000a0500000| PB 0x00000000a0500000| Untracked 
| 518|0x00000000a0600000, 0x00000000a0600000, 0x00000000a0700000|  0%| F|  |TAMS 0x00000000a0600000| PB 0x00000000a0600000| Untracked 
| 519|0x00000000a0700000, 0x00000000a0700000, 0x00000000a0800000|  0%| F|  |TAMS 0x00000000a0700000| PB 0x00000000a0700000| Untracked 
| 520|0x00000000a0800000, 0x00000000a0800000, 0x00000000a0900000|  0%| F|  |TAMS 0x00000000a0800000| PB 0x00000000a0800000| Untracked 
| 521|0x00000000a0900000, 0x00000000a0900000, 0x00000000a0a00000|  0%| F|  |TAMS 0x00000000a0900000| PB 0x00000000a0900000| Untracked 
| 522|0x00000000a0a00000, 0x00000000a0a00000, 0x00000000a0b00000|  0%| F|  |TAMS 0x00000000a0a00000| PB 0x00000000a0a00000| Untracked 
| 523|0x00000000a0b00000, 0x00000000a0b00000, 0x00000000a0c00000|  0%| F|  |TAMS 0x00000000a0b00000| PB 0x00000000a0b00000| Untracked 
| 524|0x00000000a0c00000, 0x00000000a0c00000, 0x00000000a0d00000|  0%| F|  |TAMS 0x00000000a0c00000| PB 0x00000000a0c00000| Untracked 
| 525|0x00000000a0d00000, 0x00000000a0d00000, 0x00000000a0e00000|  0%| F|  |TAMS 0x00000000a0d00000| PB 0x00000000a0d00000| Untracked 
| 526|0x00000000a0e00000, 0x00000000a0e00000, 0x00000000a0f00000|  0%| F|  |TAMS 0x00000000a0e00000| PB 0x00000000a0e00000| Untracked 
| 527|0x00000000a0f00000, 0x00000000a0f00000, 0x00000000a1000000|  0%| F|  |TAMS 0x00000000a0f00000| PB 0x00000000a0f00000| Untracked 
| 528|0x00000000a1000000, 0x00000000a1000000, 0x00000000a1100000|  0%| F|  |TAMS 0x00000000a1000000| PB 0x00000000a1000000| Untracked 
| 529|0x00000000a1100000, 0x00000000a1100000, 0x00000000a1200000|  0%| F|  |TAMS 0x00000000a1100000| PB 0x00000000a1100000| Untracked 
| 530|0x00000000a1200000, 0x00000000a1200000, 0x00000000a1300000|  0%| F|  |TAMS 0x00000000a1200000| PB 0x00000000a1200000| Untracked 
| 531|0x00000000a1300000, 0x00000000a1300000, 0x00000000a1400000|  0%| F|  |TAMS 0x00000000a1300000| PB 0x00000000a1300000| Untracked 
| 532|0x00000000a1400000, 0x00000000a1400000, 0x00000000a1500000|  0%| F|  |TAMS 0x00000000a1400000| PB 0x00000000a1400000| Untracked 
| 533|0x00000000a1500000, 0x00000000a1500000, 0x00000000a1600000|  0%| F|  |TAMS 0x00000000a1500000| PB 0x00000000a1500000| Untracked 
| 534|0x00000000a1600000, 0x00000000a1600000, 0x00000000a1700000|  0%| F|  |TAMS 0x00000000a1600000| PB 0x00000000a1600000| Untracked 
| 535|0x00000000a1700000, 0x00000000a1700000, 0x00000000a1800000|  0%| F|  |TAMS 0x00000000a1700000| PB 0x00000000a1700000| Untracked 
| 536|0x00000000a1800000, 0x00000000a1800000, 0x00000000a1900000|  0%| F|  |TAMS 0x00000000a1800000| PB 0x00000000a1800000| Untracked 
| 537|0x00000000a1900000, 0x00000000a1900000, 0x00000000a1a00000|  0%| F|  |TAMS 0x00000000a1900000| PB 0x00000000a1900000| Untracked 
| 538|0x00000000a1a00000, 0x00000000a1a00000, 0x00000000a1b00000|  0%| F|  |TAMS 0x00000000a1a00000| PB 0x00000000a1a00000| Untracked 
| 539|0x00000000a1b00000, 0x00000000a1b00000, 0x00000000a1c00000|  0%| F|  |TAMS 0x00000000a1b00000| PB 0x00000000a1b00000| Untracked 
| 540|0x00000000a1c00000, 0x00000000a1d00000, 0x00000000a1d00000|100%| O|  |TAMS 0x00000000a1c00000| PB 0x00000000a1c00000| Untracked 
| 541|0x00000000a1d00000, 0x00000000a1d00000, 0x00000000a1e00000|  0%| F|  |TAMS 0x00000000a1d00000| PB 0x00000000a1d00000| Untracked 
| 542|0x00000000a1e00000, 0x00000000a1e00000, 0x00000000a1f00000|  0%| F|  |TAMS 0x00000000a1e00000| PB 0x00000000a1e00000| Untracked 
| 543|0x00000000a1f00000, 0x00000000a1f00000, 0x00000000a2000000|  0%| F|  |TAMS 0x00000000a1f00000| PB 0x00000000a1f00000| Untracked 
| 544|0x00000000a2000000, 0x00000000a2000000, 0x00000000a2100000|  0%| F|  |TAMS 0x00000000a2000000| PB 0x00000000a2000000| Untracked 
| 545|0x00000000a2100000, 0x00000000a2100000, 0x00000000a2200000|  0%| F|  |TAMS 0x00000000a2100000| PB 0x00000000a2100000| Untracked 
| 546|0x00000000a2200000, 0x00000000a2200000, 0x00000000a2300000|  0%| F|  |TAMS 0x00000000a2200000| PB 0x00000000a2200000| Untracked 
| 547|0x00000000a2300000, 0x00000000a2300000, 0x00000000a2400000|  0%| F|  |TAMS 0x00000000a2300000| PB 0x00000000a2300000| Untracked 
| 548|0x00000000a2400000, 0x00000000a2400000, 0x00000000a2500000|  0%| F|  |TAMS 0x00000000a2400000| PB 0x00000000a2400000| Untracked 
| 549|0x00000000a2500000, 0x00000000a2500000, 0x00000000a2600000|  0%| F|  |TAMS 0x00000000a2500000| PB 0x00000000a2500000| Untracked 
| 550|0x00000000a2600000, 0x00000000a2600000, 0x00000000a2700000|  0%| F|  |TAMS 0x00000000a2600000| PB 0x00000000a2600000| Untracked 
| 551|0x00000000a2700000, 0x00000000a2700000, 0x00000000a2800000|  0%| F|  |TAMS 0x00000000a2700000| PB 0x00000000a2700000| Untracked 
| 552|0x00000000a2800000, 0x00000000a2800000, 0x00000000a2900000|  0%| F|  |TAMS 0x00000000a2800000| PB 0x00000000a2800000| Untracked 
| 553|0x00000000a2900000, 0x00000000a2900000, 0x00000000a2a00000|  0%| F|  |TAMS 0x00000000a2900000| PB 0x00000000a2900000| Untracked 
| 554|0x00000000a2a00000, 0x00000000a2a00000, 0x00000000a2b00000|  0%| F|  |TAMS 0x00000000a2a00000| PB 0x00000000a2a00000| Untracked 
| 555|0x00000000a2b00000, 0x00000000a2b00000, 0x00000000a2c00000|  0%| F|  |TAMS 0x00000000a2b00000| PB 0x00000000a2b00000| Untracked 
| 556|0x00000000a2c00000, 0x00000000a2c00000, 0x00000000a2d00000|  0%| F|  |TAMS 0x00000000a2c00000| PB 0x00000000a2c00000| Untracked 
| 557|0x00000000a2d00000, 0x00000000a2d00000, 0x00000000a2e00000|  0%| F|  |TAMS 0x00000000a2d00000| PB 0x00000000a2d00000| Untracked 
| 558|0x00000000a2e00000, 0x00000000a2e00000, 0x00000000a2f00000|  0%| F|  |TAMS 0x00000000a2e00000| PB 0x00000000a2e00000| Untracked 
| 559|0x00000000a2f00000, 0x00000000a2f00000, 0x00000000a3000000|  0%| F|  |TAMS 0x00000000a2f00000| PB 0x00000000a2f00000| Untracked 
| 560|0x00000000a3000000, 0x00000000a3000000, 0x00000000a3100000|  0%| F|  |TAMS 0x00000000a3000000| PB 0x00000000a3000000| Untracked 
| 561|0x00000000a3100000, 0x00000000a3100000, 0x00000000a3200000|  0%| F|  |TAMS 0x00000000a3100000| PB 0x00000000a3100000| Untracked 
| 562|0x00000000a3200000, 0x00000000a3200000, 0x00000000a3300000|  0%| F|  |TAMS 0x00000000a3200000| PB 0x00000000a3200000| Untracked 
| 563|0x00000000a3300000, 0x00000000a3300000, 0x00000000a3400000|  0%| F|  |TAMS 0x00000000a3300000| PB 0x00000000a3300000| Untracked 
| 564|0x00000000a3400000, 0x00000000a3400000, 0x00000000a3500000|  0%| F|  |TAMS 0x00000000a3400000| PB 0x00000000a3400000| Untracked 
| 565|0x00000000a3500000, 0x00000000a3500000, 0x00000000a3600000|  0%| F|  |TAMS 0x00000000a3500000| PB 0x00000000a3500000| Untracked 
| 566|0x00000000a3600000, 0x00000000a3600000, 0x00000000a3700000|  0%| F|  |TAMS 0x00000000a3600000| PB 0x00000000a3600000| Untracked 
| 567|0x00000000a3700000, 0x00000000a3700000, 0x00000000a3800000|  0%| F|  |TAMS 0x00000000a3700000| PB 0x00000000a3700000| Untracked 
| 568|0x00000000a3800000, 0x00000000a3800000, 0x00000000a3900000|  0%| F|  |TAMS 0x00000000a3800000| PB 0x00000000a3800000| Untracked 
| 569|0x00000000a3900000, 0x00000000a3900000, 0x00000000a3a00000|  0%| F|  |TAMS 0x00000000a3900000| PB 0x00000000a3900000| Untracked 
| 570|0x00000000a3a00000, 0x00000000a3a00000, 0x00000000a3b00000|  0%| F|  |TAMS 0x00000000a3a00000| PB 0x00000000a3a00000| Untracked 
| 571|0x00000000a3b00000, 0x00000000a3b00000, 0x00000000a3c00000|  0%| F|  |TAMS 0x00000000a3b00000| PB 0x00000000a3b00000| Untracked 
| 572|0x00000000a3c00000, 0x00000000a3c00000, 0x00000000a3d00000|  0%| F|  |TAMS 0x00000000a3c00000| PB 0x00000000a3c00000| Untracked 
| 573|0x00000000a3d00000, 0x00000000a3d00000, 0x00000000a3e00000|  0%| F|  |TAMS 0x00000000a3d00000| PB 0x00000000a3d00000| Untracked 
| 574|0x00000000a3e00000, 0x00000000a3e00000, 0x00000000a3f00000|  0%| F|  |TAMS 0x00000000a3e00000| PB 0x00000000a3e00000| Untracked 
| 575|0x00000000a3f00000, 0x00000000a3f00000, 0x00000000a4000000|  0%| F|  |TAMS 0x00000000a3f00000| PB 0x00000000a3f00000| Untracked 
| 576|0x00000000a4000000, 0x00000000a4000000, 0x00000000a4100000|  0%| F|  |TAMS 0x00000000a4000000| PB 0x00000000a4000000| Untracked 
| 577|0x00000000a4100000, 0x00000000a4100000, 0x00000000a4200000|  0%| F|  |TAMS 0x00000000a4100000| PB 0x00000000a4100000| Untracked 
| 578|0x00000000a4200000, 0x00000000a4200000, 0x00000000a4300000|  0%| F|  |TAMS 0x00000000a4200000| PB 0x00000000a4200000| Untracked 
| 579|0x00000000a4300000, 0x00000000a4300000, 0x00000000a4400000|  0%| F|  |TAMS 0x00000000a4300000| PB 0x00000000a4300000| Untracked 
| 580|0x00000000a4400000, 0x00000000a4400000, 0x00000000a4500000|  0%| F|  |TAMS 0x00000000a4400000| PB 0x00000000a4400000| Untracked 
| 581|0x00000000a4500000, 0x00000000a4500000, 0x00000000a4600000|  0%| F|  |TAMS 0x00000000a4500000| PB 0x00000000a4500000| Untracked 
| 582|0x00000000a4600000, 0x00000000a4600000, 0x00000000a4700000|  0%| F|  |TAMS 0x00000000a4600000| PB 0x00000000a4600000| Untracked 
| 583|0x00000000a4700000, 0x00000000a4700000, 0x00000000a4800000|  0%| F|  |TAMS 0x00000000a4700000| PB 0x00000000a4700000| Untracked 
| 584|0x00000000a4800000, 0x00000000a4800000, 0x00000000a4900000|  0%| F|  |TAMS 0x00000000a4800000| PB 0x00000000a4800000| Untracked 
| 585|0x00000000a4900000, 0x00000000a4900000, 0x00000000a4a00000|  0%| F|  |TAMS 0x00000000a4900000| PB 0x00000000a4900000| Untracked 
| 586|0x00000000a4a00000, 0x00000000a4a00000, 0x00000000a4b00000|  0%| F|  |TAMS 0x00000000a4a00000| PB 0x00000000a4a00000| Untracked 
| 587|0x00000000a4b00000, 0x00000000a4b00000, 0x00000000a4c00000|  0%| F|  |TAMS 0x00000000a4b00000| PB 0x00000000a4b00000| Untracked 
| 588|0x00000000a4c00000, 0x00000000a4c00000, 0x00000000a4d00000|  0%| F|  |TAMS 0x00000000a4c00000| PB 0x00000000a4c00000| Untracked 
| 589|0x00000000a4d00000, 0x00000000a4d00000, 0x00000000a4e00000|  0%| F|  |TAMS 0x00000000a4d00000| PB 0x00000000a4d00000| Untracked 
| 590|0x00000000a4e00000, 0x00000000a4e00000, 0x00000000a4f00000|  0%| F|  |TAMS 0x00000000a4e00000| PB 0x00000000a4e00000| Untracked 
| 591|0x00000000a4f00000, 0x00000000a4f00000, 0x00000000a5000000|  0%| F|  |TAMS 0x00000000a4f00000| PB 0x00000000a4f00000| Untracked 
| 592|0x00000000a5000000, 0x00000000a5000000, 0x00000000a5100000|  0%| F|  |TAMS 0x00000000a5000000| PB 0x00000000a5000000| Untracked 
| 593|0x00000000a5100000, 0x00000000a5100000, 0x00000000a5200000|  0%| F|  |TAMS 0x00000000a5100000| PB 0x00000000a5100000| Untracked 
| 594|0x00000000a5200000, 0x00000000a5200000, 0x00000000a5300000|  0%| F|  |TAMS 0x00000000a5200000| PB 0x00000000a5200000| Untracked 
| 595|0x00000000a5300000, 0x00000000a5300000, 0x00000000a5400000|  0%| F|  |TAMS 0x00000000a5300000| PB 0x00000000a5300000| Untracked 
| 596|0x00000000a5400000, 0x00000000a5400000, 0x00000000a5500000|  0%| F|  |TAMS 0x00000000a5400000| PB 0x00000000a5400000| Untracked 
| 597|0x00000000a5500000, 0x00000000a5500000, 0x00000000a5600000|  0%| F|  |TAMS 0x00000000a5500000| PB 0x00000000a5500000| Untracked 
| 598|0x00000000a5600000, 0x00000000a5600000, 0x00000000a5700000|  0%| F|  |TAMS 0x00000000a5600000| PB 0x00000000a5600000| Untracked 
| 599|0x00000000a5700000, 0x00000000a5700000, 0x00000000a5800000|  0%| F|  |TAMS 0x00000000a5700000| PB 0x00000000a5700000| Untracked 
| 600|0x00000000a5800000, 0x00000000a5800000, 0x00000000a5900000|  0%| F|  |TAMS 0x00000000a5800000| PB 0x00000000a5800000| Untracked 
| 601|0x00000000a5900000, 0x00000000a5900000, 0x00000000a5a00000|  0%| F|  |TAMS 0x00000000a5900000| PB 0x00000000a5900000| Untracked 
| 602|0x00000000a5a00000, 0x00000000a5a00000, 0x00000000a5b00000|  0%| F|  |TAMS 0x00000000a5a00000| PB 0x00000000a5a00000| Untracked 
| 603|0x00000000a5b00000, 0x00000000a5b00000, 0x00000000a5c00000|  0%| F|  |TAMS 0x00000000a5b00000| PB 0x00000000a5b00000| Untracked 
| 604|0x00000000a5c00000, 0x00000000a5c00000, 0x00000000a5d00000|  0%| F|  |TAMS 0x00000000a5c00000| PB 0x00000000a5c00000| Untracked 
| 605|0x00000000a5d00000, 0x00000000a5d00000, 0x00000000a5e00000|  0%| F|  |TAMS 0x00000000a5d00000| PB 0x00000000a5d00000| Untracked 
| 606|0x00000000a5e00000, 0x00000000a5e00000, 0x00000000a5f00000|  0%| F|  |TAMS 0x00000000a5e00000| PB 0x00000000a5e00000| Untracked 
| 607|0x00000000a5f00000, 0x00000000a5f00000, 0x00000000a6000000|  0%| F|  |TAMS 0x00000000a5f00000| PB 0x00000000a5f00000| Untracked 
| 608|0x00000000a6000000, 0x00000000a6000000, 0x00000000a6100000|  0%| F|  |TAMS 0x00000000a6000000| PB 0x00000000a6000000| Untracked 
| 609|0x00000000a6100000, 0x00000000a6100000, 0x00000000a6200000|  0%| F|  |TAMS 0x00000000a6100000| PB 0x00000000a6100000| Untracked 
| 610|0x00000000a6200000, 0x00000000a6200000, 0x00000000a6300000|  0%| F|  |TAMS 0x00000000a6200000| PB 0x00000000a6200000| Untracked 
| 611|0x00000000a6300000, 0x00000000a6300000, 0x00000000a6400000|  0%| F|  |TAMS 0x00000000a6300000| PB 0x00000000a6300000| Untracked 
| 612|0x00000000a6400000, 0x00000000a6400000, 0x00000000a6500000|  0%| F|  |TAMS 0x00000000a6400000| PB 0x00000000a6400000| Untracked 
| 613|0x00000000a6500000, 0x00000000a6500000, 0x00000000a6600000|  0%| F|  |TAMS 0x00000000a6500000| PB 0x00000000a6500000| Untracked 
| 614|0x00000000a6600000, 0x00000000a6600000, 0x00000000a6700000|  0%| F|  |TAMS 0x00000000a6600000| PB 0x00000000a6600000| Untracked 
| 615|0x00000000a6700000, 0x00000000a6700000, 0x00000000a6800000|  0%| F|  |TAMS 0x00000000a6700000| PB 0x00000000a6700000| Untracked 
| 616|0x00000000a6800000, 0x00000000a6800000, 0x00000000a6900000|  0%| F|  |TAMS 0x00000000a6800000| PB 0x00000000a6800000| Untracked 
| 617|0x00000000a6900000, 0x00000000a6900000, 0x00000000a6a00000|  0%| F|  |TAMS 0x00000000a6900000| PB 0x00000000a6900000| Untracked 
| 618|0x00000000a6a00000, 0x00000000a6a00000, 0x00000000a6b00000|  0%| F|  |TAMS 0x00000000a6a00000| PB 0x00000000a6a00000| Untracked 
| 619|0x00000000a6b00000, 0x00000000a6b00000, 0x00000000a6c00000|  0%| F|  |TAMS 0x00000000a6b00000| PB 0x00000000a6b00000| Untracked 
| 620|0x00000000a6c00000, 0x00000000a6c00000, 0x00000000a6d00000|  0%| F|  |TAMS 0x00000000a6c00000| PB 0x00000000a6c00000| Untracked 
| 621|0x00000000a6d00000, 0x00000000a6d00000, 0x00000000a6e00000|  0%| F|  |TAMS 0x00000000a6d00000| PB 0x00000000a6d00000| Untracked 
| 622|0x00000000a6e00000, 0x00000000a6e00000, 0x00000000a6f00000|  0%| F|  |TAMS 0x00000000a6e00000| PB 0x00000000a6e00000| Untracked 
| 623|0x00000000a6f00000, 0x00000000a6f00000, 0x00000000a7000000|  0%| F|  |TAMS 0x00000000a6f00000| PB 0x00000000a6f00000| Untracked 
| 624|0x00000000a7000000, 0x00000000a7000000, 0x00000000a7100000|  0%| F|  |TAMS 0x00000000a7000000| PB 0x00000000a7000000| Untracked 
| 625|0x00000000a7100000, 0x00000000a7200000, 0x00000000a7200000|100%| O|  |TAMS 0x00000000a7100000| PB 0x00000000a7100000| Untracked 
| 626|0x00000000a7200000, 0x00000000a7300000, 0x00000000a7300000|100%| O|  |TAMS 0x00000000a7200000| PB 0x00000000a7200000| Untracked 
| 627|0x00000000a7300000, 0x00000000a7400000, 0x00000000a7400000|100%| O|  |TAMS 0x00000000a7300000| PB 0x00000000a7300000| Untracked 
| 628|0x00000000a7400000, 0x00000000a7500000, 0x00000000a7500000|100%| O|  |TAMS 0x00000000a7400000| PB 0x00000000a7400000| Untracked 
| 629|0x00000000a7500000, 0x00000000a7600000, 0x00000000a7600000|100%| O|  |TAMS 0x00000000a7500000| PB 0x00000000a7500000| Untracked 
| 630|0x00000000a7600000, 0x00000000a7700000, 0x00000000a7700000|100%| O|  |TAMS 0x00000000a7600000| PB 0x00000000a7600000| Untracked 
| 631|0x00000000a7700000, 0x00000000a7700000, 0x00000000a7800000|  0%| F|  |TAMS 0x00000000a7700000| PB 0x00000000a7700000| Untracked 
| 632|0x00000000a7800000, 0x00000000a7800000, 0x00000000a7900000|  0%| F|  |TAMS 0x00000000a7800000| PB 0x00000000a7800000| Untracked 
| 633|0x00000000a7900000, 0x00000000a7900000, 0x00000000a7a00000|  0%| F|  |TAMS 0x00000000a7900000| PB 0x00000000a7900000| Untracked 
| 634|0x00000000a7a00000, 0x00000000a7a00000, 0x00000000a7b00000|  0%| F|  |TAMS 0x00000000a7a00000| PB 0x00000000a7a00000| Untracked 
| 635|0x00000000a7b00000, 0x00000000a7b00000, 0x00000000a7c00000|  0%| F|  |TAMS 0x00000000a7b00000| PB 0x00000000a7b00000| Untracked 
| 636|0x00000000a7c00000, 0x00000000a7c00000, 0x00000000a7d00000|  0%| F|  |TAMS 0x00000000a7c00000| PB 0x00000000a7c00000| Untracked 
| 637|0x00000000a7d00000, 0x00000000a7d00000, 0x00000000a7e00000|  0%| F|  |TAMS 0x00000000a7d00000| PB 0x00000000a7d00000| Untracked 
| 638|0x00000000a7e00000, 0x00000000a7e00000, 0x00000000a7f00000|  0%| F|  |TAMS 0x00000000a7e00000| PB 0x00000000a7e00000| Untracked 
| 639|0x00000000a7f00000, 0x00000000a7f00000, 0x00000000a8000000|  0%| F|  |TAMS 0x00000000a7f00000| PB 0x00000000a7f00000| Untracked 
| 640|0x00000000a8000000, 0x00000000a8000000, 0x00000000a8100000|  0%| F|  |TAMS 0x00000000a8000000| PB 0x00000000a8000000| Untracked 
| 641|0x00000000a8100000, 0x00000000a8200000, 0x00000000a8200000|100%| O|  |TAMS 0x00000000a8100000| PB 0x00000000a8100000| Untracked 
| 642|0x00000000a8200000, 0x00000000a8200000, 0x00000000a8300000|  0%| F|  |TAMS 0x00000000a8200000| PB 0x00000000a8200000| Untracked 
| 643|0x00000000a8300000, 0x00000000a8300000, 0x00000000a8400000|  0%| F|  |TAMS 0x00000000a8300000| PB 0x00000000a8300000| Untracked 
| 644|0x00000000a8400000, 0x00000000a8400000, 0x00000000a8500000|  0%| F|  |TAMS 0x00000000a8400000| PB 0x00000000a8400000| Untracked 
| 645|0x00000000a8500000, 0x00000000a8500000, 0x00000000a8600000|  0%| F|  |TAMS 0x00000000a8500000| PB 0x00000000a8500000| Untracked 
| 646|0x00000000a8600000, 0x00000000a8600000, 0x00000000a8700000|  0%| F|  |TAMS 0x00000000a8600000| PB 0x00000000a8600000| Untracked 
| 647|0x00000000a8700000, 0x00000000a8700000, 0x00000000a8800000|  0%| F|  |TAMS 0x00000000a8700000| PB 0x00000000a8700000| Untracked 
| 648|0x00000000a8800000, 0x00000000a8800000, 0x00000000a8900000|  0%| F|  |TAMS 0x00000000a8800000| PB 0x00000000a8800000| Untracked 
| 649|0x00000000a8900000, 0x00000000a8900000, 0x00000000a8a00000|  0%| F|  |TAMS 0x00000000a8900000| PB 0x00000000a8900000| Untracked 
| 650|0x00000000a8a00000, 0x00000000a8a00000, 0x00000000a8b00000|  0%| F|  |TAMS 0x00000000a8a00000| PB 0x00000000a8a00000| Untracked 
| 651|0x00000000a8b00000, 0x00000000a8b00000, 0x00000000a8c00000|  0%| F|  |TAMS 0x00000000a8b00000| PB 0x00000000a8b00000| Untracked 
| 652|0x00000000a8c00000, 0x00000000a8c00000, 0x00000000a8d00000|  0%| F|  |TAMS 0x00000000a8c00000| PB 0x00000000a8c00000| Untracked 
| 653|0x00000000a8d00000, 0x00000000a8e00000, 0x00000000a8e00000|100%| O|  |TAMS 0x00000000a8d00000| PB 0x00000000a8d00000| Untracked 
| 654|0x00000000a8e00000, 0x00000000a8e00000, 0x00000000a8f00000|  0%| F|  |TAMS 0x00000000a8e00000| PB 0x00000000a8e00000| Untracked 
| 655|0x00000000a8f00000, 0x00000000a8f00000, 0x00000000a9000000|  0%| F|  |TAMS 0x00000000a8f00000| PB 0x00000000a8f00000| Untracked 
| 656|0x00000000a9000000, 0x00000000a9000000, 0x00000000a9100000|  0%| F|  |TAMS 0x00000000a9000000| PB 0x00000000a9000000| Untracked 
| 657|0x00000000a9100000, 0x00000000a9100000, 0x00000000a9200000|  0%| F|  |TAMS 0x00000000a9100000| PB 0x00000000a9100000| Untracked 
| 658|0x00000000a9200000, 0x00000000a9200000, 0x00000000a9300000|  0%| F|  |TAMS 0x00000000a9200000| PB 0x00000000a9200000| Untracked 
| 659|0x00000000a9300000, 0x00000000a9300000, 0x00000000a9400000|  0%| F|  |TAMS 0x00000000a9300000| PB 0x00000000a9300000| Untracked 
| 660|0x00000000a9400000, 0x00000000a9400000, 0x00000000a9500000|  0%| F|  |TAMS 0x00000000a9400000| PB 0x00000000a9400000| Untracked 
| 661|0x00000000a9500000, 0x00000000a9500000, 0x00000000a9600000|  0%| F|  |TAMS 0x00000000a9500000| PB 0x00000000a9500000| Untracked 
| 662|0x00000000a9600000, 0x00000000a9600000, 0x00000000a9700000|  0%| F|  |TAMS 0x00000000a9600000| PB 0x00000000a9600000| Untracked 
| 663|0x00000000a9700000, 0x00000000a9700000, 0x00000000a9800000|  0%| F|  |TAMS 0x00000000a9700000| PB 0x00000000a9700000| Untracked 
| 664|0x00000000a9800000, 0x00000000a9800000, 0x00000000a9900000|  0%| F|  |TAMS 0x00000000a9800000| PB 0x00000000a9800000| Untracked 
| 665|0x00000000a9900000, 0x00000000a9900000, 0x00000000a9a00000|  0%| F|  |TAMS 0x00000000a9900000| PB 0x00000000a9900000| Untracked 
| 666|0x00000000a9a00000, 0x00000000a9a00000, 0x00000000a9b00000|  0%| F|  |TAMS 0x00000000a9a00000| PB 0x00000000a9a00000| Untracked 
| 667|0x00000000a9b00000, 0x00000000a9b00000, 0x00000000a9c00000|  0%| F|  |TAMS 0x00000000a9b00000| PB 0x00000000a9b00000| Untracked 
| 668|0x00000000a9c00000, 0x00000000a9c00000, 0x00000000a9d00000|  0%| F|  |TAMS 0x00000000a9c00000| PB 0x00000000a9c00000| Untracked 
| 669|0x00000000a9d00000, 0x00000000a9d00000, 0x00000000a9e00000|  0%| F|  |TAMS 0x00000000a9d00000| PB 0x00000000a9d00000| Untracked 
| 670|0x00000000a9e00000, 0x00000000a9e00000, 0x00000000a9f00000|  0%| F|  |TAMS 0x00000000a9e00000| PB 0x00000000a9e00000| Untracked 
| 671|0x00000000a9f00000, 0x00000000a9f00000, 0x00000000aa000000|  0%| F|  |TAMS 0x00000000a9f00000| PB 0x00000000a9f00000| Untracked 
| 672|0x00000000aa000000, 0x00000000aa000000, 0x00000000aa100000|  0%| F|  |TAMS 0x00000000aa000000| PB 0x00000000aa000000| Untracked 
| 673|0x00000000aa100000, 0x00000000aa100000, 0x00000000aa200000|  0%| F|  |TAMS 0x00000000aa100000| PB 0x00000000aa100000| Untracked 
| 674|0x00000000aa200000, 0x00000000aa200000, 0x00000000aa300000|  0%| F|  |TAMS 0x00000000aa200000| PB 0x00000000aa200000| Untracked 
| 675|0x00000000aa300000, 0x00000000aa300000, 0x00000000aa400000|  0%| F|  |TAMS 0x00000000aa300000| PB 0x00000000aa300000| Untracked 
| 676|0x00000000aa400000, 0x00000000aa400000, 0x00000000aa500000|  0%| F|  |TAMS 0x00000000aa400000| PB 0x00000000aa400000| Untracked 
| 677|0x00000000aa500000, 0x00000000aa500000, 0x00000000aa600000|  0%| F|  |TAMS 0x00000000aa500000| PB 0x00000000aa500000| Untracked 
| 678|0x00000000aa600000, 0x00000000aa600000, 0x00000000aa700000|  0%| F|  |TAMS 0x00000000aa600000| PB 0x00000000aa600000| Untracked 
| 679|0x00000000aa700000, 0x00000000aa700000, 0x00000000aa800000|  0%| F|  |TAMS 0x00000000aa700000| PB 0x00000000aa700000| Untracked 
| 680|0x00000000aa800000, 0x00000000aa800000, 0x00000000aa900000|  0%| F|  |TAMS 0x00000000aa800000| PB 0x00000000aa800000| Untracked 
| 681|0x00000000aa900000, 0x00000000aa900000, 0x00000000aaa00000|  0%| F|  |TAMS 0x00000000aa900000| PB 0x00000000aa900000| Untracked 
| 682|0x00000000aaa00000, 0x00000000aaa00000, 0x00000000aab00000|  0%| F|  |TAMS 0x00000000aaa00000| PB 0x00000000aaa00000| Untracked 
| 683|0x00000000aab00000, 0x00000000aab00000, 0x00000000aac00000|  0%| F|  |TAMS 0x00000000aab00000| PB 0x00000000aab00000| Untracked 
| 684|0x00000000aac00000, 0x00000000aac00000, 0x00000000aad00000|  0%| F|  |TAMS 0x00000000aac00000| PB 0x00000000aac00000| Untracked 
| 685|0x00000000aad00000, 0x00000000aad00000, 0x00000000aae00000|  0%| F|  |TAMS 0x00000000aad00000| PB 0x00000000aad00000| Untracked 
| 686|0x00000000aae00000, 0x00000000aae00000, 0x00000000aaf00000|  0%| F|  |TAMS 0x00000000aae00000| PB 0x00000000aae00000| Untracked 
| 687|0x00000000aaf00000, 0x00000000aaf00000, 0x00000000ab000000|  0%| F|  |TAMS 0x00000000aaf00000| PB 0x00000000aaf00000| Untracked 
| 688|0x00000000ab000000, 0x00000000ab000000, 0x00000000ab100000|  0%| F|  |TAMS 0x00000000ab000000| PB 0x00000000ab000000| Untracked 
| 689|0x00000000ab100000, 0x00000000ab100000, 0x00000000ab200000|  0%| F|  |TAMS 0x00000000ab100000| PB 0x00000000ab100000| Untracked 
| 690|0x00000000ab200000, 0x00000000ab200000, 0x00000000ab300000|  0%| F|  |TAMS 0x00000000ab200000| PB 0x00000000ab200000| Untracked 
| 691|0x00000000ab300000, 0x00000000ab300000, 0x00000000ab400000|  0%| F|  |TAMS 0x00000000ab300000| PB 0x00000000ab300000| Untracked 
| 692|0x00000000ab400000, 0x00000000ab400000, 0x00000000ab500000|  0%| F|  |TAMS 0x00000000ab400000| PB 0x00000000ab400000| Untracked 
| 693|0x00000000ab500000, 0x00000000ab500000, 0x00000000ab600000|  0%| F|  |TAMS 0x00000000ab500000| PB 0x00000000ab500000| Untracked 
| 694|0x00000000ab600000, 0x00000000ab600000, 0x00000000ab700000|  0%| F|  |TAMS 0x00000000ab600000| PB 0x00000000ab600000| Untracked 
| 695|0x00000000ab700000, 0x00000000ab700000, 0x00000000ab800000|  0%| F|  |TAMS 0x00000000ab700000| PB 0x00000000ab700000| Untracked 
| 696|0x00000000ab800000, 0x00000000ab800000, 0x00000000ab900000|  0%| F|  |TAMS 0x00000000ab800000| PB 0x00000000ab800000| Untracked 
| 697|0x00000000ab900000, 0x00000000ab900000, 0x00000000aba00000|  0%| F|  |TAMS 0x00000000ab900000| PB 0x00000000ab900000| Untracked 
| 698|0x00000000aba00000, 0x00000000aba00000, 0x00000000abb00000|  0%| F|  |TAMS 0x00000000aba00000| PB 0x00000000aba00000| Untracked 
| 699|0x00000000abb00000, 0x00000000abb00000, 0x00000000abc00000|  0%| F|  |TAMS 0x00000000abb00000| PB 0x00000000abb00000| Untracked 
| 700|0x00000000abc00000, 0x00000000abc00000, 0x00000000abd00000|  0%| F|  |TAMS 0x00000000abc00000| PB 0x00000000abc00000| Untracked 
| 701|0x00000000abd00000, 0x00000000abd00000, 0x00000000abe00000|  0%| F|  |TAMS 0x00000000abd00000| PB 0x00000000abd00000| Untracked 
| 702|0x00000000abe00000, 0x00000000abe00000, 0x00000000abf00000|  0%| F|  |TAMS 0x00000000abe00000| PB 0x00000000abe00000| Untracked 
| 703|0x00000000abf00000, 0x00000000abf00000, 0x00000000ac000000|  0%| F|  |TAMS 0x00000000abf00000| PB 0x00000000abf00000| Untracked 
| 704|0x00000000ac000000, 0x00000000ac000000, 0x00000000ac100000|  0%| F|  |TAMS 0x00000000ac000000| PB 0x00000000ac000000| Untracked 
| 705|0x00000000ac100000, 0x00000000ac100000, 0x00000000ac200000|  0%| F|  |TAMS 0x00000000ac100000| PB 0x00000000ac100000| Untracked 
| 706|0x00000000ac200000, 0x00000000ac200000, 0x00000000ac300000|  0%| F|  |TAMS 0x00000000ac200000| PB 0x00000000ac200000| Untracked 
| 707|0x00000000ac300000, 0x00000000ac300000, 0x00000000ac400000|  0%| F|  |TAMS 0x00000000ac300000| PB 0x00000000ac300000| Untracked 
| 708|0x00000000ac400000, 0x00000000ac400000, 0x00000000ac500000|  0%| F|  |TAMS 0x00000000ac400000| PB 0x00000000ac400000| Untracked 
| 709|0x00000000ac500000, 0x00000000ac500000, 0x00000000ac600000|  0%| F|  |TAMS 0x00000000ac500000| PB 0x00000000ac500000| Untracked 
| 710|0x00000000ac600000, 0x00000000ac600000, 0x00000000ac700000|  0%| F|  |TAMS 0x00000000ac600000| PB 0x00000000ac600000| Untracked 
| 711|0x00000000ac700000, 0x00000000ac700000, 0x00000000ac800000|  0%| F|  |TAMS 0x00000000ac700000| PB 0x00000000ac700000| Untracked 
| 712|0x00000000ac800000, 0x00000000ac800000, 0x00000000ac900000|  0%| F|  |TAMS 0x00000000ac800000| PB 0x00000000ac800000| Untracked 
| 713|0x00000000ac900000, 0x00000000ac900000, 0x00000000aca00000|  0%| F|  |TAMS 0x00000000ac900000| PB 0x00000000ac900000| Untracked 
| 714|0x00000000aca00000, 0x00000000aca00000, 0x00000000acb00000|  0%| F|  |TAMS 0x00000000aca00000| PB 0x00000000aca00000| Untracked 
| 715|0x00000000acb00000, 0x00000000acb00000, 0x00000000acc00000|  0%| F|  |TAMS 0x00000000acb00000| PB 0x00000000acb00000| Untracked 
| 716|0x00000000acc00000, 0x00000000acc00000, 0x00000000acd00000|  0%| F|  |TAMS 0x00000000acc00000| PB 0x00000000acc00000| Untracked 
| 717|0x00000000acd00000, 0x00000000acd00000, 0x00000000ace00000|  0%| F|  |TAMS 0x00000000acd00000| PB 0x00000000acd00000| Untracked 
| 718|0x00000000ace00000, 0x00000000ace00000, 0x00000000acf00000|  0%| F|  |TAMS 0x00000000ace00000| PB 0x00000000ace00000| Untracked 
| 719|0x00000000acf00000, 0x00000000acf00000, 0x00000000ad000000|  0%| F|  |TAMS 0x00000000acf00000| PB 0x00000000acf00000| Untracked 
| 720|0x00000000ad000000, 0x00000000ad000000, 0x00000000ad100000|  0%| F|  |TAMS 0x00000000ad000000| PB 0x00000000ad000000| Untracked 
| 721|0x00000000ad100000, 0x00000000ad100000, 0x00000000ad200000|  0%| F|  |TAMS 0x00000000ad100000| PB 0x00000000ad100000| Untracked 
| 722|0x00000000ad200000, 0x00000000ad200000, 0x00000000ad300000|  0%| F|  |TAMS 0x00000000ad200000| PB 0x00000000ad200000| Untracked 
| 723|0x00000000ad300000, 0x00000000ad300000, 0x00000000ad400000|  0%| F|  |TAMS 0x00000000ad300000| PB 0x00000000ad300000| Untracked 
| 724|0x00000000ad400000, 0x00000000ad400000, 0x00000000ad500000|  0%| F|  |TAMS 0x00000000ad400000| PB 0x00000000ad400000| Untracked 
| 725|0x00000000ad500000, 0x00000000ad500000, 0x00000000ad600000|  0%| F|  |TAMS 0x00000000ad500000| PB 0x00000000ad500000| Untracked 
| 726|0x00000000ad600000, 0x00000000ad600000, 0x00000000ad700000|  0%| F|  |TAMS 0x00000000ad600000| PB 0x00000000ad600000| Untracked 
| 727|0x00000000ad700000, 0x00000000ad700000, 0x00000000ad800000|  0%| F|  |TAMS 0x00000000ad700000| PB 0x00000000ad700000| Untracked 
| 728|0x00000000ad800000, 0x00000000ad800000, 0x00000000ad900000|  0%| F|  |TAMS 0x00000000ad800000| PB 0x00000000ad800000| Untracked 
| 729|0x00000000ad900000, 0x00000000ad900000, 0x00000000ada00000|  0%| F|  |TAMS 0x00000000ad900000| PB 0x00000000ad900000| Untracked 
| 730|0x00000000ada00000, 0x00000000ada00000, 0x00000000adb00000|  0%| F|  |TAMS 0x00000000ada00000| PB 0x00000000ada00000| Untracked 
| 731|0x00000000adb00000, 0x00000000adb00000, 0x00000000adc00000|  0%| F|  |TAMS 0x00000000adb00000| PB 0x00000000adb00000| Untracked 
| 732|0x00000000adc00000, 0x00000000adc00000, 0x00000000add00000|  0%| F|  |TAMS 0x00000000adc00000| PB 0x00000000adc00000| Untracked 
| 733|0x00000000add00000, 0x00000000add00000, 0x00000000ade00000|  0%| F|  |TAMS 0x00000000add00000| PB 0x00000000add00000| Untracked 
| 734|0x00000000ade00000, 0x00000000ade00000, 0x00000000adf00000|  0%| F|  |TAMS 0x00000000ade00000| PB 0x00000000ade00000| Untracked 
| 735|0x00000000adf00000, 0x00000000adf00000, 0x00000000ae000000|  0%| F|  |TAMS 0x00000000adf00000| PB 0x00000000adf00000| Untracked 
| 736|0x00000000ae000000, 0x00000000ae000000, 0x00000000ae100000|  0%| F|  |TAMS 0x00000000ae000000| PB 0x00000000ae000000| Untracked 
| 737|0x00000000ae100000, 0x00000000ae100000, 0x00000000ae200000|  0%| F|  |TAMS 0x00000000ae100000| PB 0x00000000ae100000| Untracked 
| 738|0x00000000ae200000, 0x00000000ae200000, 0x00000000ae300000|  0%| F|  |TAMS 0x00000000ae200000| PB 0x00000000ae200000| Untracked 
| 739|0x00000000ae300000, 0x00000000ae300000, 0x00000000ae400000|  0%| F|  |TAMS 0x00000000ae300000| PB 0x00000000ae300000| Untracked 
| 740|0x00000000ae400000, 0x00000000ae400000, 0x00000000ae500000|  0%| F|  |TAMS 0x00000000ae400000| PB 0x00000000ae400000| Untracked 
| 741|0x00000000ae500000, 0x00000000ae500000, 0x00000000ae600000|  0%| F|  |TAMS 0x00000000ae500000| PB 0x00000000ae500000| Untracked 
| 742|0x00000000ae600000, 0x00000000ae600000, 0x00000000ae700000|  0%| F|  |TAMS 0x00000000ae600000| PB 0x00000000ae600000| Untracked 
| 743|0x00000000ae700000, 0x00000000ae700000, 0x00000000ae800000|  0%| F|  |TAMS 0x00000000ae700000| PB 0x00000000ae700000| Untracked 
| 744|0x00000000ae800000, 0x00000000ae800000, 0x00000000ae900000|  0%| F|  |TAMS 0x00000000ae800000| PB 0x00000000ae800000| Untracked 
| 745|0x00000000ae900000, 0x00000000ae900000, 0x00000000aea00000|  0%| F|  |TAMS 0x00000000ae900000| PB 0x00000000ae900000| Untracked 
| 746|0x00000000aea00000, 0x00000000aea00000, 0x00000000aeb00000|  0%| F|  |TAMS 0x00000000aea00000| PB 0x00000000aea00000| Untracked 
| 747|0x00000000aeb00000, 0x00000000aeb00000, 0x00000000aec00000|  0%| F|  |TAMS 0x00000000aeb00000| PB 0x00000000aeb00000| Untracked 
| 748|0x00000000aec00000, 0x00000000aec00000, 0x00000000aed00000|  0%| F|  |TAMS 0x00000000aec00000| PB 0x00000000aec00000| Untracked 
| 749|0x00000000aed00000, 0x00000000aed00000, 0x00000000aee00000|  0%| F|  |TAMS 0x00000000aed00000| PB 0x00000000aed00000| Untracked 
| 750|0x00000000aee00000, 0x00000000aee00000, 0x00000000aef00000|  0%| F|  |TAMS 0x00000000aee00000| PB 0x00000000aee00000| Untracked 
| 751|0x00000000aef00000, 0x00000000aef00000, 0x00000000af000000|  0%| F|  |TAMS 0x00000000aef00000| PB 0x00000000aef00000| Untracked 
| 752|0x00000000af000000, 0x00000000af000000, 0x00000000af100000|  0%| F|  |TAMS 0x00000000af000000| PB 0x00000000af000000| Untracked 
| 753|0x00000000af100000, 0x00000000af100000, 0x00000000af200000|  0%| F|  |TAMS 0x00000000af100000| PB 0x00000000af100000| Untracked 
| 754|0x00000000af200000, 0x00000000af200000, 0x00000000af300000|  0%| F|  |TAMS 0x00000000af200000| PB 0x00000000af200000| Untracked 
| 755|0x00000000af300000, 0x00000000af300000, 0x00000000af400000|  0%| F|  |TAMS 0x00000000af300000| PB 0x00000000af300000| Untracked 
| 756|0x00000000af400000, 0x00000000af400000, 0x00000000af500000|  0%| F|  |TAMS 0x00000000af400000| PB 0x00000000af400000| Untracked 
| 757|0x00000000af500000, 0x00000000af500000, 0x00000000af600000|  0%| F|  |TAMS 0x00000000af500000| PB 0x00000000af500000| Untracked 
| 758|0x00000000af600000, 0x00000000af600000, 0x00000000af700000|  0%| F|  |TAMS 0x00000000af600000| PB 0x00000000af600000| Untracked 
| 759|0x00000000af700000, 0x00000000af700000, 0x00000000af800000|  0%| F|  |TAMS 0x00000000af700000| PB 0x00000000af700000| Untracked 
| 760|0x00000000af800000, 0x00000000af800000, 0x00000000af900000|  0%| F|  |TAMS 0x00000000af800000| PB 0x00000000af800000| Untracked 
| 761|0x00000000af900000, 0x00000000af900000, 0x00000000afa00000|  0%| F|  |TAMS 0x00000000af900000| PB 0x00000000af900000| Untracked 
| 762|0x00000000afa00000, 0x00000000afa00000, 0x00000000afb00000|  0%| F|  |TAMS 0x00000000afa00000| PB 0x00000000afa00000| Untracked 
| 763|0x00000000afb00000, 0x00000000afb00000, 0x00000000afc00000|  0%| F|  |TAMS 0x00000000afb00000| PB 0x00000000afb00000| Untracked 
| 764|0x00000000afc00000, 0x00000000afc00000, 0x00000000afd00000|  0%| F|  |TAMS 0x00000000afc00000| PB 0x00000000afc00000| Untracked 
| 765|0x00000000afd00000, 0x00000000afd00000, 0x00000000afe00000|  0%| F|  |TAMS 0x00000000afd00000| PB 0x00000000afd00000| Untracked 
| 766|0x00000000afe00000, 0x00000000afe00000, 0x00000000aff00000|  0%| F|  |TAMS 0x00000000afe00000| PB 0x00000000afe00000| Untracked 
| 767|0x00000000aff00000, 0x00000000aff00000, 0x00000000b0000000|  0%| F|  |TAMS 0x00000000aff00000| PB 0x00000000aff00000| Untracked 
| 768|0x00000000b0000000, 0x00000000b0000000, 0x00000000b0100000|  0%| F|  |TAMS 0x00000000b0000000| PB 0x00000000b0000000| Untracked 
| 769|0x00000000b0100000, 0x00000000b0100000, 0x00000000b0200000|  0%| F|  |TAMS 0x00000000b0100000| PB 0x00000000b0100000| Untracked 
| 770|0x00000000b0200000, 0x00000000b0200000, 0x00000000b0300000|  0%| F|  |TAMS 0x00000000b0200000| PB 0x00000000b0200000| Untracked 
| 771|0x00000000b0300000, 0x00000000b0300000, 0x00000000b0400000|  0%| F|  |TAMS 0x00000000b0300000| PB 0x00000000b0300000| Untracked 
| 772|0x00000000b0400000, 0x00000000b0400000, 0x00000000b0500000|  0%| F|  |TAMS 0x00000000b0400000| PB 0x00000000b0400000| Untracked 
| 773|0x00000000b0500000, 0x00000000b0500000, 0x00000000b0600000|  0%| F|  |TAMS 0x00000000b0500000| PB 0x00000000b0500000| Untracked 
| 774|0x00000000b0600000, 0x00000000b0600000, 0x00000000b0700000|  0%| F|  |TAMS 0x00000000b0600000| PB 0x00000000b0600000| Untracked 
| 775|0x00000000b0700000, 0x00000000b0700000, 0x00000000b0800000|  0%| F|  |TAMS 0x00000000b0700000| PB 0x00000000b0700000| Untracked 
| 776|0x00000000b0800000, 0x00000000b0800000, 0x00000000b0900000|  0%| F|  |TAMS 0x00000000b0800000| PB 0x00000000b0800000| Untracked 
| 777|0x00000000b0900000, 0x00000000b0900000, 0x00000000b0a00000|  0%| F|  |TAMS 0x00000000b0900000| PB 0x00000000b0900000| Untracked 
| 778|0x00000000b0a00000, 0x00000000b0a00000, 0x00000000b0b00000|  0%| F|  |TAMS 0x00000000b0a00000| PB 0x00000000b0a00000| Untracked 
| 779|0x00000000b0b00000, 0x00000000b0b00000, 0x00000000b0c00000|  0%| F|  |TAMS 0x00000000b0b00000| PB 0x00000000b0b00000| Untracked 
| 780|0x00000000b0c00000, 0x00000000b0c00000, 0x00000000b0d00000|  0%| F|  |TAMS 0x00000000b0c00000| PB 0x00000000b0c00000| Untracked 
| 781|0x00000000b0d00000, 0x00000000b0d00000, 0x00000000b0e00000|  0%| F|  |TAMS 0x00000000b0d00000| PB 0x00000000b0d00000| Untracked 
| 782|0x00000000b0e00000, 0x00000000b0e00000, 0x00000000b0f00000|  0%| F|  |TAMS 0x00000000b0e00000| PB 0x00000000b0e00000| Untracked 
| 783|0x00000000b0f00000, 0x00000000b0f00000, 0x00000000b1000000|  0%| F|  |TAMS 0x00000000b0f00000| PB 0x00000000b0f00000| Untracked 
| 784|0x00000000b1000000, 0x00000000b1000000, 0x00000000b1100000|  0%| F|  |TAMS 0x00000000b1000000| PB 0x00000000b1000000| Untracked 
| 785|0x00000000b1100000, 0x00000000b1100000, 0x00000000b1200000|  0%| F|  |TAMS 0x00000000b1100000| PB 0x00000000b1100000| Untracked 
| 786|0x00000000b1200000, 0x00000000b1200000, 0x00000000b1300000|  0%| F|  |TAMS 0x00000000b1200000| PB 0x00000000b1200000| Untracked 
| 787|0x00000000b1300000, 0x00000000b1300000, 0x00000000b1400000|  0%| F|  |TAMS 0x00000000b1300000| PB 0x00000000b1300000| Untracked 
| 788|0x00000000b1400000, 0x00000000b1400000, 0x00000000b1500000|  0%| F|  |TAMS 0x00000000b1400000| PB 0x00000000b1400000| Untracked 
| 789|0x00000000b1500000, 0x00000000b1500000, 0x00000000b1600000|  0%| F|  |TAMS 0x00000000b1500000| PB 0x00000000b1500000| Untracked 
| 790|0x00000000b1600000, 0x00000000b1600000, 0x00000000b1700000|  0%| F|  |TAMS 0x00000000b1600000| PB 0x00000000b1600000| Untracked 
| 791|0x00000000b1700000, 0x00000000b1700000, 0x00000000b1800000|  0%| F|  |TAMS 0x00000000b1700000| PB 0x00000000b1700000| Untracked 
| 792|0x00000000b1800000, 0x00000000b1800000, 0x00000000b1900000|  0%| F|  |TAMS 0x00000000b1800000| PB 0x00000000b1800000| Untracked 
| 793|0x00000000b1900000, 0x00000000b1900000, 0x00000000b1a00000|  0%| F|  |TAMS 0x00000000b1900000| PB 0x00000000b1900000| Untracked 
| 794|0x00000000b1a00000, 0x00000000b1a00000, 0x00000000b1b00000|  0%| F|  |TAMS 0x00000000b1a00000| PB 0x00000000b1a00000| Untracked 
| 795|0x00000000b1b00000, 0x00000000b1b00000, 0x00000000b1c00000|  0%| F|  |TAMS 0x00000000b1b00000| PB 0x00000000b1b00000| Untracked 
| 796|0x00000000b1c00000, 0x00000000b1c00000, 0x00000000b1d00000|  0%| F|  |TAMS 0x00000000b1c00000| PB 0x00000000b1c00000| Untracked 
| 797|0x00000000b1d00000, 0x00000000b1d00000, 0x00000000b1e00000|  0%| F|  |TAMS 0x00000000b1d00000| PB 0x00000000b1d00000| Untracked 
| 798|0x00000000b1e00000, 0x00000000b1e00000, 0x00000000b1f00000|  0%| F|  |TAMS 0x00000000b1e00000| PB 0x00000000b1e00000| Untracked 
| 799|0x00000000b1f00000, 0x00000000b1f00000, 0x00000000b2000000|  0%| F|  |TAMS 0x00000000b1f00000| PB 0x00000000b1f00000| Untracked 
| 800|0x00000000b2000000, 0x00000000b2000000, 0x00000000b2100000|  0%| F|  |TAMS 0x00000000b2000000| PB 0x00000000b2000000| Untracked 
| 801|0x00000000b2100000, 0x00000000b2100000, 0x00000000b2200000|  0%| F|  |TAMS 0x00000000b2100000| PB 0x00000000b2100000| Untracked 
| 802|0x00000000b2200000, 0x00000000b2200000, 0x00000000b2300000|  0%| F|  |TAMS 0x00000000b2200000| PB 0x00000000b2200000| Untracked 
| 803|0x00000000b2300000, 0x00000000b2300000, 0x00000000b2400000|  0%| F|  |TAMS 0x00000000b2300000| PB 0x00000000b2300000| Untracked 
| 804|0x00000000b2400000, 0x00000000b2400000, 0x00000000b2500000|  0%| F|  |TAMS 0x00000000b2400000| PB 0x00000000b2400000| Untracked 
| 805|0x00000000b2500000, 0x00000000b2500000, 0x00000000b2600000|  0%| F|  |TAMS 0x00000000b2500000| PB 0x00000000b2500000| Untracked 
| 806|0x00000000b2600000, 0x00000000b2600000, 0x00000000b2700000|  0%| F|  |TAMS 0x00000000b2600000| PB 0x00000000b2600000| Untracked 
| 807|0x00000000b2700000, 0x00000000b2700000, 0x00000000b2800000|  0%| F|  |TAMS 0x00000000b2700000| PB 0x00000000b2700000| Untracked 
| 808|0x00000000b2800000, 0x00000000b2800000, 0x00000000b2900000|  0%| F|  |TAMS 0x00000000b2800000| PB 0x00000000b2800000| Untracked 
| 809|0x00000000b2900000, 0x00000000b2900000, 0x00000000b2a00000|  0%| F|  |TAMS 0x00000000b2900000| PB 0x00000000b2900000| Untracked 
| 810|0x00000000b2a00000, 0x00000000b2a00000, 0x00000000b2b00000|  0%| F|  |TAMS 0x00000000b2a00000| PB 0x00000000b2a00000| Untracked 
| 811|0x00000000b2b00000, 0x00000000b2b00000, 0x00000000b2c00000|  0%| F|  |TAMS 0x00000000b2b00000| PB 0x00000000b2b00000| Untracked 
| 812|0x00000000b2c00000, 0x00000000b2c00000, 0x00000000b2d00000|  0%| F|  |TAMS 0x00000000b2c00000| PB 0x00000000b2c00000| Untracked 
| 813|0x00000000b2d00000, 0x00000000b2d00000, 0x00000000b2e00000|  0%| F|  |TAMS 0x00000000b2d00000| PB 0x00000000b2d00000| Untracked 
| 814|0x00000000b2e00000, 0x00000000b2e00000, 0x00000000b2f00000|  0%| F|  |TAMS 0x00000000b2e00000| PB 0x00000000b2e00000| Untracked 
| 815|0x00000000b2f00000, 0x00000000b2f00000, 0x00000000b3000000|  0%| F|  |TAMS 0x00000000b2f00000| PB 0x00000000b2f00000| Untracked 
| 816|0x00000000b3000000, 0x00000000b3000000, 0x00000000b3100000|  0%| F|  |TAMS 0x00000000b3000000| PB 0x00000000b3000000| Untracked 
| 817|0x00000000b3100000, 0x00000000b3100000, 0x00000000b3200000|  0%| F|  |TAMS 0x00000000b3100000| PB 0x00000000b3100000| Untracked 
| 818|0x00000000b3200000, 0x00000000b3200000, 0x00000000b3300000|  0%| F|  |TAMS 0x00000000b3200000| PB 0x00000000b3200000| Untracked 
| 819|0x00000000b3300000, 0x00000000b3300000, 0x00000000b3400000|  0%| F|  |TAMS 0x00000000b3300000| PB 0x00000000b3300000| Untracked 
| 820|0x00000000b3400000, 0x00000000b3400000, 0x00000000b3500000|  0%| F|  |TAMS 0x00000000b3400000| PB 0x00000000b3400000| Untracked 
| 821|0x00000000b3500000, 0x00000000b3500000, 0x00000000b3600000|  0%| F|  |TAMS 0x00000000b3500000| PB 0x00000000b3500000| Untracked 
| 822|0x00000000b3600000, 0x00000000b3600000, 0x00000000b3700000|  0%| F|  |TAMS 0x00000000b3600000| PB 0x00000000b3600000| Untracked 
| 823|0x00000000b3700000, 0x00000000b3700000, 0x00000000b3800000|  0%| F|  |TAMS 0x00000000b3700000| PB 0x00000000b3700000| Untracked 
| 824|0x00000000b3800000, 0x00000000b3800000, 0x00000000b3900000|  0%| F|  |TAMS 0x00000000b3800000| PB 0x00000000b3800000| Untracked 
| 825|0x00000000b3900000, 0x00000000b3900000, 0x00000000b3a00000|  0%| F|  |TAMS 0x00000000b3900000| PB 0x00000000b3900000| Untracked 
| 826|0x00000000b3a00000, 0x00000000b3a00000, 0x00000000b3b00000|  0%| F|  |TAMS 0x00000000b3a00000| PB 0x00000000b3a00000| Untracked 
| 827|0x00000000b3b00000, 0x00000000b3b00000, 0x00000000b3c00000|  0%| F|  |TAMS 0x00000000b3b00000| PB 0x00000000b3b00000| Untracked 
| 828|0x00000000b3c00000, 0x00000000b3c00000, 0x00000000b3d00000|  0%| F|  |TAMS 0x00000000b3c00000| PB 0x00000000b3c00000| Untracked 
| 829|0x00000000b3d00000, 0x00000000b3d00000, 0x00000000b3e00000|  0%| F|  |TAMS 0x00000000b3d00000| PB 0x00000000b3d00000| Untracked 
| 830|0x00000000b3e00000, 0x00000000b3e00000, 0x00000000b3f00000|  0%| F|  |TAMS 0x00000000b3e00000| PB 0x00000000b3e00000| Untracked 
| 831|0x00000000b3f00000, 0x00000000b3f00000, 0x00000000b4000000|  0%| F|  |TAMS 0x00000000b3f00000| PB 0x00000000b3f00000| Untracked 
| 832|0x00000000b4000000, 0x00000000b4000000, 0x00000000b4100000|  0%| F|  |TAMS 0x00000000b4000000| PB 0x00000000b4000000| Untracked 
| 833|0x00000000b4100000, 0x00000000b4100000, 0x00000000b4200000|  0%| F|  |TAMS 0x00000000b4100000| PB 0x00000000b4100000| Untracked 
| 834|0x00000000b4200000, 0x00000000b4200000, 0x00000000b4300000|  0%| F|  |TAMS 0x00000000b4200000| PB 0x00000000b4200000| Untracked 
| 835|0x00000000b4300000, 0x00000000b4300000, 0x00000000b4400000|  0%| F|  |TAMS 0x00000000b4300000| PB 0x00000000b4300000| Untracked 
| 836|0x00000000b4400000, 0x00000000b4400000, 0x00000000b4500000|  0%| F|  |TAMS 0x00000000b4400000| PB 0x00000000b4400000| Untracked 
| 837|0x00000000b4500000, 0x00000000b4500000, 0x00000000b4600000|  0%| F|  |TAMS 0x00000000b4500000| PB 0x00000000b4500000| Untracked 
| 838|0x00000000b4600000, 0x00000000b4600000, 0x00000000b4700000|  0%| F|  |TAMS 0x00000000b4600000| PB 0x00000000b4600000| Untracked 
| 839|0x00000000b4700000, 0x00000000b4700000, 0x00000000b4800000|  0%| F|  |TAMS 0x00000000b4700000| PB 0x00000000b4700000| Untracked 
| 840|0x00000000b4800000, 0x00000000b4800000, 0x00000000b4900000|  0%| F|  |TAMS 0x00000000b4800000| PB 0x00000000b4800000| Untracked 
| 841|0x00000000b4900000, 0x00000000b4900000, 0x00000000b4a00000|  0%| F|  |TAMS 0x00000000b4900000| PB 0x00000000b4900000| Untracked 
| 842|0x00000000b4a00000, 0x00000000b4a00000, 0x00000000b4b00000|  0%| F|  |TAMS 0x00000000b4a00000| PB 0x00000000b4a00000| Untracked 
| 843|0x00000000b4b00000, 0x00000000b4b00000, 0x00000000b4c00000|  0%| F|  |TAMS 0x00000000b4b00000| PB 0x00000000b4b00000| Untracked 
| 844|0x00000000b4c00000, 0x00000000b4c00000, 0x00000000b4d00000|  0%| F|  |TAMS 0x00000000b4c00000| PB 0x00000000b4c00000| Untracked 
| 845|0x00000000b4d00000, 0x00000000b4d00000, 0x00000000b4e00000|  0%| F|  |TAMS 0x00000000b4d00000| PB 0x00000000b4d00000| Untracked 
| 846|0x00000000b4e00000, 0x00000000b4e00000, 0x00000000b4f00000|  0%| F|  |TAMS 0x00000000b4e00000| PB 0x00000000b4e00000| Untracked 
| 847|0x00000000b4f00000, 0x00000000b4f00000, 0x00000000b5000000|  0%| F|  |TAMS 0x00000000b4f00000| PB 0x00000000b4f00000| Untracked 
| 848|0x00000000b5000000, 0x00000000b5000000, 0x00000000b5100000|  0%| F|  |TAMS 0x00000000b5000000| PB 0x00000000b5000000| Untracked 
| 849|0x00000000b5100000, 0x00000000b5100000, 0x00000000b5200000|  0%| F|  |TAMS 0x00000000b5100000| PB 0x00000000b5100000| Untracked 
| 850|0x00000000b5200000, 0x00000000b5200000, 0x00000000b5300000|  0%| F|  |TAMS 0x00000000b5200000| PB 0x00000000b5200000| Untracked 
| 851|0x00000000b5300000, 0x00000000b5300000, 0x00000000b5400000|  0%| F|  |TAMS 0x00000000b5300000| PB 0x00000000b5300000| Untracked 
| 852|0x00000000b5400000, 0x00000000b5400000, 0x00000000b5500000|  0%| F|  |TAMS 0x00000000b5400000| PB 0x00000000b5400000| Untracked 
| 853|0x00000000b5500000, 0x00000000b5500000, 0x00000000b5600000|  0%| F|  |TAMS 0x00000000b5500000| PB 0x00000000b5500000| Untracked 
| 854|0x00000000b5600000, 0x00000000b5600000, 0x00000000b5700000|  0%| F|  |TAMS 0x00000000b5600000| PB 0x00000000b5600000| Untracked 
| 855|0x00000000b5700000, 0x00000000b5700000, 0x00000000b5800000|  0%| F|  |TAMS 0x00000000b5700000| PB 0x00000000b5700000| Untracked 
| 856|0x00000000b5800000, 0x00000000b5800000, 0x00000000b5900000|  0%| F|  |TAMS 0x00000000b5800000| PB 0x00000000b5800000| Untracked 
| 857|0x00000000b5900000, 0x00000000b5900000, 0x00000000b5a00000|  0%| F|  |TAMS 0x00000000b5900000| PB 0x00000000b5900000| Untracked 
| 858|0x00000000b5a00000, 0x00000000b5a00000, 0x00000000b5b00000|  0%| F|  |TAMS 0x00000000b5a00000| PB 0x00000000b5a00000| Untracked 
| 859|0x00000000b5b00000, 0x00000000b5b00000, 0x00000000b5c00000|  0%| F|  |TAMS 0x00000000b5b00000| PB 0x00000000b5b00000| Untracked 
| 860|0x00000000b5c00000, 0x00000000b5c00000, 0x00000000b5d00000|  0%| F|  |TAMS 0x00000000b5c00000| PB 0x00000000b5c00000| Untracked 
| 861|0x00000000b5d00000, 0x00000000b5d00000, 0x00000000b5e00000|  0%| F|  |TAMS 0x00000000b5d00000| PB 0x00000000b5d00000| Untracked 
| 862|0x00000000b5e00000, 0x00000000b5e00000, 0x00000000b5f00000|  0%| F|  |TAMS 0x00000000b5e00000| PB 0x00000000b5e00000| Untracked 
| 863|0x00000000b5f00000, 0x00000000b5f00000, 0x00000000b6000000|  0%| F|  |TAMS 0x00000000b5f00000| PB 0x00000000b5f00000| Untracked 
| 864|0x00000000b6000000, 0x00000000b6000000, 0x00000000b6100000|  0%| F|  |TAMS 0x00000000b6000000| PB 0x00000000b6000000| Untracked 
| 865|0x00000000b6100000, 0x00000000b6100000, 0x00000000b6200000|  0%| F|  |TAMS 0x00000000b6100000| PB 0x00000000b6100000| Untracked 
| 866|0x00000000b6200000, 0x00000000b6200000, 0x00000000b6300000|  0%| F|  |TAMS 0x00000000b6200000| PB 0x00000000b6200000| Untracked 
| 867|0x00000000b6300000, 0x00000000b6300000, 0x00000000b6400000|  0%| F|  |TAMS 0x00000000b6300000| PB 0x00000000b6300000| Untracked 
| 868|0x00000000b6400000, 0x00000000b6400000, 0x00000000b6500000|  0%| F|  |TAMS 0x00000000b6400000| PB 0x00000000b6400000| Untracked 
| 869|0x00000000b6500000, 0x00000000b6500000, 0x00000000b6600000|  0%| F|  |TAMS 0x00000000b6500000| PB 0x00000000b6500000| Untracked 
| 870|0x00000000b6600000, 0x00000000b6600000, 0x00000000b6700000|  0%| F|  |TAMS 0x00000000b6600000| PB 0x00000000b6600000| Untracked 
| 871|0x00000000b6700000, 0x00000000b6700000, 0x00000000b6800000|  0%| F|  |TAMS 0x00000000b6700000| PB 0x00000000b6700000| Untracked 
| 872|0x00000000b6800000, 0x00000000b6800000, 0x00000000b6900000|  0%| F|  |TAMS 0x00000000b6800000| PB 0x00000000b6800000| Untracked 
| 873|0x00000000b6900000, 0x00000000b6900000, 0x00000000b6a00000|  0%| F|  |TAMS 0x00000000b6900000| PB 0x00000000b6900000| Untracked 
| 874|0x00000000b6a00000, 0x00000000b6a00000, 0x00000000b6b00000|  0%| F|  |TAMS 0x00000000b6a00000| PB 0x00000000b6a00000| Untracked 
| 875|0x00000000b6b00000, 0x00000000b6b00000, 0x00000000b6c00000|  0%| F|  |TAMS 0x00000000b6b00000| PB 0x00000000b6b00000| Untracked 
| 876|0x00000000b6c00000, 0x00000000b6c00000, 0x00000000b6d00000|  0%| F|  |TAMS 0x00000000b6c00000| PB 0x00000000b6c00000| Untracked 
| 877|0x00000000b6d00000, 0x00000000b6d00000, 0x00000000b6e00000|  0%| F|  |TAMS 0x00000000b6d00000| PB 0x00000000b6d00000| Untracked 
| 878|0x00000000b6e00000, 0x00000000b6e00000, 0x00000000b6f00000|  0%| F|  |TAMS 0x00000000b6e00000| PB 0x00000000b6e00000| Untracked 
| 879|0x00000000b6f00000, 0x00000000b6f00000, 0x00000000b7000000|  0%| F|  |TAMS 0x00000000b6f00000| PB 0x00000000b6f00000| Untracked 
| 880|0x00000000b7000000, 0x00000000b7000000, 0x00000000b7100000|  0%| F|  |TAMS 0x00000000b7000000| PB 0x00000000b7000000| Untracked 
| 881|0x00000000b7100000, 0x00000000b7100000, 0x00000000b7200000|  0%| F|  |TAMS 0x00000000b7100000| PB 0x00000000b7100000| Untracked 
| 882|0x00000000b7200000, 0x00000000b7200000, 0x00000000b7300000|  0%| F|  |TAMS 0x00000000b7200000| PB 0x00000000b7200000| Untracked 
| 883|0x00000000b7300000, 0x00000000b7300000, 0x00000000b7400000|  0%| F|  |TAMS 0x00000000b7300000| PB 0x00000000b7300000| Untracked 
| 884|0x00000000b7400000, 0x00000000b7400000, 0x00000000b7500000|  0%| F|  |TAMS 0x00000000b7400000| PB 0x00000000b7400000| Untracked 
| 885|0x00000000b7500000, 0x00000000b7500000, 0x00000000b7600000|  0%| F|  |TAMS 0x00000000b7500000| PB 0x00000000b7500000| Untracked 
| 886|0x00000000b7600000, 0x00000000b7600000, 0x00000000b7700000|  0%| F|  |TAMS 0x00000000b7600000| PB 0x00000000b7600000| Untracked 
| 887|0x00000000b7700000, 0x00000000b7700000, 0x00000000b7800000|  0%| F|  |TAMS 0x00000000b7700000| PB 0x00000000b7700000| Untracked 
| 888|0x00000000b7800000, 0x00000000b7800000, 0x00000000b7900000|  0%| F|  |TAMS 0x00000000b7800000| PB 0x00000000b7800000| Untracked 
| 889|0x00000000b7900000, 0x00000000b7900000, 0x00000000b7a00000|  0%| F|  |TAMS 0x00000000b7900000| PB 0x00000000b7900000| Untracked 
| 890|0x00000000b7a00000, 0x00000000b7a00000, 0x00000000b7b00000|  0%| F|  |TAMS 0x00000000b7a00000| PB 0x00000000b7a00000| Untracked 
| 891|0x00000000b7b00000, 0x00000000b7b00000, 0x00000000b7c00000|  0%| F|  |TAMS 0x00000000b7b00000| PB 0x00000000b7b00000| Untracked 
| 892|0x00000000b7c00000, 0x00000000b7c00000, 0x00000000b7d00000|  0%| F|  |TAMS 0x00000000b7c00000| PB 0x00000000b7c00000| Untracked 
| 893|0x00000000b7d00000, 0x00000000b7d00000, 0x00000000b7e00000|  0%| F|  |TAMS 0x00000000b7d00000| PB 0x00000000b7d00000| Untracked 
| 894|0x00000000b7e00000, 0x00000000b7e00000, 0x00000000b7f00000|  0%| F|  |TAMS 0x00000000b7e00000| PB 0x00000000b7e00000| Untracked 
| 895|0x00000000b7f00000, 0x00000000b7f00000, 0x00000000b8000000|  0%| F|  |TAMS 0x00000000b7f00000| PB 0x00000000b7f00000| Untracked 
| 896|0x00000000b8000000, 0x00000000b8000000, 0x00000000b8100000|  0%| F|  |TAMS 0x00000000b8000000| PB 0x00000000b8000000| Untracked 
| 897|0x00000000b8100000, 0x00000000b8100000, 0x00000000b8200000|  0%| F|  |TAMS 0x00000000b8100000| PB 0x00000000b8100000| Untracked 
| 898|0x00000000b8200000, 0x00000000b8200000, 0x00000000b8300000|  0%| F|  |TAMS 0x00000000b8200000| PB 0x00000000b8200000| Untracked 
| 899|0x00000000b8300000, 0x00000000b8300000, 0x00000000b8400000|  0%| F|  |TAMS 0x00000000b8300000| PB 0x00000000b8300000| Untracked 
| 900|0x00000000b8400000, 0x00000000b8400000, 0x00000000b8500000|  0%| F|  |TAMS 0x00000000b8400000| PB 0x00000000b8400000| Untracked 
| 901|0x00000000b8500000, 0x00000000b8500000, 0x00000000b8600000|  0%| F|  |TAMS 0x00000000b8500000| PB 0x00000000b8500000| Untracked 
| 902|0x00000000b8600000, 0x00000000b8600000, 0x00000000b8700000|  0%| F|  |TAMS 0x00000000b8600000| PB 0x00000000b8600000| Untracked 
| 903|0x00000000b8700000, 0x00000000b8700000, 0x00000000b8800000|  0%| F|  |TAMS 0x00000000b8700000| PB 0x00000000b8700000| Untracked 
| 904|0x00000000b8800000, 0x00000000b8800000, 0x00000000b8900000|  0%| F|  |TAMS 0x00000000b8800000| PB 0x00000000b8800000| Untracked 
| 905|0x00000000b8900000, 0x00000000b8900000, 0x00000000b8a00000|  0%| F|  |TAMS 0x00000000b8900000| PB 0x00000000b8900000| Untracked 
| 906|0x00000000b8a00000, 0x00000000b8a00000, 0x00000000b8b00000|  0%| F|  |TAMS 0x00000000b8a00000| PB 0x00000000b8a00000| Untracked 
| 907|0x00000000b8b00000, 0x00000000b8b00000, 0x00000000b8c00000|  0%| F|  |TAMS 0x00000000b8b00000| PB 0x00000000b8b00000| Untracked 
| 908|0x00000000b8c00000, 0x00000000b8c00000, 0x00000000b8d00000|  0%| F|  |TAMS 0x00000000b8c00000| PB 0x00000000b8c00000| Untracked 
| 909|0x00000000b8d00000, 0x00000000b8d00000, 0x00000000b8e00000|  0%| F|  |TAMS 0x00000000b8d00000| PB 0x00000000b8d00000| Untracked 
| 910|0x00000000b8e00000, 0x00000000b8e00000, 0x00000000b8f00000|  0%| F|  |TAMS 0x00000000b8e00000| PB 0x00000000b8e00000| Untracked 
| 911|0x00000000b8f00000, 0x00000000b8f00000, 0x00000000b9000000|  0%| F|  |TAMS 0x00000000b8f00000| PB 0x00000000b8f00000| Untracked 
| 912|0x00000000b9000000, 0x00000000b9000000, 0x00000000b9100000|  0%| F|  |TAMS 0x00000000b9000000| PB 0x00000000b9000000| Untracked 
| 913|0x00000000b9100000, 0x00000000b9100000, 0x00000000b9200000|  0%| F|  |TAMS 0x00000000b9100000| PB 0x00000000b9100000| Untracked 
| 914|0x00000000b9200000, 0x00000000b9200000, 0x00000000b9300000|  0%| F|  |TAMS 0x00000000b9200000| PB 0x00000000b9200000| Untracked 
| 915|0x00000000b9300000, 0x00000000b9300000, 0x00000000b9400000|  0%| F|  |TAMS 0x00000000b9300000| PB 0x00000000b9300000| Untracked 
| 916|0x00000000b9400000, 0x00000000b9400000, 0x00000000b9500000|  0%| F|  |TAMS 0x00000000b9400000| PB 0x00000000b9400000| Untracked 
| 917|0x00000000b9500000, 0x00000000b9500000, 0x00000000b9600000|  0%| F|  |TAMS 0x00000000b9500000| PB 0x00000000b9500000| Untracked 
| 918|0x00000000b9600000, 0x00000000b9600000, 0x00000000b9700000|  0%| F|  |TAMS 0x00000000b9600000| PB 0x00000000b9600000| Untracked 
| 919|0x00000000b9700000, 0x00000000b9700000, 0x00000000b9800000|  0%| F|  |TAMS 0x00000000b9700000| PB 0x00000000b9700000| Untracked 
| 920|0x00000000b9800000, 0x00000000b9800000, 0x00000000b9900000|  0%| F|  |TAMS 0x00000000b9800000| PB 0x00000000b9800000| Untracked 
| 921|0x00000000b9900000, 0x00000000b9900000, 0x00000000b9a00000|  0%| F|  |TAMS 0x00000000b9900000| PB 0x00000000b9900000| Untracked 
| 922|0x00000000b9a00000, 0x00000000b9a00000, 0x00000000b9b00000|  0%| F|  |TAMS 0x00000000b9a00000| PB 0x00000000b9a00000| Untracked 
| 923|0x00000000b9b00000, 0x00000000b9b00000, 0x00000000b9c00000|  0%| F|  |TAMS 0x00000000b9b00000| PB 0x00000000b9b00000| Untracked 
| 924|0x00000000b9c00000, 0x00000000b9c00000, 0x00000000b9d00000|  0%| F|  |TAMS 0x00000000b9c00000| PB 0x00000000b9c00000| Untracked 
| 925|0x00000000b9d00000, 0x00000000b9d00000, 0x00000000b9e00000|  0%| F|  |TAMS 0x00000000b9d00000| PB 0x00000000b9d00000| Untracked 
| 926|0x00000000b9e00000, 0x00000000b9e00000, 0x00000000b9f00000|  0%| F|  |TAMS 0x00000000b9e00000| PB 0x00000000b9e00000| Untracked 
| 927|0x00000000b9f00000, 0x00000000b9f00000, 0x00000000ba000000|  0%| F|  |TAMS 0x00000000b9f00000| PB 0x00000000b9f00000| Untracked 
| 928|0x00000000ba000000, 0x00000000ba000000, 0x00000000ba100000|  0%| F|  |TAMS 0x00000000ba000000| PB 0x00000000ba000000| Untracked 
| 929|0x00000000ba100000, 0x00000000ba100000, 0x00000000ba200000|  0%| F|  |TAMS 0x00000000ba100000| PB 0x00000000ba100000| Untracked 
| 930|0x00000000ba200000, 0x00000000ba200000, 0x00000000ba300000|  0%| F|  |TAMS 0x00000000ba200000| PB 0x00000000ba200000| Untracked 
| 931|0x00000000ba300000, 0x00000000ba300000, 0x00000000ba400000|  0%| F|  |TAMS 0x00000000ba300000| PB 0x00000000ba300000| Untracked 
| 932|0x00000000ba400000, 0x00000000ba400000, 0x00000000ba500000|  0%| F|  |TAMS 0x00000000ba400000| PB 0x00000000ba400000| Untracked 
| 933|0x00000000ba500000, 0x00000000ba500000, 0x00000000ba600000|  0%| F|  |TAMS 0x00000000ba500000| PB 0x00000000ba500000| Untracked 
| 934|0x00000000ba600000, 0x00000000ba600000, 0x00000000ba700000|  0%| F|  |TAMS 0x00000000ba600000| PB 0x00000000ba600000| Untracked 
| 935|0x00000000ba700000, 0x00000000ba700000, 0x00000000ba800000|  0%| F|  |TAMS 0x00000000ba700000| PB 0x00000000ba700000| Untracked 
| 936|0x00000000ba800000, 0x00000000ba800000, 0x00000000ba900000|  0%| F|  |TAMS 0x00000000ba800000| PB 0x00000000ba800000| Untracked 
| 937|0x00000000ba900000, 0x00000000ba900000, 0x00000000baa00000|  0%| F|  |TAMS 0x00000000ba900000| PB 0x00000000ba900000| Untracked 
| 938|0x00000000baa00000, 0x00000000baa00000, 0x00000000bab00000|  0%| F|  |TAMS 0x00000000baa00000| PB 0x00000000baa00000| Untracked 
| 939|0x00000000bab00000, 0x00000000bab00000, 0x00000000bac00000|  0%| F|  |TAMS 0x00000000bab00000| PB 0x00000000bab00000| Untracked 
| 940|0x00000000bac00000, 0x00000000bac00000, 0x00000000bad00000|  0%| F|  |TAMS 0x00000000bac00000| PB 0x00000000bac00000| Untracked 
| 941|0x00000000bad00000, 0x00000000bad00000, 0x00000000bae00000|  0%| F|  |TAMS 0x00000000bad00000| PB 0x00000000bad00000| Untracked 
| 942|0x00000000bae00000, 0x00000000bae00000, 0x00000000baf00000|  0%| F|  |TAMS 0x00000000bae00000| PB 0x00000000bae00000| Untracked 
| 943|0x00000000baf00000, 0x00000000baf00000, 0x00000000bb000000|  0%| F|  |TAMS 0x00000000baf00000| PB 0x00000000baf00000| Untracked 
| 944|0x00000000bb000000, 0x00000000bb000000, 0x00000000bb100000|  0%| F|  |TAMS 0x00000000bb000000| PB 0x00000000bb000000| Untracked 
| 945|0x00000000bb100000, 0x00000000bb100000, 0x00000000bb200000|  0%| F|  |TAMS 0x00000000bb100000| PB 0x00000000bb100000| Untracked 
| 946|0x00000000bb200000, 0x00000000bb200000, 0x00000000bb300000|  0%| F|  |TAMS 0x00000000bb200000| PB 0x00000000bb200000| Untracked 
| 947|0x00000000bb300000, 0x00000000bb300000, 0x00000000bb400000|  0%| F|  |TAMS 0x00000000bb300000| PB 0x00000000bb300000| Untracked 
| 948|0x00000000bb400000, 0x00000000bb400000, 0x00000000bb500000|  0%| F|  |TAMS 0x00000000bb400000| PB 0x00000000bb400000| Untracked 
| 949|0x00000000bb500000, 0x00000000bb500000, 0x00000000bb600000|  0%| F|  |TAMS 0x00000000bb500000| PB 0x00000000bb500000| Untracked 
| 950|0x00000000bb600000, 0x00000000bb600000, 0x00000000bb700000|  0%| F|  |TAMS 0x00000000bb600000| PB 0x00000000bb600000| Untracked 
| 951|0x00000000bb700000, 0x00000000bb700000, 0x00000000bb800000|  0%| F|  |TAMS 0x00000000bb700000| PB 0x00000000bb700000| Untracked 
| 952|0x00000000bb800000, 0x00000000bb800000, 0x00000000bb900000|  0%| F|  |TAMS 0x00000000bb800000| PB 0x00000000bb800000| Untracked 
| 953|0x00000000bb900000, 0x00000000bb900000, 0x00000000bba00000|  0%| F|  |TAMS 0x00000000bb900000| PB 0x00000000bb900000| Untracked 
| 954|0x00000000bba00000, 0x00000000bba00000, 0x00000000bbb00000|  0%| F|  |TAMS 0x00000000bba00000| PB 0x00000000bba00000| Untracked 
| 955|0x00000000bbb00000, 0x00000000bbb00000, 0x00000000bbc00000|  0%| F|  |TAMS 0x00000000bbb00000| PB 0x00000000bbb00000| Untracked 
| 956|0x00000000bbc00000, 0x00000000bbc00000, 0x00000000bbd00000|  0%| F|  |TAMS 0x00000000bbc00000| PB 0x00000000bbc00000| Untracked 
| 957|0x00000000bbd00000, 0x00000000bbd00000, 0x00000000bbe00000|  0%| F|  |TAMS 0x00000000bbd00000| PB 0x00000000bbd00000| Untracked 
| 958|0x00000000bbe00000, 0x00000000bbe00000, 0x00000000bbf00000|  0%| F|  |TAMS 0x00000000bbe00000| PB 0x00000000bbe00000| Untracked 
| 959|0x00000000bbf00000, 0x00000000bbf00000, 0x00000000bc000000|  0%| F|  |TAMS 0x00000000bbf00000| PB 0x00000000bbf00000| Untracked 
| 960|0x00000000bc000000, 0x00000000bc000000, 0x00000000bc100000|  0%| F|  |TAMS 0x00000000bc000000| PB 0x00000000bc000000| Untracked 
| 961|0x00000000bc100000, 0x00000000bc100000, 0x00000000bc200000|  0%| F|  |TAMS 0x00000000bc100000| PB 0x00000000bc100000| Untracked 
| 962|0x00000000bc200000, 0x00000000bc200000, 0x00000000bc300000|  0%| F|  |TAMS 0x00000000bc200000| PB 0x00000000bc200000| Untracked 
| 963|0x00000000bc300000, 0x00000000bc300000, 0x00000000bc400000|  0%| F|  |TAMS 0x00000000bc300000| PB 0x00000000bc300000| Untracked 
| 964|0x00000000bc400000, 0x00000000bc400000, 0x00000000bc500000|  0%| F|  |TAMS 0x00000000bc400000| PB 0x00000000bc400000| Untracked 
| 965|0x00000000bc500000, 0x00000000bc500000, 0x00000000bc600000|  0%| F|  |TAMS 0x00000000bc500000| PB 0x00000000bc500000| Untracked 
| 966|0x00000000bc600000, 0x00000000bc600000, 0x00000000bc700000|  0%| F|  |TAMS 0x00000000bc600000| PB 0x00000000bc600000| Untracked 
| 967|0x00000000bc700000, 0x00000000bc700000, 0x00000000bc800000|  0%| F|  |TAMS 0x00000000bc700000| PB 0x00000000bc700000| Untracked 
| 968|0x00000000bc800000, 0x00000000bc800000, 0x00000000bc900000|  0%| F|  |TAMS 0x00000000bc800000| PB 0x00000000bc800000| Untracked 
| 969|0x00000000bc900000, 0x00000000bc900000, 0x00000000bca00000|  0%| F|  |TAMS 0x00000000bc900000| PB 0x00000000bc900000| Untracked 
| 970|0x00000000bca00000, 0x00000000bca00000, 0x00000000bcb00000|  0%| F|  |TAMS 0x00000000bca00000| PB 0x00000000bca00000| Untracked 
| 971|0x00000000bcb00000, 0x00000000bcb00000, 0x00000000bcc00000|  0%| F|  |TAMS 0x00000000bcb00000| PB 0x00000000bcb00000| Untracked 
| 972|0x00000000bcc00000, 0x00000000bcc00000, 0x00000000bcd00000|  0%| F|  |TAMS 0x00000000bcc00000| PB 0x00000000bcc00000| Untracked 
| 973|0x00000000bcd00000, 0x00000000bcd00000, 0x00000000bce00000|  0%| F|  |TAMS 0x00000000bcd00000| PB 0x00000000bcd00000| Untracked 
| 974|0x00000000bce00000, 0x00000000bce00000, 0x00000000bcf00000|  0%| F|  |TAMS 0x00000000bce00000| PB 0x00000000bce00000| Untracked 
| 975|0x00000000bcf00000, 0x00000000bcf00000, 0x00000000bd000000|  0%| F|  |TAMS 0x00000000bcf00000| PB 0x00000000bcf00000| Untracked 
| 976|0x00000000bd000000, 0x00000000bd000000, 0x00000000bd100000|  0%| F|  |TAMS 0x00000000bd000000| PB 0x00000000bd000000| Untracked 
| 977|0x00000000bd100000, 0x00000000bd100000, 0x00000000bd200000|  0%| F|  |TAMS 0x00000000bd100000| PB 0x00000000bd100000| Untracked 
| 978|0x00000000bd200000, 0x00000000bd200000, 0x00000000bd300000|  0%| F|  |TAMS 0x00000000bd200000| PB 0x00000000bd200000| Untracked 
| 979|0x00000000bd300000, 0x00000000bd300000, 0x00000000bd400000|  0%| F|  |TAMS 0x00000000bd300000| PB 0x00000000bd300000| Untracked 
| 980|0x00000000bd400000, 0x00000000bd400000, 0x00000000bd500000|  0%| F|  |TAMS 0x00000000bd400000| PB 0x00000000bd400000| Untracked 
| 981|0x00000000bd500000, 0x00000000bd500000, 0x00000000bd600000|  0%| F|  |TAMS 0x00000000bd500000| PB 0x00000000bd500000| Untracked 
| 982|0x00000000bd600000, 0x00000000bd600000, 0x00000000bd700000|  0%| F|  |TAMS 0x00000000bd600000| PB 0x00000000bd600000| Untracked 
| 983|0x00000000bd700000, 0x00000000bd700000, 0x00000000bd800000|  0%| F|  |TAMS 0x00000000bd700000| PB 0x00000000bd700000| Untracked 
| 984|0x00000000bd800000, 0x00000000bd800000, 0x00000000bd900000|  0%| F|  |TAMS 0x00000000bd800000| PB 0x00000000bd800000| Untracked 
| 985|0x00000000bd900000, 0x00000000bd900000, 0x00000000bda00000|  0%| F|  |TAMS 0x00000000bd900000| PB 0x00000000bd900000| Untracked 
| 986|0x00000000bda00000, 0x00000000bda00000, 0x00000000bdb00000|  0%| F|  |TAMS 0x00000000bda00000| PB 0x00000000bda00000| Untracked 
| 987|0x00000000bdb00000, 0x00000000bdb00000, 0x00000000bdc00000|  0%| F|  |TAMS 0x00000000bdb00000| PB 0x00000000bdb00000| Untracked 
| 988|0x00000000bdc00000, 0x00000000bdc00000, 0x00000000bdd00000|  0%| F|  |TAMS 0x00000000bdc00000| PB 0x00000000bdc00000| Untracked 
| 989|0x00000000bdd00000, 0x00000000bdd00000, 0x00000000bde00000|  0%| F|  |TAMS 0x00000000bdd00000| PB 0x00000000bdd00000| Untracked 
| 990|0x00000000bde00000, 0x00000000bde00000, 0x00000000bdf00000|  0%| F|  |TAMS 0x00000000bde00000| PB 0x00000000bde00000| Untracked 
| 991|0x00000000bdf00000, 0x00000000bdf00000, 0x00000000be000000|  0%| F|  |TAMS 0x00000000bdf00000| PB 0x00000000bdf00000| Untracked 
| 992|0x00000000be000000, 0x00000000be000000, 0x00000000be100000|  0%| F|  |TAMS 0x00000000be000000| PB 0x00000000be000000| Untracked 
| 993|0x00000000be100000, 0x00000000be100000, 0x00000000be200000|  0%| F|  |TAMS 0x00000000be100000| PB 0x00000000be100000| Untracked 
| 994|0x00000000be200000, 0x00000000be200000, 0x00000000be300000|  0%| F|  |TAMS 0x00000000be200000| PB 0x00000000be200000| Untracked 
| 995|0x00000000be300000, 0x00000000be300000, 0x00000000be400000|  0%| F|  |TAMS 0x00000000be300000| PB 0x00000000be300000| Untracked 
| 996|0x00000000be400000, 0x00000000be400000, 0x00000000be500000|  0%| F|  |TAMS 0x00000000be400000| PB 0x00000000be400000| Untracked 
| 997|0x00000000be500000, 0x00000000be500000, 0x00000000be600000|  0%| F|  |TAMS 0x00000000be500000| PB 0x00000000be500000| Untracked 
| 998|0x00000000be600000, 0x00000000be600000, 0x00000000be700000|  0%| F|  |TAMS 0x00000000be600000| PB 0x00000000be600000| Untracked 
| 999|0x00000000be700000, 0x00000000be700000, 0x00000000be800000|  0%| F|  |TAMS 0x00000000be700000| PB 0x00000000be700000| Untracked 
|1000|0x00000000be800000, 0x00000000be800000, 0x00000000be900000|  0%| F|  |TAMS 0x00000000be800000| PB 0x00000000be800000| Untracked 
|1001|0x00000000be900000, 0x00000000be900000, 0x00000000bea00000|  0%| F|  |TAMS 0x00000000be900000| PB 0x00000000be900000| Untracked 
|1002|0x00000000bea00000, 0x00000000bea00000, 0x00000000beb00000|  0%| F|  |TAMS 0x00000000bea00000| PB 0x00000000bea00000| Untracked 
|1003|0x00000000beb00000, 0x00000000beb00000, 0x00000000bec00000|  0%| F|  |TAMS 0x00000000beb00000| PB 0x00000000beb00000| Untracked 
|1004|0x00000000bec00000, 0x00000000bec00000, 0x00000000bed00000|  0%| F|  |TAMS 0x00000000bec00000| PB 0x00000000bec00000| Untracked 
|1005|0x00000000bed00000, 0x00000000bed00000, 0x00000000bee00000|  0%| F|  |TAMS 0x00000000bed00000| PB 0x00000000bed00000| Untracked 
|1006|0x00000000bee00000, 0x00000000bef00000, 0x00000000bef00000|100%| E|  |TAMS 0x00000000bee00000| PB 0x00000000bee00000| Complete 
|1007|0x00000000bef00000, 0x00000000bf000000, 0x00000000bf000000|100%| E|CS|TAMS 0x00000000bef00000| PB 0x00000000bef00000| Complete 
|1008|0x00000000bf000000, 0x00000000bf100000, 0x00000000bf100000|100%| E|CS|TAMS 0x00000000bf000000| PB 0x00000000bf000000| Complete 
|1009|0x00000000bf100000, 0x00000000bf200000, 0x00000000bf200000|100%| E|CS|TAMS 0x00000000bf100000| PB 0x00000000bf100000| Complete 
|1010|0x00000000bf200000, 0x00000000bf300000, 0x00000000bf300000|100%| E|CS|TAMS 0x00000000bf200000| PB 0x00000000bf200000| Complete 
|1011|0x00000000bf300000, 0x00000000bf400000, 0x00000000bf400000|100%| E|CS|TAMS 0x00000000bf300000| PB 0x00000000bf300000| Complete 
|1012|0x00000000bf400000, 0x00000000bf500000, 0x00000000bf500000|100%| E|CS|TAMS 0x00000000bf400000| PB 0x00000000bf400000| Complete 
|1013|0x00000000bf500000, 0x00000000bf600000, 0x00000000bf600000|100%| E|CS|TAMS 0x00000000bf500000| PB 0x00000000bf500000| Complete 
|1014|0x00000000bf600000, 0x00000000bf700000, 0x00000000bf700000|100%| E|CS|TAMS 0x00000000bf600000| PB 0x00000000bf600000| Complete 
|1015|0x00000000bf700000, 0x00000000bf800000, 0x00000000bf800000|100%| E|CS|TAMS 0x00000000bf700000| PB 0x00000000bf700000| Complete 
|1016|0x00000000bf800000, 0x00000000bf900000, 0x00000000bf900000|100%| E|CS|TAMS 0x00000000bf800000| PB 0x00000000bf800000| Complete 
|1017|0x00000000bf900000, 0x00000000bfa00000, 0x00000000bfa00000|100%| E|CS|TAMS 0x00000000bf900000| PB 0x00000000bf900000| Complete 
|1018|0x00000000bfa00000, 0x00000000bfb00000, 0x00000000bfb00000|100%| E|CS|TAMS 0x00000000bfa00000| PB 0x00000000bfa00000| Complete 
|1019|0x00000000bfb00000, 0x00000000bfc00000, 0x00000000bfc00000|100%| E|CS|TAMS 0x00000000bfb00000| PB 0x00000000bfb00000| Complete 
|1020|0x00000000bfc00000, 0x00000000bfd00000, 0x00000000bfd00000|100%| E|CS|TAMS 0x00000000bfc00000| PB 0x00000000bfc00000| Complete 
|1021|0x00000000bfd00000, 0x00000000bfe00000, 0x00000000bfe00000|100%| E|CS|TAMS 0x00000000bfd00000| PB 0x00000000bfd00000| Complete 
|1022|0x00000000bfe00000, 0x00000000bff00000, 0x00000000bff00000|100%| E|CS|TAMS 0x00000000bfe00000| PB 0x00000000bfe00000| Complete 
|2012|0x00000000fdc00000, 0x00000000fdd00000, 0x00000000fdd00000|100%| E|CS|TAMS 0x00000000fdc00000| PB 0x00000000fdc00000| Complete 
|2013|0x00000000fdd00000, 0x00000000fde00000, 0x00000000fde00000|100%| O|  |TAMS 0x00000000fdd00000| PB 0x00000000fdd00000| Untracked 
|2014|0x00000000fde00000, 0x00000000fdf00000, 0x00000000fdf00000|100%| E|CS|TAMS 0x00000000fde00000| PB 0x00000000fde00000| Complete 
|2015|0x00000000fdf00000, 0x00000000fe000000, 0x00000000fe000000|100%| E|CS|TAMS 0x00000000fdf00000| PB 0x00000000fdf00000| Complete 
|2016|0x00000000fe000000, 0x00000000fe100000, 0x00000000fe100000|100%| O|  |TAMS 0x00000000fe000000| PB 0x00000000fe000000| Untracked 
|2017|0x00000000fe100000, 0x00000000fe200000, 0x00000000fe200000|100%| E|CS|TAMS 0x00000000fe100000| PB 0x00000000fe100000| Complete 
|2018|0x00000000fe200000, 0x00000000fe300000, 0x00000000fe300000|100%| E|CS|TAMS 0x00000000fe200000| PB 0x00000000fe200000| Complete 
|2019|0x00000000fe300000, 0x00000000fe400000, 0x00000000fe400000|100%| E|CS|TAMS 0x00000000fe300000| PB 0x00000000fe300000| Complete 
|2020|0x00000000fe400000, 0x00000000fe500000, 0x00000000fe500000|100%| E|CS|TAMS 0x00000000fe400000| PB 0x00000000fe400000| Complete 
|2021|0x00000000fe500000, 0x00000000fe600000, 0x00000000fe600000|100%| E|CS|TAMS 0x00000000fe500000| PB 0x00000000fe500000| Complete 
|2022|0x00000000fe600000, 0x00000000fe700000, 0x00000000fe700000|100%| E|CS|TAMS 0x00000000fe600000| PB 0x00000000fe600000| Complete 
|2023|0x00000000fe700000, 0x00000000fe800000, 0x00000000fe800000|100%| E|CS|TAMS 0x00000000fe700000| PB 0x00000000fe700000| Complete 
|2024|0x00000000fe800000, 0x00000000fe900000, 0x00000000fe900000|100%| E|CS|TAMS 0x00000000fe800000| PB 0x00000000fe800000| Complete 
|2025|0x00000000fe900000, 0x00000000fea00000, 0x00000000fea00000|100%| E|CS|TAMS 0x00000000fe900000| PB 0x00000000fe900000| Complete 
|2026|0x00000000fea00000, 0x00000000feb00000, 0x00000000feb00000|100%| E|CS|TAMS 0x00000000fea00000| PB 0x00000000fea00000| Complete 
|2027|0x00000000feb00000, 0x00000000fec00000, 0x00000000fec00000|100%| E|CS|TAMS 0x00000000feb00000| PB 0x00000000feb00000| Complete 
|2028|0x00000000fec00000, 0x00000000fed00000, 0x00000000fed00000|100%| E|CS|TAMS 0x00000000fec00000| PB 0x00000000fec00000| Complete 
|2029|0x00000000fed00000, 0x00000000fee00000, 0x00000000fee00000|100%| E|CS|TAMS 0x00000000fed00000| PB 0x00000000fed00000| Complete 
|2030|0x00000000fee00000, 0x00000000fef00000, 0x00000000fef00000|100%| E|CS|TAMS 0x00000000fee00000| PB 0x00000000fee00000| Complete 
|2031|0x00000000fef00000, 0x00000000ff000000, 0x00000000ff000000|100%| E|CS|TAMS 0x00000000fef00000| PB 0x00000000fef00000| Complete 
|2032|0x00000000ff000000, 0x00000000ff100000, 0x00000000ff100000|100%| E|CS|TAMS 0x00000000ff000000| PB 0x00000000ff000000| Complete 
|2033|0x00000000ff100000, 0x00000000ff200000, 0x00000000ff200000|100%| E|CS|TAMS 0x00000000ff100000| PB 0x00000000ff100000| Complete 
|2034|0x00000000ff200000, 0x00000000ff300000, 0x00000000ff300000|100%| E|CS|TAMS 0x00000000ff200000| PB 0x00000000ff200000| Complete 
|2035|0x00000000ff300000, 0x00000000ff400000, 0x00000000ff400000|100%| E|CS|TAMS 0x00000000ff300000| PB 0x00000000ff300000| Complete 
|2036|0x00000000ff400000, 0x00000000ff500000, 0x00000000ff500000|100%| E|CS|TAMS 0x00000000ff400000| PB 0x00000000ff400000| Complete 
|2037|0x00000000ff500000, 0x00000000ff600000, 0x00000000ff600000|100%| E|CS|TAMS 0x00000000ff500000| PB 0x00000000ff500000| Complete 
|2038|0x00000000ff600000, 0x00000000ff700000, 0x00000000ff700000|100%| E|CS|TAMS 0x00000000ff600000| PB 0x00000000ff600000| Complete 
|2039|0x00000000ff700000, 0x00000000ff800000, 0x00000000ff800000|100%| E|CS|TAMS 0x00000000ff700000| PB 0x00000000ff700000| Complete 
|2040|0x00000000ff800000, 0x00000000ff900000, 0x00000000ff900000|100%| E|CS|TAMS 0x00000000ff800000| PB 0x00000000ff800000| Complete 
|2041|0x00000000ff900000, 0x00000000ffa00000, 0x00000000ffa00000|100%| E|CS|TAMS 0x00000000ff900000| PB 0x00000000ff900000| Complete 
|2042|0x00000000ffa00000, 0x00000000ffb00000, 0x00000000ffb00000|100%| E|CS|TAMS 0x00000000ffa00000| PB 0x00000000ffa00000| Complete 
|2043|0x00000000ffb00000, 0x00000000ffc00000, 0x00000000ffc00000|100%| E|CS|TAMS 0x00000000ffb00000| PB 0x00000000ffb00000| Complete 
|2044|0x00000000ffc00000, 0x00000000ffd00000, 0x00000000ffd00000|100%| E|CS|TAMS 0x00000000ffc00000| PB 0x00000000ffc00000| Complete 
|2045|0x00000000ffd00000, 0x00000000ffe00000, 0x00000000ffe00000|100%| E|CS|TAMS 0x00000000ffd00000| PB 0x00000000ffd00000| Complete 
|2046|0x00000000ffe00000, 0x00000000fff00000, 0x00000000fff00000|100%| E|CS|TAMS 0x00000000ffe00000| PB 0x00000000ffe00000| Complete 
|2047|0x00000000fff00000, 0x0000000100000000, 0x0000000100000000|100%| O|  |TAMS 0x00000000fff00000| PB 0x00000000fff00000| Untracked 

Card table byte_map: [0x0000018523400000,0x0000018523800000] _byte_map_base: 0x0000018523000000

Marking Bits: (CMBitMap*) 0x000001850b121e40
 Bits: [0x0000018523800000, 0x0000018525800000)

Polling page: 0x0000018508da0000

Metaspace:

Usage:
  Non-class:    144.92 MB used.
      Class:     21.60 MB used.
       Both:    166.52 MB used.

Virtual space:
  Non-class space:      192.00 MB reserved,     145.94 MB ( 76%) committed,  3 nodes.
      Class space:        1.00 GB reserved,      23.38 MB (  2%) committed,  1 nodes.
             Both:        1.19 GB reserved,     169.31 MB ( 14%) committed. 

Chunk freelists:
   Non-Class:  14.21 MB
       Class:  9.40 MB
        Both:  23.61 MB

MaxMetaspaceSize: unlimited
CompressedClassSpaceSize: 1.00 GB
Initial GC threshold: 21.00 MB
Current GC threshold: 282.19 MB
CDS: on
 - commit_granule_bytes: 65536.
 - commit_granule_words: 8192.
 - virtual_space_node_default_size: 8388608.
 - enlarge_chunks_in_place: 1.
 - use_allocation_guard: 0.


Internal statistics:

num_allocs_failed_limit: 9.
num_arena_births: 5986.
num_arena_deaths: 2682.
num_vsnodes_births: 4.
num_vsnodes_deaths: 0.
num_space_committed: 2700.
num_space_uncommitted: 2.
num_chunks_returned_to_freelist: 3082.
num_chunks_taken_from_freelist: 14650.
num_chunk_merges: 1077.
num_chunk_splits: 8902.
num_chunks_enlarged: 5570.
num_inconsistent_stats: 0.

CodeHeap 'non-profiled nmethods': size=119168Kb used=33096Kb max_used=33696Kb free=86071Kb
 bounds [0x000001851b320000, 0x000001851d4f0000, 0x0000018522780000]
CodeHeap 'profiled nmethods': size=119104Kb used=52536Kb max_used=57505Kb free=66567Kb
 bounds [0x0000018513780000, 0x0000018516fb0000, 0x000001851abd0000]
CodeHeap 'non-nmethods': size=7488Kb used=4148Kb max_used=4253Kb free=3339Kb
 bounds [0x000001851abd0000, 0x000001851b010000, 0x000001851b320000]
 total_blobs=26544 nmethods=25449 adapters=993
 compilation: enabled
              stopped_count=0, restarted_count=0
 full_count=0

Compilation events (20 events):
Event: 1895.407 Thread 0x0000018575fbf9c0 nmethod 46815 0x000001851c220e90 code [0x000001851c221040, 0x000001851c221280]
Event: 1895.407 Thread 0x0000018575fbf9c0 47702 %     4       com.android.tools.r8.internal.ca2::l @ 666 (1135 bytes)
Event: 1895.411 Thread 0x0000018570da1a90 nmethod 47698 0x000001851cdb4f90 code [0x000001851cdb5200, 0x000001851cdb5dd8]
Event: 1895.412 Thread 0x0000018570da1a90 47073       4       com.android.tools.r8.internal.uk1::iterator (12 bytes)
Event: 1895.413 Thread 0x0000018570da1a90 nmethod 47073 0x000001851bd01290 code [0x000001851bd01420, 0x000001851bd01558]
Event: 1895.413 Thread 0x0000018570da1a90 47370       4       com.android.tools.r8.internal.mg0::a (50 bytes)
Event: 1895.415 Thread 0x0000018575fbe550 nmethod 46814 0x000001851c386490 code [0x000001851c386700, 0x000001851c387070]
Event: 1895.416 Thread 0x0000018575fbe550 46017       4       com.android.tools.r8.ir.optimize.d0::a (67 bytes)
Event: 1895.421 Thread 0x0000018570da1a90 nmethod 47370 0x000001851c2ce210 code [0x000001851c2ce400, 0x000001851c2ceb88]
Event: 1895.422 Thread 0x0000018570da1a90 47703       4       com.android.tools.r8.internal.pd::a (849 bytes)
Event: 1895.423 Thread 0x0000018575fbe550 nmethod 46017 0x000001851c346290 code [0x000001851c346520, 0x000001851c346be8]
Event: 1895.423 Thread 0x0000018575fbe550 47330       4       com.android.tools.r8.internal.qd::b (40 bytes)
Event: 1895.424 Thread 0x0000018575fbe550 nmethod 47330 0x000001851c18b710 code [0x000001851c18b8a0, 0x000001851c18ba80]
Event: 1895.424 Thread 0x0000018575fbe550 46800       4       com.android.tools.r8.graph.r9::a (98 bytes)
Event: 1895.430 Thread 0x0000018528951b80 nmethod 47683 0x000001851baecf10 code [0x000001851baed320, 0x000001851baf0180]
Event: 1895.431 Thread 0x0000018528951b80 46803       4       com.android.tools.r8.graph.i1::hashCode (45 bytes)
Event: 1895.434 Thread 0x0000018528951b80 nmethod 46803 0x000001851c31c990 code [0x000001851c31cba0, 0x000001851c31d288]
Event: 1895.434 Thread 0x0000018528951b80 46801       4       com.android.tools.r8.graph.h0$a::<init> (25 bytes)
Event: 1895.436 Thread 0x0000018528951b80 nmethod 46801 0x000001851c3e4290 code [0x000001851c3e4420, 0x000001851c3e4760]
Event: 1895.436 Thread 0x0000018528951b80 46809       4       com.android.tools.r8.graph.h0$a::a (51 bytes)

GC Heap History (20 events):
Event: 1138.674 GC heap before
{Heap before GC invocations=64 (full 0):
 garbage-first heap   total 1026048K, used 683271K [0x0000000080000000, 0x0000000100000000)
  region size 1024K, 171 young (175104K), 11 survivors (11264K)
 Metaspace       used 159207K, committed 162048K, reserved 1245184K
  class space    used 21272K, committed 22720K, reserved 1048576K
}
Event: 1138.678 GC heap after
{Heap after GC invocations=65 (full 0):
 garbage-first heap   total 1026048K, used 518016K [0x0000000080000000, 0x0000000100000000)
  region size 1024K, 10 young (10240K), 10 survivors (10240K)
 Metaspace       used 159207K, committed 162048K, reserved 1245184K
  class space    used 21272K, committed 22720K, reserved 1048576K
}
Event: 1164.627 GC heap before
{Heap before GC invocations=66 (full 0):
 garbage-first heap   total 1026048K, used 971776K [0x0000000080000000, 0x0000000100000000)
  region size 1024K, 397 young (406528K), 10 survivors (10240K)
 Metaspace       used 160079K, committed 162944K, reserved 1245184K
  class space    used 21376K, committed 22848K, reserved 1048576K
}
Event: 1164.633 GC heap after
{Heap after GC invocations=67 (full 0):
 garbage-first heap   total 1026048K, used 415551K [0x0000000080000000, 0x0000000100000000)
  region size 1024K, 13 young (13312K), 13 survivors (13312K)
 Metaspace       used 160079K, committed 162944K, reserved 1245184K
  class space    used 21376K, committed 22848K, reserved 1048576K
}
Event: 1727.180 GC heap before
{Heap before GC invocations=67 (full 0):
 garbage-first heap   total 1026048K, used 1006399K [0x0000000080000000, 0x0000000100000000)
  region size 1024K, 525 young (537600K), 13 survivors (13312K)
 Metaspace       used 160731K, committed 163584K, reserved 1245184K
  class space    used 21389K, committed 22848K, reserved 1048576K
}
Event: 1727.199 GC heap after
{Heap after GC invocations=68 (full 0):
 garbage-first heap   total 1060864K, used 351316K [0x0000000080000000, 0x0000000100000000)
  region size 1024K, 48 young (49152K), 48 survivors (49152K)
 Metaspace       used 160731K, committed 163584K, reserved 1245184K
  class space    used 21389K, committed 22848K, reserved 1048576K
}
Event: 1859.954 GC heap before
{Heap before GC invocations=68 (full 0):
 garbage-first heap   total 1060864K, used 592980K [0x0000000080000000, 0x0000000100000000)
  region size 1024K, 286 young (292864K), 48 survivors (49152K)
 Metaspace       used 168524K, committed 171584K, reserved 1245184K
  class space    used 22408K, committed 23936K, reserved 1048576K
}
Event: 1859.979 GC heap after
{Heap after GC invocations=69 (full 0):
 garbage-first heap   total 1060864K, used 381856K [0x0000000080000000, 0x0000000100000000)
  region size 1024K, 67 young (68608K), 67 survivors (68608K)
 Metaspace       used 168524K, committed 171584K, reserved 1245184K
  class space    used 22408K, committed 23936K, reserved 1048576K
}
Event: 1888.204 GC heap before
{Heap before GC invocations=70 (full 0):
 garbage-first heap   total 1060864K, used 981920K [0x0000000080000000, 0x0000000100000000)
  region size 1024K, 610 young (624640K), 67 survivors (68608K)
 Metaspace       used 166780K, committed 171776K, reserved 1245184K
  class space    used 21865K, committed 23936K, reserved 1048576K
}
Event: 1888.231 GC heap after
{Heap after GC invocations=71 (full 0):
 garbage-first heap   total 1080320K, used 410112K [0x0000000080000000, 0x0000000100000000)
  region size 1024K, 58 young (59392K), 58 survivors (59392K)
 Metaspace       used 166780K, committed 171776K, reserved 1245184K
  class space    used 21865K, committed 23936K, reserved 1048576K
}
Event: 1889.812 GC heap before
{Heap before GC invocations=71 (full 0):
 garbage-first heap   total 1080320K, used 978432K [0x0000000080000000, 0x0000000100000000)
  region size 1024K, 599 young (613376K), 58 survivors (59392K)
 Metaspace       used 170399K, committed 173120K, reserved 1245184K
  class space    used 22135K, committed 23936K, reserved 1048576K
}
Event: 1889.841 GC heap after
{Heap after GC invocations=72 (full 0):
 garbage-first heap   total 1084416K, used 352768K [0x0000000080000000, 0x0000000100000000)
  region size 1024K, 57 young (58368K), 57 survivors (58368K)
 Metaspace       used 170399K, committed 173120K, reserved 1245184K
  class space    used 22135K, committed 23936K, reserved 1048576K
}
Event: 1891.368 GC heap before
{Heap before GC invocations=72 (full 0):
 garbage-first heap   total 1084416K, used 943616K [0x0000000080000000, 0x0000000100000000)
  region size 1024K, 635 young (650240K), 57 survivors (58368K)
 Metaspace       used 170685K, committed 173440K, reserved 1245184K
  class space    used 22139K, committed 23936K, reserved 1048576K
}
Event: 1891.404 GC heap after
{Heap after GC invocations=73 (full 0):
 garbage-first heap   total 1084416K, used 387584K [0x0000000080000000, 0x0000000100000000)
  region size 1024K, 79 young (80896K), 79 survivors (80896K)
 Metaspace       used 170685K, committed 173440K, reserved 1245184K
  class space    used 22139K, committed 23936K, reserved 1048576K
}
Event: 1892.920 GC heap before
{Heap before GC invocations=73 (full 0):
 garbage-first heap   total 1084416K, used 946688K [0x0000000080000000, 0x0000000100000000)
  region size 1024K, 626 young (641024K), 79 survivors (80896K)
 Metaspace       used 170768K, committed 173504K, reserved 1245184K
  class space    used 22151K, committed 23936K, reserved 1048576K
}
Event: 1892.961 GC heap after
{Heap after GC invocations=74 (full 0):
 garbage-first heap   total 1084416K, used 433664K [0x0000000080000000, 0x0000000100000000)
  region size 1024K, 50 young (51200K), 50 survivors (51200K)
 Metaspace       used 170768K, committed 173504K, reserved 1245184K
  class space    used 22151K, committed 23936K, reserved 1048576K
}
Event: 1894.122 GC heap before
{Heap before GC invocations=75 (full 0):
 garbage-first heap   total 1084416K, used 887296K [0x0000000080000000, 0x0000000100000000)
  region size 1024K, 557 young (570368K), 50 survivors (51200K)
 Metaspace       used 170487K, committed 173376K, reserved 1245184K
  class space    used 22118K, committed 23936K, reserved 1048576K
}
Event: 1894.137 GC heap after
{Heap after GC invocations=76 (full 0):
 garbage-first heap   total 1084416K, used 376320K [0x0000000080000000, 0x0000000100000000)
  region size 1024K, 7 young (7168K), 7 survivors (7168K)
 Metaspace       used 170487K, committed 173376K, reserved 1245184K
  class space    used 22118K, committed 23936K, reserved 1048576K
}
Event: 1895.311 GC heap before
{Heap before GC invocations=76 (full 0):
 garbage-first heap   total 1084416K, used 966144K [0x0000000080000000, 0x0000000100000000)
  region size 1024K, 582 young (595968K), 7 survivors (7168K)
 Metaspace       used 170519K, committed 173376K, reserved 1245184K
  class space    used 22120K, committed 23936K, reserved 1048576K
}
Event: 1895.316 GC heap after
{Heap after GC invocations=77 (full 0):
 garbage-first heap   total 1084416K, used 326894K [0x0000000080000000, 0x0000000100000000)
  region size 1024K, 6 young (6144K), 6 survivors (6144K)
 Metaspace       used 170519K, committed 173376K, reserved 1245184K
  class space    used 22120K, committed 23936K, reserved 1048576K
}

Dll operation events (16 events):
Event: 0.004 Loaded shared library C:\Users\rroob\.gradle\jdks\eclipse_adoptium-21-amd64-windows.2\bin\java.dll
Event: 0.022 Loaded shared library C:\Users\rroob\.gradle\jdks\eclipse_adoptium-21-amd64-windows.2\bin\jsvml.dll
Event: 0.045 Loaded shared library C:\Users\rroob\.gradle\jdks\eclipse_adoptium-21-amd64-windows.2\bin\zip.dll
Event: 0.047 Loaded shared library C:\Users\rroob\.gradle\jdks\eclipse_adoptium-21-amd64-windows.2\bin\instrument.dll
Event: 0.049 Loaded shared library C:\Users\rroob\.gradle\jdks\eclipse_adoptium-21-amd64-windows.2\bin\net.dll
Event: 0.050 Loaded shared library C:\Users\rroob\.gradle\jdks\eclipse_adoptium-21-amd64-windows.2\bin\nio.dll
Event: 0.052 Loaded shared library C:\Users\rroob\.gradle\jdks\eclipse_adoptium-21-amd64-windows.2\bin\zip.dll
Event: 0.211 Loaded shared library C:\Users\rroob\.gradle\jdks\eclipse_adoptium-21-amd64-windows.2\bin\jimage.dll
Event: 0.324 Loaded shared library C:\Users\rroob\.gradle\jdks\eclipse_adoptium-21-amd64-windows.2\bin\verify.dll
Event: 0.341 Loaded shared library C:\Users\rroob\.gradle\native\660c5614fbf4a5f2a75b1949f50a0caf5cd603558e7d8a26e50b933a0cfb79d1\windows-amd64\native-platform.dll
Event: 0.346 Loaded shared library C:\Users\rroob\.gradle\native\0.2.8\x86_64-windows-gnu\gradle-fileevents.dll
Event: 0.903 Loaded shared library C:\Users\rroob\.gradle\jdks\eclipse_adoptium-21-amd64-windows.2\bin\management.dll
Event: 0.904 Loaded shared library C:\Users\rroob\.gradle\jdks\eclipse_adoptium-21-amd64-windows.2\bin\management_ext.dll
Event: 0.973 Loaded shared library C:\Users\rroob\.gradle\jdks\eclipse_adoptium-21-amd64-windows.2\bin\extnet.dll
Event: 1.092 Loaded shared library C:\Users\rroob\.gradle\jdks\eclipse_adoptium-21-amd64-windows.2\bin\sunmscapi.dll
Event: 386.507 Loaded shared library C:\Users\rroob\.gradle\jdks\eclipse_adoptium-21-amd64-windows.2\bin\rmi.dll

Deoptimization events (20 events):
Event: 1895.288 Thread 0x00000185719ae810 DEOPT PACKING pc=0x0000018516d662ba sp=0x00000069661faf70
Event: 1895.288 Thread 0x00000185719ae810 DEOPT UNPACKING pc=0x000001851ac24e42 sp=0x00000069661fa4f0 mode 0
Event: 1895.298 Thread 0x00000185719ae810 DEOPT PACKING pc=0x0000018516c81562 sp=0x00000069661fab10
Event: 1895.298 Thread 0x00000185719ae810 DEOPT UNPACKING pc=0x000001851ac24e42 sp=0x00000069661fa100 mode 0
Event: 1895.303 Thread 0x00000185719ae810 DEOPT PACKING pc=0x0000018514bf259c sp=0x00000069661facf0
Event: 1895.303 Thread 0x00000185719ae810 DEOPT UNPACKING pc=0x000001851ac24e42 sp=0x00000069661fa380 mode 0
Event: 1895.305 Thread 0x00000185719ae810 DEOPT PACKING pc=0x0000018516d6639d sp=0x00000069661fb2d0
Event: 1895.305 Thread 0x00000185719ae810 DEOPT UNPACKING pc=0x000001851ac24e42 sp=0x00000069661fa850 mode 0
Event: 1895.337 Thread 0x00000185719ae810 DEOPT PACKING pc=0x000001851616af63 sp=0x00000069661fae00
Event: 1895.337 Thread 0x00000185719ae810 DEOPT UNPACKING pc=0x000001851ac24e42 sp=0x00000069661fa4c0 mode 0
Event: 1895.391 Thread 0x00000185719ae810 DEOPT PACKING pc=0x000001851616b3bf sp=0x00000069661fae00
Event: 1895.391 Thread 0x00000185719ae810 DEOPT UNPACKING pc=0x000001851ac24e42 sp=0x00000069661fa4d0 mode 0
Event: 1895.400 Thread 0x00000185719ae810 DEOPT PACKING pc=0x0000018514780da1 sp=0x00000069661fb560
Event: 1895.400 Thread 0x00000185719ae810 DEOPT UNPACKING pc=0x000001851ac24e42 sp=0x00000069661fab38 mode 0
Event: 1895.427 Thread 0x00000185719ae810 Uncommon trap: trap_request=0xffffff45 fr.pc=0x000001851d4afdf0 relative=0x00000000000031d0
Event: 1895.427 Thread 0x00000185719ae810 Uncommon trap: reason=unstable_if action=reinterpret pc=0x000001851d4afdf0 method=com.android.tools.r8.internal.d91.a(Lcom/android/tools/r8/internal/y81;Lcom/android/tools/r8/internal/g03;Lcom/android/tools/r8/internal/sj2$a;Lcom/android/tools/r8/internal
Event: 1895.427 Thread 0x00000185719ae810 DEOPT PACKING pc=0x000001851d4afdf0 sp=0x00000069661fb720
Event: 1895.427 Thread 0x00000185719ae810 DEOPT UNPACKING pc=0x000001851ac246a2 sp=0x00000069661fb740 mode 2
Event: 1895.433 Thread 0x00000185719ae810 DEOPT PACKING pc=0x000001851616abed sp=0x00000069661fae20
Event: 1895.433 Thread 0x00000185719ae810 DEOPT UNPACKING pc=0x000001851ac24e42 sp=0x00000069661fa4e8 mode 0

Classes loaded (20 events):
Event: 1886.670 Loading class sun/security/ssl/PreSharedKeyExtension$PartialClientHelloMessage
Event: 1886.671 Loading class sun/security/ssl/PreSharedKeyExtension$PartialClientHelloMessage done
Event: 1886.671 Loading class sun/security/ssl/SSLEngineOutputRecord
Event: 1886.671 Loading class sun/security/ssl/SSLEngineOutputRecord done
Event: 1886.671 Loading class sun/security/ssl/SSLEngineOutputRecord$HandshakeFragment
Event: 1886.671 Loading class sun/security/ssl/SSLEngineOutputRecord$HandshakeFragment done
Event: 1886.672 Loading class sun/security/ssl/SSLEngineOutputRecord$HandshakeMemo
Event: 1886.672 Loading class sun/security/ssl/SSLEngineOutputRecord$RecordMemo
Event: 1886.672 Loading class sun/security/ssl/SSLEngineOutputRecord$RecordMemo done
Event: 1886.672 Loading class sun/security/ssl/SSLEngineOutputRecord$HandshakeMemo done
Event: 1886.683 Loading class sun/security/ssl/PreSharedKeyExtension$SHPreSharedKeySpec
Event: 1886.683 Loading class sun/security/ssl/PreSharedKeyExtension$SHPreSharedKeySpec done
Event: 1888.572 Loading class java/lang/reflect/InaccessibleObjectException
Event: 1888.572 Loading class java/lang/reflect/InaccessibleObjectException done
Event: 1893.130 Loading class sun/security/ssl/Alert
Event: 1893.130 Loading class sun/security/ssl/Alert done
Event: 1893.131 Loading class sun/security/ssl/Alert$AlertConsumer
Event: 1893.131 Loading class sun/security/ssl/Alert$AlertConsumer done
Event: 1893.132 Loading class sun/security/ssl/Alert$Level
Event: 1893.132 Loading class sun/security/ssl/Alert$Level done

Classes unloaded (20 events):
Event: 1893.092 Thread 0x00000185259fc5c0 Unloading class 0x000001852b5fe980 'jdk/internal/jimage/BasicImageReader$1'
Event: 1893.092 Thread 0x00000185259fc5c0 Unloading class 0x000001852b5fe720 'jdk/internal/jimage/ImageReader$Resource'
Event: 1893.092 Thread 0x00000185259fc5c0 Unloading class 0x000001852b5fe4c0 'jdk/internal/jimage/ImageReader$LinkNode'
Event: 1893.092 Thread 0x00000185259fc5c0 Unloading class 0x000001852b5fe260 'jdk/internal/jimage/ImageReader$Directory'
Event: 1893.092 Thread 0x00000185259fc5c0 Unloading class 0x000001852b5fe000 'jdk/internal/jimage/ImageReader$Node'
Event: 1893.092 Thread 0x00000185259fc5c0 Unloading class 0x000001852b5fdde0 'jdk/internal/jimage/ImageStrings'
Event: 1893.092 Thread 0x00000185259fc5c0 Unloading class 0x000001852b5fdb28 'jdk/internal/jimage/ImageReader$SharedImageReader'
Event: 1893.092 Thread 0x00000185259fc5c0 Unloading class 0x000001852b5fd870 'jdk/internal/jimage/BasicImageReader'
Event: 1893.092 Thread 0x00000185259fc5c0 Unloading class 0x000001852b5fd658 'jdk/internal/jimage/ImageReader'
Event: 1893.092 Thread 0x00000185259fc5c0 Unloading class 0x000001852b5fd438 'jdk/internal/jrtfs/SystemImage$2'
Event: 1893.092 Thread 0x00000185259fc5c0 Unloading class 0x000001852b5fd228 'jdk/internal/jrtfs/SystemImage$$Lambda+0x000001852b5fd228'
Event: 1893.092 Thread 0x00000185259fc5c0 Unloading class 0x000001852b5fd000 'jdk/internal/jrtfs/ExplodedImage'
Event: 1893.092 Thread 0x00000185259fc5c0 Unloading class 0x000001852b5fcdb0 'jdk/internal/jrtfs/SystemImage$1'
Event: 1893.092 Thread 0x00000185259fc5c0 Unloading class 0x000001852b5fcba0 'jdk/internal/jrtfs/SystemImage'
Event: 1893.092 Thread 0x00000185259fc5c0 Unloading class 0x000001852b5fc948 'jdk/internal/jrtfs/JrtFileStore'
Event: 1893.092 Thread 0x00000185259fc5c0 Unloading class 0x000001852b5fc5d8 'jdk/internal/jrtfs/JrtPath'
Event: 1893.092 Thread 0x00000185259fc5c0 Unloading class 0x000001852b5fc2e8 'jdk/internal/jrtfs/JrtFileSystem'
Event: 1893.092 Thread 0x00000185259fc5c0 Unloading class 0x000001852b5fc000 'jdk/internal/jrtfs/JrtFileSystemProvider'
Event: 1893.092 Thread 0x00000185259fc5c0 Unloading class 0x000001852b510c00 'java/lang/invoke/LambdaForm$MH+0x000001852b510c00'
Event: 1893.092 Thread 0x00000185259fc5c0 Unloading class 0x000001852b3dc000 'java/lang/invoke/LambdaForm$MH+0x000001852b3dc000'

Classes redefined (0 events):
No events

Internal exceptions (20 events):
Event: 1888.300 Thread 0x00000185031ce9d0 Implicit null exception at 0x000001851b45440a to 0x000001851b455668
Event: 1888.386 Thread 0x0000018578d908f0 Exception <a 'java/lang/NoSuchMethodError'{0x00000000bc95be08}: 'int java.lang.invoke.DirectMethodHandle$Holder.invokeStaticInit(java.lang.Object, java.lang.Object, int)'> (0x00000000bc95be08) 
thrown [s\src\hotspot\share\interpreter\linkResolver.cpp, line 773]
Event: 1888.521 Thread 0x0000018578d908f0 Exception <a 'java/lang/NoSuchMethodError'{0x00000000bbc63f30}: 'int java.lang.invoke.DirectMethodHandle$Holder.invokeStatic(java.lang.Object, java.lang.Object, int, int)'> (0x00000000bbc63f30) 
thrown [s\src\hotspot\share\interpreter\linkResolver.cpp, line 773]
Event: 1888.521 Thread 0x00000185031ce9d0 Exception <a 'java/lang/NoSuchMethodError'{0x00000000bbcc7230}: 'int java.lang.invoke.DirectMethodHandle$Holder.invokeStatic(java.lang.Object, java.lang.Object, int, int)'> (0x00000000bbcc7230) 
thrown [s\src\hotspot\share\interpreter\linkResolver.cpp, line 773]
Event: 1888.521 Thread 0x0000018578d929c0 Exception <a 'java/lang/NoSuchMethodError'{0x00000000bbee8418}: 'int java.lang.invoke.DirectMethodHandle$Holder.invokeStatic(java.lang.Object, java.lang.Object, int, int)'> (0x00000000bbee8418) 
thrown [s\src\hotspot\share\interpreter\linkResolver.cpp, line 773]
Event: 1888.521 Thread 0x000001857fea66f0 Exception <a 'java/lang/NoSuchMethodError'{0x00000000bbc1e988}: 'int java.lang.invoke.DirectMethodHandle$Holder.invokeStatic(java.lang.Object, java.lang.Object, int, int)'> (0x00000000bbc1e988) 
thrown [s\src\hotspot\share\interpreter\linkResolver.cpp, line 773]
Event: 1888.878 Thread 0x0000018502db1270 Exception <a 'sun/nio/fs/WindowsException'{0x00000000ff693a80}> (0x00000000ff693a80) 
thrown [s\src\hotspot\share\prims\jni.cpp, line 520]
Event: 1888.913 Thread 0x00000185719ae810 Exception <a 'sun/nio/fs/WindowsException'{0x00000000ab2b0ab0}> (0x00000000ab2b0ab0) 
thrown [s\src\hotspot\share\prims\jni.cpp, line 520]
Event: 1888.915 Thread 0x0000018571734160 Exception <a 'sun/nio/fs/WindowsException'{0x00000000ab3e8b88}> (0x00000000ab3e8b88) 
thrown [s\src\hotspot\share\prims\jni.cpp, line 520]
Event: 1888.915 Thread 0x0000018571733440 Exception <a 'sun/nio/fs/WindowsException'{0x00000000ab34edb0}> (0x00000000ab34edb0) 
thrown [s\src\hotspot\share\prims\jni.cpp, line 520]
Event: 1888.994 Thread 0x0000018571733440 Exception <a 'sun/nio/fs/WindowsException'{0x00000000a9db8828}> (0x00000000a9db8828) 
thrown [s\src\hotspot\share\prims\jni.cpp, line 520]
Event: 1888.995 Thread 0x0000018571733440 Implicit null exception at 0x000001851b76b3c9 to 0x000001851b76bb64
Event: 1889.465 Thread 0x0000018571734160 Implicit null exception at 0x000001851b70b3e3 to 0x000001851b70c908
Event: 1889.977 Thread 0x0000018571735510 Exception <a 'sun/nio/fs/WindowsException'{0x00000000be600880}> (0x00000000be600880) 
thrown [s\src\hotspot\share\prims\jni.cpp, line 520]
Event: 1890.419 Thread 0x0000018571735510 Implicit null exception at 0x000001851d1da9ec to 0x000001851d1daf9c
Event: 1890.451 Thread 0x0000018571734160 Exception <a 'sun/nio/fs/WindowsException'{0x00000000b2267078}> (0x00000000b2267078) 
thrown [s\src\hotspot\share\prims\jni.cpp, line 520]
Event: 1890.731 Thread 0x0000018571735510 Implicit null exception at 0x000001851cd31665 to 0x000001851cd35d0c
Event: 1892.879 Thread 0x0000018571735510 Exception <a 'java/lang/NoSuchMethodError'{0x000000009f275800}: 'void java.lang.invoke.DirectMethodHandle$Holder.invokeSpecialIFC(java.lang.Object, java.lang.Object, java.lang.Object, java.lang.Object)'> (0x000000009f275800) 
thrown [s\src\hotspot\share\interpreter\linkResolver.cpp, line 773]
Event: 1894.262 Thread 0x00000185719ae810 Exception <a 'java/lang/NoSuchMethodError'{0x00000000bcdf5d00}: 'java.lang.Object java.lang.invoke.DirectMethodHandle$Holder.newInvokeSpecial(java.lang.Object, int, java.lang.Object, java.lang.Object, java.lang.Object, java.lang.Object)'> (0x00000000bcdf5d00) 
thrown [s\src\hotspot\share\interpreter\linkResolver.cpp, line 773]
Event: 1894.314 Thread 0x0000018571735510 Exception <a 'sun/nio/fs/WindowsException'{0x00000000bb2fdd60}> (0x00000000bb2fdd60) 
thrown [s\src\hotspot\share\prims\jni.cpp, line 520]

ZGC Phase Switch (0 events):
No events

VM Operations (20 events):
Event: 1890.600 Executing VM operation: ICBufferFull
Event: 1890.601 Executing VM operation: ICBufferFull done
Event: 1891.367 Executing VM operation: G1CollectForAllocation (G1 Evacuation Pause)
Event: 1891.404 Executing VM operation: G1CollectForAllocation (G1 Evacuation Pause) done
Event: 1892.265 Executing VM operation: ICBufferFull
Event: 1892.266 Executing VM operation: ICBufferFull done
Event: 1892.919 Executing VM operation: G1CollectForAllocation (G1 Evacuation Pause)
Event: 1892.961 Executing VM operation: G1CollectForAllocation (G1 Evacuation Pause) done
Event: 1893.091 Executing VM operation: G1PauseRemark
Event: 1893.128 Executing VM operation: G1PauseRemark done
Event: 1893.230 Executing VM operation: G1PauseCleanup
Event: 1893.231 Executing VM operation: G1PauseCleanup done
Event: 1893.753 Executing VM operation: ICBufferFull
Event: 1893.753 Executing VM operation: ICBufferFull done
Event: 1894.122 Executing VM operation: G1CollectForAllocation (G1 Evacuation Pause)
Event: 1894.137 Executing VM operation: G1CollectForAllocation (G1 Evacuation Pause) done
Event: 1895.080 Executing VM operation: ICBufferFull
Event: 1895.080 Executing VM operation: ICBufferFull done
Event: 1895.311 Executing VM operation: G1CollectForAllocation (G1 Evacuation Pause)
Event: 1895.316 Executing VM operation: G1CollectForAllocation (G1 Evacuation Pause) done

Memory protections (0 events):
No events

Nmethod flushes (20 events):
Event: 1893.124 Thread 0x00000185259fc5c0 flushing  nmethod 0x000001851513c710
Event: 1893.124 Thread 0x00000185259fc5c0 flushing  nmethod 0x000001851533f310
Event: 1893.124 Thread 0x00000185259fc5c0 flushing  nmethod 0x0000018515341710
Event: 1893.124 Thread 0x00000185259fc5c0 flushing  nmethod 0x000001851535cb90
Event: 1893.124 Thread 0x00000185259fc5c0 flushing  nmethod 0x000001851542a990
Event: 1893.124 Thread 0x00000185259fc5c0 flushing  nmethod 0x000001851547d210
Event: 1893.124 Thread 0x00000185259fc5c0 flushing  nmethod 0x000001851596b590
Event: 1893.124 Thread 0x00000185259fc5c0 flushing  nmethod 0x000001851597f410
Event: 1893.124 Thread 0x00000185259fc5c0 flushing  nmethod 0x000001851597f790
Event: 1893.124 Thread 0x00000185259fc5c0 flushing  nmethod 0x0000018515981690
Event: 1893.124 Thread 0x00000185259fc5c0 flushing  nmethod 0x0000018515a81490
Event: 1893.124 Thread 0x00000185259fc5c0 flushing  nmethod 0x0000018515a93e10
Event: 1893.124 Thread 0x00000185259fc5c0 flushing  nmethod 0x000001851614fa10
Event: 1893.124 Thread 0x00000185259fc5c0 flushing  nmethod 0x00000185162ecd10
Event: 1893.124 Thread 0x00000185259fc5c0 flushing  nmethod 0x00000185166d1c90
Event: 1893.124 Thread 0x00000185259fc5c0 flushing  nmethod 0x00000185166d2c10
Event: 1893.124 Thread 0x00000185259fc5c0 flushing  nmethod 0x00000185166d3910
Event: 1893.124 Thread 0x00000185259fc5c0 flushing  nmethod 0x00000185166d4090
Event: 1893.124 Thread 0x00000185259fc5c0 flushing  nmethod 0x00000185166d4590
Event: 1893.124 Thread 0x00000185259fc5c0 flushing  nmethod 0x00000185166d4f10

Events (20 events):
Event: 1888.287 Thread 0x0000018502daf830 Thread added: 0x00000185031cbbe0
Event: 1888.287 Thread 0x0000018502daf830 Thread added: 0x00000185031cc270
Event: 1888.287 Thread 0x0000018502daf830 Thread added: 0x00000185031cc900
Event: 1888.288 Thread 0x0000018502daf830 Thread added: 0x000001857fea7410
Event: 1888.288 Thread 0x0000018502daf830 Thread added: 0x000001857fea8e50
Event: 1888.288 Thread 0x0000018502daf830 Thread added: 0x000001857fea66f0
Event: 1888.882 Thread 0x0000018502db1270 Thread added: 0x000001857ed52d60
Event: 1888.882 Thread 0x0000018502db1270 Thread added: 0x000001857ed54110
Event: 1888.882 Thread 0x0000018500b70cb0 Thread added: 0x0000018578d93d70
Event: 1888.882 Thread 0x0000018502db1270 Thread added: 0x0000018571732db0
Event: 1888.882 Thread 0x0000018502db1270 Thread added: 0x0000018571734e80
Event: 1888.883 Thread 0x0000018502db1270 Thread added: 0x0000018571733ad0
Event: 1888.883 Thread 0x0000018502db1270 Thread added: 0x0000018571735510
Event: 1888.883 Thread 0x0000018502db1270 Thread added: 0x0000018571733440
Event: 1888.883 Thread 0x0000018502db1270 Thread added: 0x0000018571734160
Event: 1888.884 Thread 0x0000018502db1270 Thread added: 0x00000185717347f0
Event: 1888.884 Thread 0x0000018502db1270 Thread added: 0x0000018570b26550
Event: 1888.884 Thread 0x0000018502db1270 Thread added: 0x0000018570b24b10
Event: 1888.891 Thread 0x000001856e7e3db0 Thread added: 0x0000018570b25830
Event: 1889.381 Thread 0x000001856e7e3db0 Thread added: 0x00000185719a2330


Dynamic libraries:
0x00007ff7f05f0000 - 0x00007ff7f05fe000 	C:\Users\rroob\.gradle\jdks\eclipse_adoptium-21-amd64-windows.2\bin\java.exe
0x00007ffa658b0000 - 0x00007ffa65aa8000 	C:\Windows\SYSTEM32\ntdll.dll
0x00007ffa656f0000 - 0x00007ffa657b2000 	C:\Windows\System32\KERNEL32.DLL
0x00007ffa632f0000 - 0x00007ffa635e7000 	C:\Windows\System32\KERNELBASE.dll
0x00007ffa62f50000 - 0x00007ffa63050000 	C:\Windows\System32\ucrtbase.dll
0x00007ffa34a90000 - 0x00007ffa34aa8000 	C:\Users\rroob\.gradle\jdks\eclipse_adoptium-21-amd64-windows.2\bin\jli.dll
0x00007ffa34a70000 - 0x00007ffa34a8e000 	C:\Users\rroob\.gradle\jdks\eclipse_adoptium-21-amd64-windows.2\bin\VCRUNTIME140.dll
0x00007ffa65550000 - 0x00007ffa656ed000 	C:\Windows\System32\USER32.dll
0x00007ffa635f0000 - 0x00007ffa63612000 	C:\Windows\System32\win32u.dll
0x00007ffa4fcd0000 - 0x00007ffa4ff6b000 	C:\Windows\WinSxS\amd64_microsoft.windows.common-controls_6595b64144ccf1df_6.0.19041.6926_none_60b5a53971f8f7e6\COMCTL32.dll
0x00007ffa65330000 - 0x00007ffa6535b000 	C:\Windows\System32\GDI32.dll
0x00007ffa650f0000 - 0x00007ffa6518e000 	C:\Windows\System32\msvcrt.dll
0x00007ffa630f0000 - 0x00007ffa6320a000 	C:\Windows\System32\gdi32full.dll
0x00007ffa63050000 - 0x00007ffa630ed000 	C:\Windows\System32\msvcp_win.dll
0x00007ffa639d0000 - 0x00007ffa639ff000 	C:\Windows\System32\IMM32.DLL
0x00007ffa51a20000 - 0x00007ffa51b12000 	C:\Program Files\Windhawk\Engine\1.7.3\64\windhawk.dll
0x00007ffa65360000 - 0x00007ffa65411000 	C:\Windows\System32\ADVAPI32.dll
0x00007ffa63a00000 - 0x00007ffa63a9f000 	C:\Windows\System32\sechost.dll
0x00007ffa65420000 - 0x00007ffa65546000 	C:\Windows\System32\RPCRT4.dll
0x00007ffa62f20000 - 0x00007ffa62f47000 	C:\Windows\System32\bcrypt.dll
0x00007ffa519c0000 - 0x00007ffa51a19000 	C:\ProgramData\Windhawk\Engine\Mods\64\icon-resource-redirect_1.2.4_366782.dll
0x00007ffa64ca0000 - 0x00007ffa64dcb000 	C:\Windows\System32\ole32.dll
0x00007ffa63c00000 - 0x00007ffa63f53000 	C:\Windows\System32\combase.dll
0x00007ffa64e60000 - 0x00007ffa64f36000 	C:\Windows\System32\OLEAUT32.dll
0x00007ffa63f60000 - 0x00007ffa646d1000 	C:\Windows\System32\SHELL32.dll
0x00007ffa515a0000 - 0x00007ffa515da000 	C:\ProgramData\Windhawk\Engine\Mods\64\libunwind.whl
0x00007ffa515e0000 - 0x00007ffa51789000 	C:\ProgramData\Windhawk\Engine\Mods\64\libc++.whl
0x00007ffa651a0000 - 0x00007ffa6524d000 	C:\Windows\System32\shcore.dll
0x00007ffa55ca0000 - 0x00007ffa55e54000 	C:\Windows\SYSTEM32\dui70.dll
0x00007ffa34eb0000 - 0x00007ffa34ebc000 	C:\Users\rroob\.gradle\jdks\eclipse_adoptium-21-amd64-windows.2\bin\vcruntime140_1.dll
0x00007ffa2e490000 - 0x00007ffa2e51d000 	C:\Users\rroob\.gradle\jdks\eclipse_adoptium-21-amd64-windows.2\bin\msvcp140.dll
0x00007ff9b7880000 - 0x00007ff9b8610000 	C:\Users\rroob\.gradle\jdks\eclipse_adoptium-21-amd64-windows.2\bin\server\jvm.dll
0x00007ffa647a0000 - 0x00007ffa6480b000 	C:\Windows\System32\WS2_32.dll
0x00007ffa62430000 - 0x00007ffa6247b000 	C:\Windows\SYSTEM32\POWRPROF.dll
0x00007ffa5c6c0000 - 0x00007ffa5c6ca000 	C:\Windows\SYSTEM32\VERSION.dll
0x00007ffa577d0000 - 0x00007ffa577f7000 	C:\Windows\SYSTEM32\WINMM.dll
0x00007ffa622a0000 - 0x00007ffa622b2000 	C:\Windows\SYSTEM32\UMPDC.dll
0x00007ffa60d70000 - 0x00007ffa60d82000 	C:\Windows\SYSTEM32\kernel.appcore.dll
0x00007ffa33ec0000 - 0x00007ffa33eca000 	C:\Users\rroob\.gradle\jdks\eclipse_adoptium-21-amd64-windows.2\bin\jimage.dll
0x00007ffa5b210000 - 0x00007ffa5b411000 	C:\Windows\SYSTEM32\DBGHELP.DLL
0x00007ffa3fb30000 - 0x00007ffa3fb64000 	C:\Windows\SYSTEM32\dbgcore.DLL
0x00007ffa63210000 - 0x00007ffa63292000 	C:\Windows\System32\bcryptPrimitives.dll
0x00007ffa33eb0000 - 0x00007ffa33ebf000 	C:\Users\rroob\.gradle\jdks\eclipse_adoptium-21-amd64-windows.2\bin\instrument.dll
0x00007ffa31900000 - 0x00007ffa3191f000 	C:\Users\rroob\.gradle\jdks\eclipse_adoptium-21-amd64-windows.2\bin\java.dll
0x00007ffa60f70000 - 0x00007ffa61716000 	C:\Windows\SYSTEM32\windows.storage.dll
0x00007ffa62860000 - 0x00007ffa6288b000 	C:\Windows\System32\Wldp.dll
0x00007ffa646e0000 - 0x00007ffa6473b000 	C:\Windows\System32\shlwapi.dll
0x00007ffa62e50000 - 0x00007ffa62e74000 	C:\Windows\SYSTEM32\profapi.dll
0x00007ffa27280000 - 0x00007ffa27357000 	C:\Users\rroob\.gradle\jdks\eclipse_adoptium-21-amd64-windows.2\bin\jsvml.dll
0x00007ffa318e0000 - 0x00007ffa318f8000 	C:\Users\rroob\.gradle\jdks\eclipse_adoptium-21-amd64-windows.2\bin\zip.dll
0x00007ffa31640000 - 0x00007ffa31650000 	C:\Users\rroob\.gradle\jdks\eclipse_adoptium-21-amd64-windows.2\bin\net.dll
0x00007ffa5be50000 - 0x00007ffa5bf5a000 	C:\Windows\SYSTEM32\WINHTTP.dll
0x00007ffa62610000 - 0x00007ffa6267a000 	C:\Windows\system32\mswsock.dll
0x00007ffa314c0000 - 0x00007ffa314d6000 	C:\Users\rroob\.gradle\jdks\eclipse_adoptium-21-amd64-windows.2\bin\nio.dll
0x00007ffa31630000 - 0x00007ffa31640000 	C:\Users\rroob\.gradle\jdks\eclipse_adoptium-21-amd64-windows.2\bin\verify.dll
0x00007ffa27020000 - 0x00007ffa27047000 	C:\Users\rroob\.gradle\native\660c5614fbf4a5f2a75b1949f50a0caf5cd603558e7d8a26e50b933a0cfb79d1\windows-amd64\native-platform.dll
0x00007ffa2d240000 - 0x00007ffa2d2b7000 	C:\Users\rroob\.gradle\native\0.2.8\x86_64-windows-gnu\gradle-fileevents.dll
0x00007ffa31600000 - 0x00007ffa3160a000 	C:\Users\rroob\.gradle\jdks\eclipse_adoptium-21-amd64-windows.2\bin\management.dll
0x00007ffa30ac0000 - 0x00007ffa30acb000 	C:\Users\rroob\.gradle\jdks\eclipse_adoptium-21-amd64-windows.2\bin\management_ext.dll
0x00007ffa63aa0000 - 0x00007ffa63aa8000 	C:\Windows\System32\PSAPI.DLL
0x00007ffa622c0000 - 0x00007ffa622fb000 	C:\Windows\SYSTEM32\IPHLPAPI.DLL
0x00007ffa65190000 - 0x00007ffa65198000 	C:\Windows\System32\NSI.dll
0x00007ffa30ab0000 - 0x00007ffa30ab9000 	C:\Users\rroob\.gradle\jdks\eclipse_adoptium-21-amd64-windows.2\bin\extnet.dll
0x00007ffa628a0000 - 0x00007ffa628b8000 	C:\Windows\SYSTEM32\CRYPTSP.dll
0x00007ffa61ee0000 - 0x00007ffa61f18000 	C:\Windows\system32\rsaenh.dll
0x00007ffa62dc0000 - 0x00007ffa62dee000 	C:\Windows\SYSTEM32\USERENV.dll
0x00007ffa627d0000 - 0x00007ffa627dc000 	C:\Windows\SYSTEM32\CRYPTBASE.dll
0x00007ffa30aa0000 - 0x00007ffa30aae000 	C:\Users\rroob\.gradle\jdks\eclipse_adoptium-21-amd64-windows.2\bin\sunmscapi.dll
0x00007ffa636a0000 - 0x00007ffa637fd000 	C:\Windows\System32\CRYPT32.dll
0x00007ffa629b0000 - 0x00007ffa629d7000 	C:\Windows\SYSTEM32\ncrypt.dll
0x00007ffa62970000 - 0x00007ffa629ab000 	C:\Windows\SYSTEM32\NTASN1.dll
0x00007ffa057f0000 - 0x00007ffa057f7000 	C:\Windows\system32\wshunix.dll
0x00007ffa36cf0000 - 0x00007ffa36cf7000 	C:\Users\rroob\.gradle\jdks\eclipse_adoptium-21-amd64-windows.2\bin\rmi.dll
0x00007ffa62130000 - 0x00007ffa62163000 	C:\Windows\SYSTEM32\ntmarta.dll
0x00007ffa62300000 - 0x00007ffa623ca000 	C:\Windows\SYSTEM32\DNSAPI.dll
0x00000000677d0000 - 0x00000000677f6000 	C:\Program Files\Bonjour\mdnsNSP.dll
0x00007ffa5c830000 - 0x00007ffa5c83a000 	C:\Windows\System32\rasadhlp.dll
0x00007ffa5ae20000 - 0x00007ffa5aea0000 	C:\Windows\System32\fwpuclnt.dll

dbghelp: loaded successfully - version: 4.0.5 - missing functions: none
symbol engine: initialized successfully - sym options: 0x614 - pdb path: .;C:\Users\rroob\.gradle\jdks\eclipse_adoptium-21-amd64-windows.2\bin;C:\Windows\SYSTEM32;C:\Windows\WinSxS\amd64_microsoft.windows.common-controls_6595b64144ccf1df_6.0.19041.6926_none_60b5a53971f8f7e6;C:\Program Files\Windhawk\Engine\1.7.3\64;C:\ProgramData\Windhawk\Engine\Mods\64;C:\Users\rroob\.gradle\jdks\eclipse_adoptium-21-amd64-windows.2\bin\server;C:\Users\rroob\.gradle\native\660c5614fbf4a5f2a75b1949f50a0caf5cd603558e7d8a26e50b933a0cfb79d1\windows-amd64;C:\Users\rroob\.gradle\native\0.2.8\x86_64-windows-gnu;C:\Program Files\Bonjour

VM Arguments:
jvm_args: --add-opens=java.base/java.lang=ALL-UNNAMED --add-opens=java.base/java.lang.invoke=ALL-UNNAMED --add-opens=java.base/java.util=ALL-UNNAMED --add-opens=java.prefs/java.util.prefs=ALL-UNNAMED --add-exports=jdk.compiler/com.sun.tools.javac.api=ALL-UNNAMED --add-exports=jdk.compiler/com.sun.tools.javac.util=ALL-UNNAMED --add-opens=java.base/java.util=ALL-UNNAMED --add-opens=java.prefs/java.util.prefs=ALL-UNNAMED --add-opens=java.base/java.nio.charset=ALL-UNNAMED --add-opens=java.base/java.net=ALL-UNNAMED --add-opens=java.base/java.util.concurrent=ALL-UNNAMED --add-opens=java.base/java.util.concurrent.atomic=ALL-UNNAMED --add-opens=java.xml/javax.xml.namespace=ALL-UNNAMED --add-opens=java.base/java.time=ALL-UNNAMED -Xmx2048m -Dfile.encoding=UTF-8 -Duser.country=US -Duser.language=en -Duser.variant -javaagent:C:\Users\rroob\.gradle\wrapper\dists\gradle-9.3.1-bin\23ovyewtku6u96viwx3xl3oks\gradle-9.3.1\lib\agents\gradle-instrumentation-agent-9.3.1.jar 
java_command: org.gradle.launcher.daemon.bootstrap.GradleDaemon 9.3.1
java_class_path (initial): C:\Users\rroob\.gradle\wrapper\dists\gradle-9.3.1-bin\23ovyewtku6u96viwx3xl3oks\gradle-9.3.1\lib\gradle-daemon-main-9.3.1.jar
Launcher Type: SUN_STANDARD

[Global flags]
     intx CICompilerCount                          = 12                                        {product} {ergonomic}
     uint ConcGCThreads                            = 3                                         {product} {ergonomic}
     uint G1ConcRefinementThreads                  = 13                                        {product} {ergonomic}
   size_t G1HeapRegionSize                         = 1048576                                   {product} {ergonomic}
    uintx GCDrainStackTargetSize                   = 64                                        {product} {ergonomic}
   size_t InitialHeapSize                          = 536870912                                 {product} {ergonomic}
   size_t MarkStackSize                            = 4194304                                   {product} {ergonomic}
   size_t MaxHeapSize                              = 2147483648                                {product} {command line}
   size_t MaxNewSize                               = 1287651328                                {product} {ergonomic}
   size_t MinHeapDeltaBytes                        = 1048576                                   {product} {ergonomic}
   size_t MinHeapSize                              = 8388608                                   {product} {ergonomic}
    uintx NonNMethodCodeHeapSize                   = 7602480                                {pd product} {ergonomic}
    uintx NonProfiledCodeHeapSize                  = 122027880                              {pd product} {ergonomic}
    uintx ProfiledCodeHeapSize                     = 122027880                              {pd product} {ergonomic}
    uintx ReservedCodeCacheSize                    = 251658240                              {pd product} {ergonomic}
     bool SegmentedCodeCache                       = true                                      {product} {ergonomic}
   size_t SoftMaxHeapSize                          = 2147483648                             {manageable} {ergonomic}
     bool UseCompressedOops                        = true                           {product lp64_product} {ergonomic}
     bool UseG1GC                                  = true                                      {product} {ergonomic}
     bool UseLargePagesIndividualAllocation        = false                                  {pd product} {ergonomic}

Logging:
Log output configuration:
 #0: stdout all=warning uptime,level,tags foldmultilines=false
 #1: stderr all=off uptime,level,tags foldmultilines=false

Environment Variables:
PATH=C:\Python314\Scripts;H:\Microsoft VS Code;C:\Python314\Scripts\;C:\Python314\;C:\Program Files (x86)\Common Files\Oracle\Java\javapath;C:\Windows\system32;C:\Windows;C:\Windows\System32\Wbem;C:\Windows\System32\WindowsPowerShell\v1.0\;C:\Windows\System32\OpenSSH\;C:\Program Files (x86)\NVIDIA Corporation\PhysX\Common;C:\Program Files\dotnet\;C:\Program Files\NVIDIA Corporation\NVIDIA app\NvDLISR;C:\Program Files\Docker\Docker\resources\bin;C:\ProgramData\chocolatey\bin;C:\Program Files\Git\cmd;H:\nodejs;C:\Program Files\Tailscale\;H:\nodejs\;H:\Github CLI\;C:\Users\rroob\AppData\Local\Programs\Python\Python313\Scripts\;C:\Users\rroob\AppData\Local\Programs\Python\Python313\;C:\Users\rroob\AppData\Local\Microsoft\WindowsApps;C:\Users\rroob\AppData\Local\Muse Hub\lib;C:\Users\rroob\AppData\Local\PowerToys\DSCModules\;H:\Microsoft VS Code\bin;C:\Users\rroob\AppData\Roaming\npm
USERNAME=rroob
OS=Windows_NT
PROCESSOR_IDENTIFIER=AMD64 Family 25 Model 33 Stepping 2, AuthenticAMD
TMP=C:\Users\rroob\AppData\Local\Temp
TEMP=C:\Users\rroob\AppData\Local\Temp




Periodic native trim disabled

---------------  S Y S T E M  ---------------

OS:
 Windows 10 , 64 bit Build 19041 (10.0.19041.7181)
OS uptime: 0 days 7:31 hours
Hyper-V role detected

CPU: total 16 (initial active 16) (16 cores per cpu, 2 threads per core) family 25 model 33 stepping 2 microcode 0x0, cx8, cmov, fxsr, ht, mmx, 3dnowpref, sse, sse2, sse3, ssse3, sse4a, sse4.1, sse4.2, popcnt, lzcnt, tsc, tscinvbit, avx, avx2, aes, erms, clmul, bmi1, bmi2, adx, sha, fma, vzeroupper, clflush, clflushopt, hv, rdtscp, rdpid, fsrm, f16c, cet_ss
Processor Information for the first 16 processors :
  Max Mhz: 3401, Current Mhz: 3401, Mhz Limit: 3401

Memory: 4k page, system-wide physical 32687M (4614M free)
TotalPageFile size 32687M (AvailPageFile size 57M)
current process WorkingSet (physical memory assigned to process): 1923M, peak: 1936M
current process commit charge ("private bytes"): 1999M, peak: 2015M

vm_info: OpenJDK 64-Bit Server VM (21.0.7+6-LTS) for windows-amd64 JRE (21.0.7+6-LTS), built on 2025-04-15T00:00:00Z by "admin" with MS VC++ 17.7 (VS2022)

END.
